{
    "annotations": {
        "list": [
            {
                "builtIn": 1,
                "datasource": "-- Grafana --",
                "enable": true,
                "hide": false,
                "iconColor": "#e0752d",
                "limit": 100,
                "name": "PMM Annotations",
                "showIn": 0,
                "tags": [
                    "pmm_annotation"
                ],
                "type": "tags"
            }
        ]
    },
    "editable": true,
    "gnetId": null,
    "graphTooltip": 1,
    "id": null,
    "iteration": 1529322249456,
    "links": [
        {
            "icon": "dashboard",
            "includeVars": true,
            "keepTime": true,
            "tags": [
                "QAN"
            ],
            "targetBlank": false,
            "title": "Query Analytics",
            "type": "link",
            "url": "/graph/dashboard/db/_pmm-query-analytics"
        },
        {
            "asDropdown": true,
            "includeVars": true,
            "keepTime": true,
            "tags": [
                "OS"
            ],
            "targetBlank": false,
            "title": "OS",
            "type": "dashboards"
        },
        {
            "asDropdown": true,
            "includeVars": true,
            "keepTime": true,
            "tags": [
                "MySQL"
            ],
            "targetBlank": false,
            "title": "MySQL",
            "type": "dashboards"
        },
        {
            "asDropdown": true,
            "includeVars": true,
            "keepTime": true,
            "tags": [
                "MongoDB"
            ],
            "targetBlank": false,
            "title": "MongoDB",
            "type": "dashboards"
        },
        {
            "asDropdown": true,
            "includeVars": true,
            "keepTime": true,
            "tags": [
                "HA"
            ],
            "targetBlank": false,
            "title": "HA",
            "type": "dashboards"
        },
        {
            "asDropdown": true,
            "includeVars": true,
            "keepTime": true,
            "tags": [
                "Cloud"
            ],
            "targetBlank": false,
            "title": "Cloud",
            "type": "dashboards"
        },
        {
            "asDropdown": true,
            "includeVars": true,
            "keepTime": true,
            "tags": [
                "Insight"
            ],
            "targetBlank": false,
            "title": "Insight",
            "type": "dashboards"
        },
        {
            "asDropdown": true,
            "includeVars": true,
            "keepTime": true,
            "tags": [
                "PMM"
            ],
            "targetBlank": false,
            "title": "PMM",
            "type": "dashboards"
        }
    ],
    "panels": [
        {
            "collapsed": false,
            "gridPos": {
                "h": 1,
                "w": 24,
                "x": 0,
                "y": 0
            },
            "id": 22,
            "panels": [],
            "repeat": null,
            "title": "",
            "type": "row"
        },
        {
            "cacheTimeout": null,
            "colorBackground": false,
            "colorValue": true,
            "colors": [
                "rgba(245, 54, 54, 0.9)",
                "rgba(237, 129, 40, 0.89)",
                "rgba(50, 172, 45, 0.97)"
            ],
            "datasource": "CloudWatch",
            "decimals": 1,
            "description": "The amount of time that the instance has been running.",
            "format": "s",
            "gauge": {
                "maxValue": 100,
                "minValue": 0,
                "show": false,
                "thresholdLabels": false,
                "thresholdMarkers": true
            },
            "gridPos": {
                "h": 4,
                "w": 6,
                "x": 0,
                "y": 1
            },
            "height": "125px",
            "id": 14,
            "interval": null,
            "links": [],
            "mappingType": 1,
            "mappingTypes": [
                {
                    "name": "value to text",
                    "value": 1
                },
                {
                    "name": "range to text",
                    "value": 2
                }
            ],
            "maxDataPoints": 100,
            "nullPointMode": "connected",
            "nullText": null,
            "postfix": "s",
            "postfixFontSize": "80%",
            "prefix": "",
            "prefixFontSize": "80%",
            "rangeMaps": [
                {
                    "from": "null",
                    "text": "N/A",
                    "to": "null"
                }
            ],
            "sparkline": {
                "fillColor": "rgba(31, 118, 189, 0.18)",
                "full": false,
                "lineColor": "rgb(31, 120, 193)",
                "show": false
            },
            "tableColumn": "",
            "targets": [
                {
                    "alias": "Engine Uptime",
                    "dimensions": {
                        "DBInstanceIdentifier": "$instance"
                    },
                    "expr": "",
                    "format": "time_series",
                    "intervalFactor": 2,
                    "metricName": "EngineUptime",
                    "namespace": "AWS/RDS",
                    "period": "60",
                    "refId": "A",
                    "region": "$region",
                    "statistics": [
                        "Average"
                    ]
                }
            ],
            "thresholds": "300,3600",
            "title": "Engine Uptime",
            "type": "singlestat",
            "valueFontSize": "80%",
            "valueMaps": [
                {
                    "op": "=",
                    "text": "N/A",
                    "value": "null"
                }
            ],
            "valueName": "current"
        },
        {
            "cacheTimeout": null,
            "colorBackground": false,
            "colorValue": true,
            "colors": [
                "rgba(50, 172, 45, 0.97)",
                "rgba(237, 129, 40, 0.89)",
                "rgba(245, 54, 54, 0.9)"
            ],
            "datasource": "CloudWatch",
            "decimals": null,
            "description": "The percentage of CPU used by an Aurora MySQL DB instance.",
            "format": "percent",
            "gauge": {
                "maxValue": 100,
                "minValue": 0,
                "show": false,
                "thresholdLabels": false,
                "thresholdMarkers": true
            },
            "gridPos": {
                "h": 4,
                "w": 6,
                "x": 6,
                "y": 1
            },
            "height": "125px",
            "id": 15,
            "interval": null,
            "links": [],
            "mappingType": 1,
            "mappingTypes": [
                {
                    "name": "value to text",
                    "value": 1
                },
                {
                    "name": "range to text",
                    "value": 2
                }
            ],
            "maxDataPoints": 100,
            "nullPointMode": "connected",
            "nullText": null,
            "postfix": "",
            "postfixFontSize": "80%",
            "prefix": "",
            "prefixFontSize": "80%",
            "rangeMaps": [
                {
                    "from": "null",
                    "text": "N/A",
                    "to": "null"
                }
            ],
            "sparkline": {
                "fillColor": "rgba(31, 118, 189, 0.18)",
                "full": false,
                "lineColor": "rgb(31, 120, 193)",
                "show": true
            },
            "tableColumn": "",
            "targets": [
                {
                    "alias": "",
                    "dimensions": {
                        "DBInstanceIdentifier": "$instance"
                    },
                    "expr": "",
                    "format": "time_series",
                    "intervalFactor": 2,
                    "metricName": "CPUUtilization",
                    "namespace": "AWS/RDS",
                    "period": "60",
                    "refId": "A",
                    "region": "$region",
                    "statistics": [
                        "Average"
                    ]
                }
            ],
            "thresholds": "60,80",
            "title": "CPU Utilization",
            "type": "singlestat",
            "valueFontSize": "80%",
            "valueMaps": [
                {
                    "op": "=",
                    "text": "N/A",
                    "value": "null"
                }
            ],
            "valueName": "current"
        },
        {
            "cacheTimeout": null,
            "colorBackground": false,
            "colorValue": false,
            "colors": [
                "rgba(245, 54, 54, 0.9)",
                "rgba(237, 129, 40, 0.89)",
                "rgba(50, 172, 45, 0.97)"
            ],
            "datasource": "CloudWatch",
            "decimals": 2,
            "description": "The average number of queries executed per second.",
            "format": "short",
            "gauge": {
                "maxValue": 100,
                "minValue": 0,
                "show": false,
                "thresholdLabels": false,
                "thresholdMarkers": true
            },
            "gridPos": {
                "h": 4,
                "w": 6,
                "x": 12,
                "y": 1
            },
            "height": "125px",
            "id": 17,
            "interval": null,
            "links": [],
            "mappingType": 1,
            "mappingTypes": [
                {
                    "name": "value to text",
                    "value": 1
                },
                {
                    "name": "range to text",
                    "value": 2
                }
            ],
            "maxDataPoints": 100,
            "nullPointMode": "connected",
            "nullText": null,
            "postfix": "",
            "postfixFontSize": "50%",
            "prefix": "",
            "prefixFontSize": "80%",
            "rangeMaps": [
                {
                    "from": "null",
                    "text": "N/A",
                    "to": "null"
                }
            ],
            "sparkline": {
                "fillColor": "rgba(31, 118, 189, 0.18)",
                "full": false,
                "lineColor": "rgb(31, 120, 193)",
                "show": true
            },
            "tableColumn": "",
            "targets": [
                {
                    "alias": "QPS",
                    "dimensions": {
                        "DBInstanceIdentifier": "$instance"
                    },
                    "expr": "",
                    "intervalFactor": 2,
                    "metricName": "Queries",
                    "namespace": "AWS/RDS",
                    "period": "60",
                    "refId": "A",
                    "region": "$region",
                    "statistics": [
                        "Average"
                    ]
                }
            ],
            "thresholds": "",
            "title": "Current QPS",
            "type": "singlestat",
            "valueFontSize": "80%",
            "valueMaps": [
                {
                    "op": "=",
                    "text": "0.00",
                    "value": "null"
                }
            ],
            "valueName": "current"
        },
        {
            "cacheTimeout": null,
            "colorBackground": false,
            "colorValue": false,
            "colors": [
                "rgba(245, 54, 54, 0.9)",
                "rgba(237, 129, 40, 0.89)",
                "rgba(50, 172, 45, 0.97)"
            ],
            "datasource": "CloudWatch",
            "decimals": null,
            "description": "The amount of available random access memory, in bytes.",
            "format": "bytes",
            "gauge": {
                "maxValue": 100,
                "minValue": 0,
                "show": false,
                "thresholdLabels": false,
                "thresholdMarkers": true
            },
            "gridPos": {
                "h": 4,
                "w": 6,
                "x": 18,
                "y": 1
            },
            "height": "125px",
            "id": 16,
            "interval": null,
            "links": [],
            "mappingType": 1,
            "mappingTypes": [
                {
                    "name": "value to text",
                    "value": 1
                },
                {
                    "name": "range to text",
                    "value": 2
                }
            ],
            "maxDataPoints": 100,
            "nullPointMode": "connected",
            "nullText": null,
            "postfix": "",
            "postfixFontSize": "80%",
            "prefix": "",
            "prefixFontSize": "80%",
            "rangeMaps": [
                {
                    "from": "null",
                    "text": "N/A",
                    "to": "null"
                }
            ],
            "sparkline": {
                "fillColor": "rgba(31, 118, 189, 0.18)",
                "full": false,
                "lineColor": "rgb(31, 120, 193)",
                "show": true
            },
            "tableColumn": "",
            "targets": [
                {
                    "alias": "Engine Uptime",
                    "dimensions": {
                        "DBInstanceIdentifier": "$instance"
                    },
                    "expr": "",
                    "format": "time_series",
                    "intervalFactor": 2,
                    "metricName": "FreeableMemory",
                    "namespace": "AWS/RDS",
                    "period": "60",
                    "refId": "A",
                    "region": "$region",
                    "statistics": [
                        "Average"
                    ]
                }
            ],
            "thresholds": "",
            "title": "FreeableMemory",
            "type": "singlestat",
            "valueFontSize": "80%",
            "valueMaps": [
                {
                    "op": "=",
                    "text": "N/A",
                    "value": "null"
                }
            ],
            "valueName": "current"
        },
        {
            "collapsed": true,
            "gridPos": {
                "h": 1,
                "w": 24,
                "x": 0,
                "y": 5
            },
            "id": 23,
            "panels": [
                {
                    "content": "Amazon provides 1 million CloudWatch API requests each month at no additional charge. Past this, it costs $0.01 per 1,000 requests. This dashboard does 15 requests on each refresh.",
                    "datasource": "CloudWatch",
                    "editable": true,
                    "error": false,
                    "gridPos": {
                        "h": 3,
                        "w": 24,
                        "x": 0,
                        "y": 6
                    },
                    "height": "50px",
                    "id": 12,
                    "links": [],
                    "mode": "markdown",
                    "title": "",
                    "transparent": true,
                    "type": "text"
                }
            ],
            "repeat": null,
            "title": "Cost",
            "type": "row"
        },
        {
            "collapsed": false,
            "gridPos": {
                "h": 1,
                "w": 24,
                "x": 0,
                "y": 6
            },
            "id": 24,
            "panels": [],
            "repeat": null,
            "title": "CPU",
            "type": "row"
        },
        {
            "aliasColors": {
                "CPU": "#E24D42"
            },
            "bars": false,
            "dashLength": 10,
            "dashes": false,
            "datasource": "CloudWatch",
            "description": "The percentage of CPU used by an Aurora MySQL DB instance.",
            "editable": true,
            "error": false,
            "fill": 2,
            "grid": {},
            "gridPos": {
                "h": 7,
                "w": 12,
                "x": 0,
                "y": 7
            },
            "id": 2,
            "legend": {
                "alignAsTable": true,
                "avg": true,
                "current": false,
                "max": true,
                "min": true,
                "show": true,
                "total": false,
                "values": true
            },
            "lines": true,
            "linewidth": 2,
            "links": [],
            "nullPointMode": "null",
            "percentage": false,
            "pointradius": 5,
            "points": false,
            "renderer": "flot",
            "seriesOverrides": [],
            "spaceLength": 10,
            "stack": false,
            "steppedLine": false,
            "targets": [
                {
                    "alias": "CPU",
                    "dimensions": {
                        "DBInstanceIdentifier": "$instance"
                    },
                    "expr": "",
                    "intervalFactor": 2,
                    "metricName": "CPUUtilization",
                    "namespace": "AWS/RDS",
                    "period": "60",
                    "refId": "A",
                    "region": "$region",
                    "statistics": [
                        "Average"
                    ]
                }
            ],
            "thresholds": [],
            "timeFrom": null,
            "timeShift": null,
            "title": "CPU Utilization",
            "tooltip": {
                "msResolution": false,
                "shared": true,
                "sort": 0,
                "value_type": "cumulative"
            },
            "type": "graph",
            "xaxis": {
                "buckets": null,
                "mode": "time",
                "name": null,
                "show": true,
                "values": []
            },
            "yaxes": [
                {
                    "format": "percent",
                    "label": null,
                    "logBase": 1,
                    "max": null,
                    "min": 0,
                    "show": true
                },
                {
                    "format": "short",
                    "label": null,
                    "logBase": 1,
                    "max": null,
                    "min": null,
                    "show": true
                }
            ],
            "yaxis": {
                "align": false,
                "alignLevel": null
            }
        },
        {
            "aliasColors": {
                "Credits Accumulated": "#447EBC",
                "Credits Consumed": "#E0752D"
            },
            "bars": false,
            "dashLength": 10,
            "dashes": false,
            "datasource": "CloudWatch",
            "description": "`CPUCreditBalance /  Credits Accumulated ` - \nThe number of CPU credits that an instance has accumulated. This metric applies only to db.t2.small and db.t2.medium instances. It's used to determine how long an Aurora MySQL DB instance can burst beyond its baseline performance level at a given rate.\n\n`CPUCreditUsage / Credits Consumed` - \nThe number of CPU credits consumed during the specified period. This metric applies only to db.t2.small and db.t2.medium instances. It identifies the amount of time during which physical CPUs have been used for processing instructions by virtual CPUs allocated to the Aurora MySQL DB instance.",
            "editable": true,
            "error": false,
            "fill": 2,
            "grid": {},
            "gridPos": {
                "h": 7,
                "w": 12,
                "x": 12,
                "y": 7
            },
            "id": 11,
            "legend": {
                "alignAsTable": true,
                "avg": true,
                "current": true,
                "max": true,
                "min": true,
                "rightSide": false,
                "show": true,
                "total": false,
                "values": true
            },
            "lines": true,
            "linewidth": 2,
            "links": [],
            "nullPointMode": "null",
            "percentage": false,
            "pointradius": 5,
            "points": false,
            "renderer": "flot",
            "seriesOverrides": [],
            "spaceLength": 10,
            "stack": false,
            "steppedLine": false,
            "targets": [
                {
                    "alias": "Credits Accumulated",
                    "dimensions": {
                        "DBInstanceIdentifier": "$instance"
                    },
                    "expr": "",
                    "intervalFactor": 2,
                    "metricName": "CPUCreditBalance",
                    "namespace": "AWS/RDS",
                    "period": "300",
                    "refId": "B",
                    "region": "$region",
                    "statistics": [
                        "Average"
                    ]
                },
                {
                    "alias": "Credits Consumed",
                    "dimensions": {
                        "DBInstanceIdentifier": "$instance"
                    },
                    "expr": "",
                    "intervalFactor": 2,
                    "metricName": "CPUCreditUsage",
                    "namespace": "AWS/RDS",
                    "period": "300",
                    "refId": "C",
                    "region": "$region",
                    "statistics": [
                        "Average"
                    ]
                }
            ],
            "thresholds": [],
            "timeFrom": null,
            "timeShift": null,
            "title": "CPU Credit Usage",
            "tooltip": {
                "msResolution": false,
                "shared": true,
                "sort": 0,
                "value_type": "cumulative"
            },
            "type": "graph",
            "xaxis": {
                "buckets": null,
                "mode": "time",
                "name": null,
                "show": true,
                "values": []
            },
            "yaxes": [
                {
                    "format": "short",
                    "label": null,
                    "logBase": 1,
                    "max": null,
                    "min": 0,
                    "show": true
                },
                {
                    "format": "percent",
                    "label": null,
                    "logBase": 1,
                    "max": null,
                    "min": null,
                    "show": false
                }
            ],
            "yaxis": {
                "align": false,
                "alignLevel": null
            }
        },
        {
            "collapsed": false,
            "gridPos": {
                "h": 1,
                "w": 24,
                "x": 0,
                "y": 14
            },
            "id": 25,
            "panels": [],
            "repeat": null,
            "title": "New row",
            "type": "row"
        },
        {
            "aliasColors": {},
            "bars": false,
            "dashLength": 10,
            "dashes": false,
            "datasource": "CloudWatch",
            "description": "`NetworkReceiveThroughput` - \nThe amount of network throughput received from clients by each instance in the Aurora MySQL DB cluster, in bytes per second. This throughput doesn't include network traffic between instances in the Aurora MySQL DB cluster and the cluster volume.\n\n`NetworkThroughput` - \nThe amount of network throughput both received from and transmitted to clients by each instance in the Aurora MySQL DB cluster, in bytes per second. This throughput doesn't include network traffic between instances in the DB cluster and the cluster volume.",
            "editable": true,
            "error": false,
            "fill": 2,
            "grid": {},
            "gridPos": {
                "h": 7,
                "w": 12,
                "x": 0,
                "y": 15
            },
            "id": 10,
            "legend": {
                "alignAsTable": true,
                "avg": true,
                "current": false,
                "max": true,
                "min": true,
                "show": true,
                "total": false,
                "values": true
            },
            "lines": true,
            "linewidth": 2,
            "links": [],
            "nullPointMode": "null",
            "percentage": false,
            "pointradius": 5,
            "points": false,
            "renderer": "flot",
            "seriesOverrides": [],
            "spaceLength": 10,
            "stack": false,
            "steppedLine": false,
            "targets": [
                {
                    "alias": "Inbound",
                    "dimensions": {
                        "DBInstanceIdentifier": "$instance"
                    },
                    "expr": "",
                    "intervalFactor": 2,
                    "metricName": "NetworkReceiveThroughput",
                    "namespace": "AWS/RDS",
                    "period": "60",
                    "refId": "A",
                    "region": "$region",
                    "statistics": [
                        "Average"
                    ]
                },
                {
                    "alias": "Outbound",
                    "dimensions": {
                        "DBInstanceIdentifier": "$instance"
                    },
                    "expr": "",
                    "intervalFactor": 2,
                    "metricName": "NetworkTransmitThroughput",
                    "namespace": "AWS/RDS",
                    "period": "60",
                    "refId": "B",
                    "region": "$region",
                    "statistics": [
                        "Average"
                    ]
                }
            ],
            "thresholds": [],
            "timeFrom": null,
            "timeShift": null,
            "title": "Network Traffic",
            "tooltip": {
                "msResolution": false,
                "shared": true,
                "sort": 0,
                "value_type": "cumulative"
            },
            "type": "graph",
            "xaxis": {
                "buckets": null,
                "mode": "time",
                "name": null,
                "show": true,
                "values": []
            },
            "yaxes": [
                {
                    "format": "Bps",
                    "label": null,
                    "logBase": 1,
                    "max": null,
                    "min": 0,
                    "show": true
                },
                {
                    "format": "short",
                    "label": null,
                    "logBase": 1,
                    "max": null,
                    "min": null,
                    "show": true
                }
            ],
            "yaxis": {
                "align": false,
                "alignLevel": null
            }
        },
        {
            "aliasColors": {},
            "bars": false,
            "dashLength": 10,
            "dashes": false,
            "datasource": "CloudWatch",
            "description": "The amount of available random access memory, in bytes.",
            "editable": true,
            "error": false,
            "fill": 2,
            "grid": {},
            "gridPos": {
                "h": 7,
                "w": 12,
                "x": 12,
                "y": 15
            },
            "id": 7,
            "legend": {
                "alignAsTable": true,
                "avg": true,
                "current": false,
                "max": true,
                "min": true,
                "show": true,
                "total": false,
                "values": true
            },
            "lines": true,
            "linewidth": 2,
            "links": [],
            "nullPointMode": "null",
            "percentage": false,
            "pointradius": 5,
            "points": false,
            "renderer": "flot",
            "seriesOverrides": [],
            "spaceLength": 10,
            "stack": false,
            "steppedLine": false,
            "targets": [
                {
                    "alias": "Available",
                    "dimensions": {
                        "DBInstanceIdentifier": "$instance"
                    },
                    "expr": "",
                    "intervalFactor": 2,
                    "metricName": "FreeableMemory",
                    "namespace": "AWS/RDS",
                    "period": "60",
                    "refId": "A",
                    "region": "$region",
                    "statistics": [
                        "Average"
                    ]
                }
            ],
            "thresholds": [],
            "timeFrom": null,
            "timeShift": null,
            "title": "Memory",
            "tooltip": {
                "msResolution": false,
                "shared": true,
                "sort": 0,
                "value_type": "cumulative"
            },
            "type": "graph",
            "xaxis": {
                "buckets": null,
                "mode": "time",
                "name": null,
                "show": true,
                "values": []
            },
            "yaxes": [
                {
                    "format": "bytes",
                    "label": null,
                    "logBase": 1,
                    "max": null,
                    "min": 0,
                    "show": true
                },
                {
                    "format": "short",
                    "label": null,
                    "logBase": 1,
                    "max": null,
                    "min": null,
                    "show": true
                }
            ],
            "yaxis": {
                "align": false,
                "alignLevel": null
            }
        },
        {
            "collapsed": false,
            "gridPos": {
                "h": 1,
                "w": 24,
                "x": 0,
                "y": 22
            },
            "id": 26,
            "panels": [],
            "repeat": null,
            "title": "Aurora MySQL Metrics",
            "type": "row"
        },
        {
            "aliasColors": {},
            "bars": false,
            "dashLength": 10,
            "dashes": false,
            "datasource": "CloudWatch",
            "description": "`ActiveTransactions` - \nThe average number of current transactions executing on an Aurora MySQL DB instance per second.\n\n`BlockedTransactions` - \nThe average number of transactions in the database that are blocked per second.",
            "fill": 2,
            "gridPos": {
                "h": 7,
                "w": 12,
                "x": 0,
                "y": 23
            },
            "height": "250px",
            "id": 18,
            "legend": {
                "alignAsTable": true,
                "avg": true,
                "current": false,
                "max": true,
                "min": true,
                "show": true,
                "total": false,
                "values": true
            },
            "lines": true,
            "linewidth": 2,
            "links": [],
            "nullPointMode": "null",
            "percentage": false,
            "pointradius": 5,
            "points": false,
            "renderer": "flot",
            "seriesOverrides": [],
            "spaceLength": 10,
            "stack": false,
            "steppedLine": false,
            "targets": [
                {
                    "alias": "Active Transactions",
                    "dimensions": {
                        "DBClusterIdentifier": "$instance"
                    },
                    "metricName": "ActiveTransactions",
                    "namespace": "AWS/RDS",
                    "period": "60",
                    "refId": "B",
                    "region": "$region",
                    "statistics": [
                        "Average"
                    ]
                },
                {
                    "alias": "Blocked Transactions",
                    "dimensions": {
                        "DBInstanceIdentifier": "$instance"
                    },
                    "metricName": "BlockedTransactions",
                    "namespace": "AWS/RDS",
                    "period": "60",
                    "refId": "A",
                    "region": "$region",
                    "statistics": [
                        "Average"
                    ]
                }
            ],
            "thresholds": [],
            "timeFrom": null,
            "timeShift": null,
            "title": "Active / Blocked Transactions",
            "tooltip": {
                "shared": true,
                "sort": 0,
                "value_type": "individual"
            },
            "type": "graph",
            "xaxis": {
                "buckets": null,
                "mode": "time",
                "name": null,
                "show": true,
                "values": []
            },
            "yaxes": [
                {
                    "format": "short",
                    "label": null,
                    "logBase": 1,
                    "max": null,
                    "min": null,
                    "show": true
                },
                {
                    "format": "short",
                    "label": null,
                    "logBase": 1,
                    "max": null,
                    "min": null,
                    "show": true
                }
            ],
            "yaxis": {
                "align": false,
                "alignLevel": null
            }
        },
        {
            "aliasColors": {},
            "bars": false,
            "dashLength": 10,
            "dashes": false,
            "datasource": "CloudWatch",
            "description": "The number of connections to an Aurora MySQL DB instance.",
            "fill": 2,
            "gridPos": {
                "h": 7,
                "w": 12,
                "x": 12,
                "y": 23
            },
            "height": "250px",
            "id": 19,
            "legend": {
                "alignAsTable": true,
                "avg": true,
                "current": false,
                "max": true,
                "min": true,
                "show": true,
                "total": false,
                "values": true
            },
            "lines": true,
            "linewidth": 2,
            "links": [],
            "nullPointMode": "null",
            "percentage": false,
            "pointradius": 5,
            "points": false,
            "renderer": "flot",
            "seriesOverrides": [],
            "spaceLength": 10,
            "stack": false,
            "steppedLine": false,
            "targets": [
                {
                    "alias": "Database Connections",
                    "dimensions": {
                        "DBInstanceIdentifier": "$instance"
                    },
                    "expr": "",
                    "intervalFactor": 2,
                    "metricName": "DatabaseConnections",
                    "namespace": "AWS/RDS",
                    "period": "60",
                    "refId": "A",
                    "region": "$region",
                    "statistics": [
                        "Average"
                    ]
                }
            ],
            "thresholds": [],
            "timeFrom": null,
            "timeShift": null,
            "title": "Database Connections",
            "tooltip": {
                "shared": true,
                "sort": 0,
                "value_type": "individual"
            },
            "type": "graph",
            "xaxis": {
                "buckets": null,
                "mode": "time",
                "name": null,
                "show": true,
                "values": []
            },
            "yaxes": [
                {
                    "format": "short",
                    "label": null,
                    "logBase": 1,
                    "max": null,
                    "min": null,
                    "show": true
                },
                {
                    "format": "short",
                    "label": null,
                    "logBase": 1,
                    "max": null,
                    "min": null,
                    "show": true
                }
            ],
            "yaxis": {
                "align": false,
                "alignLevel": null
            }
        },
        {
            "aliasColors": {},
            "bars": false,
            "dashLength": 10,
            "dashes": false,
            "datasource": "CloudWatch",
            "description": "`Aurora Replica Lag` - \nFor an Aurora MySQL Replica, the amount of lag when replicating updates from the primary instance, in milliseconds.\n\n`AuroraBinlogReplicaLag` - \nThe amount of time an Aurora MySQL DB cluster lags behind the source DB cluster.\n\nThis metric reports the value of the Seconds_Behind_Master field of the MySQL SHOW SLAVE STATUS command and is useful for monitoring replica lag between Aurora DB clusters that are replicating across different AWS regions.",
            "fill": 2,
            "gridPos": {
                "h": 7,
                "w": 12,
                "x": 0,
                "y": 30
            },
            "height": "250px",
            "id": 20,
            "legend": {
                "alignAsTable": true,
                "avg": true,
                "current": true,
                "max": true,
                "min": true,
                "show": true,
                "total": false,
                "values": true
            },
            "lines": true,
            "linewidth": 2,
            "links": [
                {
                    "targetBlank": true,
                    "title": "Replicating Amazon Aurora MySQL DB Clusters Across AWS Regions.",
                    "type": "absolute",
                    "url": "http://docs.aws.amazon.com/AmazonRDS/latest/UserGuide/AuroraMySQL.Replication.CrossRegion.html"
                }
            ],
            "nullPointMode": "null",
            "percentage": false,
            "pointradius": 5,
            "points": false,
            "renderer": "flot",
            "seriesOverrides": [],
            "spaceLength": 10,
            "stack": false,
            "steppedLine": false,
            "targets": [
                {
                    "alias": "Aurora Replica Lag",
                    "dimensions": {
                        "DBInstanceIdentifier": "$instance"
                    },
                    "metricName": "AuroraReplicaLag",
                    "namespace": "AWS/RDS",
                    "period": "60",
                    "refId": "A",
                    "region": "$region",
                    "statistics": [
                        "Average"
                    ]
                },
                {
                    "alias": "Aurora Binlog Replica Lag",
                    "dimensions": {
                        "DBInstanceIdentifier": "$instance"
                    },
                    "metricName": "AuroraBinlogReplicaLag",
                    "namespace": "AWS/RDS",
                    "period": "60",
                    "refId": "B",
                    "region": "$region",
                    "statistics": [
                        "Average"
                    ]
                }
            ],
            "thresholds": [],
            "timeFrom": null,
            "timeShift": null,
            "title": "Replication Statistics",
            "tooltip": {
                "shared": true,
                "sort": 0,
                "value_type": "individual"
            },
            "type": "graph",
            "xaxis": {
                "buckets": null,
                "mode": "time",
                "name": null,
                "show": true,
                "values": []
            },
            "yaxes": [
                {
                    "format": "short",
                    "label": null,
                    "logBase": 1,
                    "max": null,
                    "min": null,
                    "show": true
                },
                {
                    "format": "short",
                    "label": null,
                    "logBase": 1,
                    "max": null,
                    "min": null,
                    "show": true
                }
            ],
            "yaxis": {
                "align": false,
                "alignLevel": null
            }
        },
        {
            "aliasColors": {},
            "bars": false,
            "dashLength": 10,
            "dashes": false,
            "datasource": "CloudWatch",
            "description": "`DMLThroughput` - \nThe average number of inserts, updates, and deletes per second.\n\n`DDLThroughput` - \nThe average number of DDL requests per second.",
            "fill": 2,
            "gridPos": {
                "h": 7,
                "w": 12,
                "x": 12,
                "y": 30
            },
            "height": "250px",
            "id": 21,
            "legend": {
                "alignAsTable": true,
                "avg": true,
                "current": false,
                "max": true,
                "min": true,
                "show": true,
                "total": false,
                "values": true
            },
            "lines": true,
            "linewidth": 2,
            "links": [],
            "nullPointMode": "null",
            "percentage": false,
            "pointradius": 5,
            "points": false,
            "renderer": "flot",
            "seriesOverrides": [],
            "spaceLength": 10,
            "stack": false,
            "steppedLine": false,
            "targets": [
                {
                    "alias": "Inserts / updates / deletes per second",
                    "dimensions": {
                        "DBInstanceIdentifier": "$instance"
                    },
                    "expr": "",
                    "intervalFactor": 2,
                    "metricName": "DMLThroughput",
                    "namespace": "AWS/RDS",
                    "period": "60",
                    "refId": "A",
                    "region": "$region",
                    "statistics": [
                        "Average"
                    ]
                },
                {
                    "alias": "DDL requests per second",
                    "dimensions": {
                        "DBInstanceIdentifier": "$instance"
                    },
                    "metricName": "DDLThroughput",
                    "namespace": "AWS/RDS",
                    "period": "60",
                    "refId": "B",
                    "region": "$region",
                    "statistics": [
                        "Average"
                    ]
                }
            ],
            "thresholds": [],
            "timeFrom": null,
            "timeShift": null,
            "title": "DML / DDL Throughput",
            "tooltip": {
                "shared": true,
                "sort": 0,
                "value_type": "individual"
            },
            "type": "graph",
            "xaxis": {
                "buckets": null,
                "mode": "time",
                "name": null,
                "show": true,
                "values": []
            },
            "yaxes": [
                {
                    "format": "ops",
                    "label": null,
                    "logBase": 1,
                    "max": null,
                    "min": null,
                    "show": true
                },
                {
                    "format": "short",
                    "label": null,
                    "logBase": 1,
                    "max": null,
                    "min": null,
                    "show": true
                }
            ],
            "yaxis": {
                "align": false,
                "alignLevel": null
            }
        },
        {
            "collapsed": false,
            "gridPos": {
                "h": 1,
                "w": 24,
                "x": 0,
                "y": 37
            },
            "id": 27,
            "panels": [],
            "repeat": null,
            "title": "Disk",
            "type": "row"
        },
        {
            "aliasColors": {},
            "bars": false,
            "dashLength": 10,
            "dashes": false,
            "datasource": "CloudWatch",
            "description": "`ReadIOPS` - \nThe average number of disk I/O operations per second.\n\n`WriteIOPS` - \nThe average number of disk I/O operations per second.",
            "editable": true,
            "error": false,
            "fill": 2,
            "grid": {},
            "gridPos": {
                "h": 7,
                "w": 12,
                "x": 0,
                "y": 38
            },
            "height": "250px",
            "id": 4,
            "legend": {
                "alignAsTable": true,
                "avg": true,
                "current": false,
                "max": true,
                "min": true,
                "show": true,
                "total": false,
                "values": true
            },
            "lines": true,
            "linewidth": 2,
            "links": [],
            "nullPointMode": "null",
            "percentage": false,
            "pointradius": 5,
            "points": false,
            "renderer": "flot",
            "seriesOverrides": [],
            "spaceLength": 10,
            "stack": false,
            "steppedLine": false,
            "targets": [
                {
                    "alias": "Read",
                    "dimensions": {
                        "DBInstanceIdentifier": "$instance"
                    },
                    "expr": "",
                    "intervalFactor": 2,
                    "metricName": "ReadIOPS",
                    "namespace": "AWS/RDS",
                    "period": "60",
                    "refId": "A",
                    "region": "$region",
                    "statistics": [
                        "Average"
                    ]
                },
                {
                    "alias": "Write",
                    "dimensions": {
                        "DBInstanceIdentifier": "$instance"
                    },
                    "expr": "",
                    "intervalFactor": 2,
                    "metricName": "WriteIOPS",
                    "namespace": "AWS/RDS",
                    "period": "60",
                    "refId": "B",
                    "region": "$region",
                    "statistics": [
                        "Average"
                    ]
                }
            ],
            "thresholds": [],
            "timeFrom": null,
            "timeShift": null,
            "title": "Disk Operations",
            "tooltip": {
                "msResolution": false,
                "shared": true,
                "sort": 0,
                "value_type": "cumulative"
            },
            "type": "graph",
            "xaxis": {
                "buckets": null,
                "mode": "time",
                "name": null,
                "show": true,
                "values": []
            },
            "yaxes": [
                {
                    "format": "iops",
                    "label": null,
                    "logBase": 1,
                    "max": null,
                    "min": 0,
                    "show": true
                },
                {
                    "format": "short",
                    "label": null,
                    "logBase": 1,
                    "max": null,
                    "min": null,
                    "show": true
                }
            ],
            "yaxis": {
                "align": false,
                "alignLevel": null
            }
        },
        {
            "aliasColors": {},
            "bars": false,
            "dashLength": 10,
            "dashes": false,
            "datasource": "CloudWatch",
            "description": "`ReadLatency` - \nThe average amount of time taken per disk I/O operation.\n\n`WriteLatency`  - \nThe average amount of time taken per disk I/O operation.",
            "editable": true,
            "error": false,
            "fill": 2,
            "grid": {},
            "gridPos": {
                "h": 7,
                "w": 12,
                "x": 12,
                "y": 38
            },
            "height": "250px",
            "id": 3,
            "legend": {
                "alignAsTable": true,
                "avg": true,
                "current": false,
                "max": true,
                "min": true,
                "show": true,
                "total": false,
                "values": true
            },
            "lines": false,
            "linewidth": 2,
            "links": [],
            "nullPointMode": "null",
            "percentage": false,
            "pointradius": 1,
            "points": true,
            "renderer": "flot",
            "seriesOverrides": [],
            "spaceLength": 10,
            "stack": false,
            "steppedLine": false,
            "targets": [
                {
                    "alias": "Read",
                    "dimensions": {
                        "DBInstanceIdentifier": "$instance"
                    },
                    "expr": "",
                    "intervalFactor": 2,
                    "metricName": "ReadLatency",
                    "namespace": "AWS/RDS",
                    "period": "60",
                    "refId": "A",
                    "region": "$region",
                    "statistics": [
                        "Average"
                    ]
                },
                {
                    "alias": "Write",
                    "dimensions": {
                        "DBInstanceIdentifier": "$instance"
                    },
                    "expr": "",
                    "intervalFactor": 2,
                    "metricName": "WriteLatency",
                    "namespace": "AWS/RDS",
                    "period": "60",
                    "refId": "B",
                    "region": "$region",
                    "statistics": [
                        "Average"
                    ]
                }
            ],
            "thresholds": [],
            "timeFrom": null,
            "timeShift": null,
            "title": "Disk Latency",
            "tooltip": {
                "msResolution": false,
                "shared": true,
                "sort": 0,
                "value_type": "cumulative"
            },
            "type": "graph",
            "xaxis": {
                "buckets": null,
                "mode": "time",
                "name": null,
                "show": true,
                "values": []
            },
            "yaxes": [
                {
                    "format": "s",
                    "label": null,
                    "logBase": 1,
                    "max": null,
                    "min": 0,
                    "show": true
                },
                {
                    "format": "short",
                    "label": null,
                    "logBase": 1,
                    "max": null,
                    "min": null,
                    "show": true
                }
            ],
            "yaxis": {
                "align": false,
                "alignLevel": null
            }
        },
        {
            "aliasColors": {
                "Outstanding IO Requests": "#BA43A9"
            },
            "bars": false,
            "dashLength": 10,
            "dashes": false,
            "datasource": "CloudWatch",
            "description": "The number of outstanding read/write requests waiting to access the disk.",
            "editable": true,
            "error": false,
            "fill": 2,
            "grid": {},
            "gridPos": {
                "h": 7,
                "w": 12,
                "x": 0,
                "y": 45
            },
            "height": "250px",
            "id": 5,
            "legend": {
                "alignAsTable": true,
                "avg": true,
                "current": false,
                "max": true,
                "min": true,
                "show": true,
                "total": false,
                "values": true
            },
            "lines": true,
            "linewidth": 2,
            "links": [],
            "nullPointMode": "null",
            "percentage": false,
            "pointradius": 5,
            "points": false,
            "renderer": "flot",
            "seriesOverrides": [],
            "spaceLength": 10,
            "stack": false,
            "steppedLine": false,
            "targets": [
                {
                    "alias": "Outstanding IO Requests",
                    "dimensions": {
                        "DBInstanceIdentifier": "$instance"
                    },
                    "expr": "",
                    "intervalFactor": 2,
                    "metricName": "DiskQueueDepth",
                    "namespace": "AWS/RDS",
                    "period": "60",
                    "refId": "A",
                    "region": "$region",
                    "statistics": [
                        "Average"
                    ]
                }
            ],
            "thresholds": [],
            "timeFrom": null,
            "timeShift": null,
            "title": "Disk Queue Depth",
            "tooltip": {
                "msResolution": false,
                "shared": true,
                "sort": 0,
                "value_type": "cumulative"
            },
            "type": "graph",
            "xaxis": {
                "buckets": null,
                "mode": "time",
                "name": null,
                "show": true,
                "values": []
            },
            "yaxes": [
                {
                    "format": "short",
                    "label": null,
                    "logBase": 1,
                    "max": null,
                    "min": 0,
                    "show": true
                },
                {
                    "format": "short",
                    "label": null,
                    "logBase": 1,
                    "max": null,
                    "min": null,
                    "show": true
                }
            ],
            "yaxis": {
                "align": false,
                "alignLevel": null
            }
        },
        {
            "aliasColors": {},
            "bars": false,
            "dashLength": 10,
            "dashes": false,
            "datasource": "CloudWatch",
            "description": "`ReadThroughput` - \nThe average number of bytes read from disk per second.\n\n`WriteThroughput` - \nThe average number of bytes written to disk per second.",
            "editable": true,
            "error": false,
            "fill": 2,
            "grid": {},
            "gridPos": {
                "h": 7,
                "w": 12,
                "x": 12,
                "y": 45
            },
            "height": "250px",
            "id": 6,
            "legend": {
                "alignAsTable": true,
                "avg": true,
                "current": false,
                "max": true,
                "min": true,
                "show": true,
                "total": false,
                "values": true
            },
            "lines": true,
            "linewidth": 2,
            "links": [],
            "nullPointMode": "null",
            "percentage": false,
            "pointradius": 5,
            "points": false,
            "renderer": "flot",
            "seriesOverrides": [],
            "spaceLength": 10,
            "stack": false,
            "steppedLine": false,
            "targets": [
                {
                    "alias": "Read",
                    "dimensions": {
                        "DBInstanceIdentifier": "$instance"
                    },
                    "expr": "",
                    "intervalFactor": 2,
                    "metricName": "ReadThroughput",
                    "namespace": "AWS/RDS",
                    "period": "60",
                    "refId": "A",
                    "region": "$region",
                    "statistics": [
                        "Average"
                    ]
                },
                {
                    "alias": "Write",
                    "dimensions": {
                        "DBInstanceIdentifier": "$instance"
                    },
                    "expr": "",
                    "intervalFactor": 2,
                    "metricName": "WriteThroughput",
                    "namespace": "AWS/RDS",
                    "period": "60",
                    "refId": "B",
                    "region": "$region",
                    "statistics": [
                        "Average"
                    ]
                }
            ],
            "thresholds": [],
            "timeFrom": null,
            "timeShift": null,
            "title": "Disk Throughput",
            "tooltip": {
                "msResolution": false,
                "shared": true,
                "sort": 0,
                "value_type": "cumulative"
            },
            "type": "graph",
            "xaxis": {
                "buckets": null,
                "mode": "time",
                "name": null,
                "show": true,
                "values": []
            },
            "yaxes": [
                {
                    "format": "Bps",
                    "label": null,
                    "logBase": 1,
                    "max": null,
                    "min": 0,
                    "show": true
                },
                {
                    "format": "short",
                    "label": null,
                    "logBase": 1,
                    "max": null,
                    "min": null,
                    "show": true
                }
            ],
            "yaxis": {
                "align": false,
                "alignLevel": null
            }
        },
        {
            "collapsed": false,
            "gridPos": {
                "h": 1,
                "w": 24,
                "x": 0,
                "y": 52
            },
            "id": 28,
            "panels": [],
            "repeat": null,
            "title": "Storage Space and Swap Usage",
            "type": "row"
        },
        {
            "aliasColors": {},
            "bars": false,
            "dashLength": 10,
            "dashes": false,
            "datasource": "CloudWatch",
            "description": "The amount of storage available for temporary tables and logs, in bytes.\n\nUnlike for other DB engines, for Aurora MySQL this metric reports the amount of storage available to each DB instance for temporary tables and logs. This value depends on the DB instance class . \nYou can increase the amount of free storage space for an instance by choosing a larger DB instance class for your instance.",
            "editable": true,
            "error": false,
            "fill": 2,
            "grid": {},
            "gridPos": {
                "h": 7,
                "w": 12,
                "x": 0,
                "y": 53
            },
            "id": 8,
            "legend": {
                "alignAsTable": true,
                "avg": true,
                "current": false,
                "max": true,
                "min": true,
                "show": true,
                "total": false,
                "values": true
            },
            "lines": true,
            "linewidth": 2,
            "links": [],
            "nullPointMode": "null",
            "percentage": false,
            "pointradius": 5,
            "points": false,
            "renderer": "flot",
            "seriesOverrides": [],
            "spaceLength": 10,
            "stack": false,
            "steppedLine": false,
            "targets": [
                {
                    "alias": "Available",
                    "dimensions": {
                        "DBInstanceIdentifier": "$instance"
                    },
                    "expr": "",
                    "intervalFactor": 2,
                    "metricName": "FreeStorageSpace",
                    "namespace": "AWS/RDS",
                    "period": "60",
                    "refId": "A",
                    "region": "$region",
                    "statistics": [
                        "Average"
                    ]
                }
            ],
            "thresholds": [],
            "timeFrom": null,
            "timeShift": null,
            "title": "Storage Space",
            "tooltip": {
                "msResolution": false,
                "shared": true,
                "sort": 0,
                "value_type": "cumulative"
            },
            "type": "graph",
            "xaxis": {
                "buckets": null,
                "mode": "time",
                "name": null,
                "show": true,
                "values": []
            },
            "yaxes": [
                {
                    "format": "bytes",
                    "label": null,
                    "logBase": 1,
                    "max": null,
                    "min": 0,
                    "show": true
                },
                {
                    "format": "short",
                    "label": null,
                    "logBase": 1,
                    "max": null,
                    "min": null,
                    "show": true
                }
            ],
            "yaxis": {
                "align": false,
                "alignLevel": null
            }
        },
        {
            "aliasColors": {
                "Used": "#EF843C"
            },
            "bars": false,
            "dashLength": 10,
            "dashes": false,
            "datasource": "CloudWatch",
            "description": "The amount of swap space used on the Aurora DB instance.",
            "editable": true,
            "error": false,
            "fill": 2,
            "grid": {},
            "gridPos": {
                "h": 7,
                "w": 12,
                "x": 12,
                "y": 53
            },
            "id": 9,
            "legend": {
                "alignAsTable": true,
                "avg": true,
                "current": false,
                "max": true,
                "min": true,
                "show": true,
                "sortDesc": true,
                "total": false,
                "values": true
            },
            "lines": true,
            "linewidth": 2,
            "links": [],
            "nullPointMode": "null",
            "percentage": false,
            "pointradius": 5,
            "points": false,
            "renderer": "flot",
            "seriesOverrides": [],
            "spaceLength": 10,
            "stack": false,
            "steppedLine": false,
            "targets": [
                {
                    "alias": "Used",
                    "dimensions": {
                        "DBInstanceIdentifier": "$instance"
                    },
                    "expr": "",
                    "intervalFactor": 2,
                    "metricName": "SwapUsage",
                    "namespace": "AWS/RDS",
                    "period": "60",
                    "refId": "A",
                    "region": "$region",
                    "statistics": [
                        "Average"
                    ]
                }
            ],
            "thresholds": [],
            "timeFrom": null,
            "timeShift": null,
            "title": "Swap Usage",
            "tooltip": {
                "msResolution": false,
                "shared": true,
                "sort": 0,
                "value_type": "cumulative"
            },
            "type": "graph",
            "xaxis": {
                "buckets": null,
                "mode": "time",
                "name": null,
                "show": true,
                "values": []
            },
            "yaxes": [
                {
                    "format": "bytes",
                    "label": null,
                    "logBase": 1,
                    "max": null,
                    "min": 0,
                    "show": true
                },
                {
                    "format": "short",
                    "label": null,
                    "logBase": 1,
                    "max": null,
                    "min": null,
                    "show": true
                }
            ],
            "yaxis": {
                "align": false,
                "alignLevel": null
            }
        },
        {
            "collapsed": true,
            "gridPos": {
                "h": 1,
                "w": 24,
                "x": 0,
                "y": 60
            },
            "id": 29,
            "panels": [
                {
                    "content": "# Setup\n\nAdd CloudWatch datasource to Grafana with the name `CloudWatch`.\n\nCreate IAM user and attach the managed policy `CloudWatchReadOnlyAccess`. Then put the credentials in the file `~grafana/.aws/credentials`:\n```\n[default]\naws_access_key_id = youraccesskeyid\naws_secret_access_key = yoursecretaccesskey\n```",
                    "datasource": "CloudWatch",
                    "editable": true,
                    "error": false,
                    "gridPos": {
                        "h": 7,
                        "w": 24,
                        "x": 0,
                        "y": 61
                    },
                    "id": 13,
                    "links": [],
                    "mode": "markdown",
                    "title": "",
                    "type": "text"
                }
            ],
            "repeat": null,
            "title": "Help",
            "type": "row"
        }
    ],
    "refresh": "1m",
    "schemaVersion": 16,
    "style": "dark",
    "tags": [
        "Percona",
        "Cloud"
    ],
    "templating": {
        "list": [
            {
                "allValue": null,
                "current": {},
                "datasource": "CloudWatch",
                "hide": 0,
                "includeAll": false,
                "label": "Region",
                "multi": false,
                "name": "region",
                "options": [],
                "query": "regions()",
                "refresh": 1,
                "regex": "",
                "sort": 1,
                "tagValuesQuery": null,
                "tags": [],
                "tagsQuery": null,
                "type": "query",
                "useTags": false
            },
            {
                "allValue": "",
                "current": {},
                "datasource": "CloudWatch",
                "hide": 0,
                "includeAll": false,
                "label": "DB Instance",
                "multi": false,
                "name": "instance",
                "options": [],
                "query": "dimension_values($region,AWS/RDS,CPUUtilization,DBInstanceIdentifier)",
                "refresh": 1,
                "regex": "",
                "sort": 1,
                "tagValuesQuery": null,
                "tags": [],
                "tagsQuery": null,
                "type": "query",
                "useTags": false
            }
        ]
    },
    "time": {
        "from": "now-12h",
        "to": "now"
    },
    "timepicker": {
        "hidden": false,
        "refresh_intervals": [
            "5s",
            "10s",
            "30s",
            "1m",
            "5m",
            "15m",
            "30m",
            "1h",
            "2h",
            "1d"
        ],
        "time_options": [
            "5m",
            "15m",
            "1h",
            "6h",
            "12h",
            "24h",
            "2d",
            "7d",
            "30d"
        ]
    },
    "timezone": "browser",
    "title": "Amazon RDS / Aurora MySQL  Metrics",
    "uid": "lqWR9oimz",
    "version": 1
}
