{
    "annotations": {
        "list": [
            {
                "builtIn": 1,
                "datasource": "-- Grafana --",
                "enable": true,
                "hide": false,
                "iconColor": "#e0752d",
                "limit": 100,
                "name": "PMM Annotations",
                "showIn": 0,
                "tags": [
                    "pmm_annotation"
                ],
                "type": "tags"
            }
        ]
    },
    "editable": true,
    "gnetId": null,
    "graphTooltip": 0,
    "id": null,
    "iteration": 1529322269536,
    "links": [
        {
            "icon": "dashboard",
            "includeVars": true,
            "keepTime": true,
            "tags": [
                "QAN"
            ],
            "targetBlank": false,
            "title": "Query Analytics",
            "type": "link",
            "url": "/graph/dashboard/db/_pmm-query-analytics"
        },
        {
            "asDropdown": true,
            "includeVars": true,
            "keepTime": true,
            "tags": [
                "OS"
            ],
            "targetBlank": false,
            "title": "OS",
            "type": "dashboards"
        },
        {
            "asDropdown": true,
            "includeVars": true,
            "keepTime": true,
            "tags": [
                "MySQL"
            ],
            "targetBlank": false,
            "title": "MySQL",
            "type": "dashboards"
        },
        {
            "asDropdown": true,
            "includeVars": true,
            "keepTime": true,
            "tags": [
                "MongoDB"
            ],
            "targetBlank": false,
            "title": "MongoDB",
            "type": "dashboards"
        },
        {
            "asDropdown": true,
            "includeVars": true,
            "keepTime": true,
            "tags": [
                "HA"
            ],
            "targetBlank": false,
            "title": "HA",
            "type": "dashboards"
        },
        {
            "asDropdown": true,
            "includeVars": true,
            "keepTime": true,
            "tags": [
                "Cloud"
            ],
            "targetBlank": false,
            "title": "Cloud",
            "type": "dashboards"
        },
        {
            "asDropdown": true,
            "includeVars": true,
            "keepTime": true,
            "tags": [
                "Insight"
            ],
            "targetBlank": false,
            "title": "Insight",
            "type": "dashboards"
        },
        {
            "asDropdown": true,
            "includeVars": true,
            "keepTime": true,
            "tags": [
                "PMM"
            ],
            "targetBlank": false,
            "title": "PMM",
            "type": "dashboards"
        }
    ],
    "panels": [
        {
            "aliasColors": {},
            "bars": false,
            "dashLength": 10,
            "dashes": false,
            "datasource": "Prometheus",
            "decimals": 2,
            "description": "**Load Average**\n\nOn Linux, this is the number of processes which are in \u201crunning\u201d state or in \u201cuninterruptible sleep\u201d state which typically corresponds to disk IO. You can also map LoadAvg to VMSTAT output \u2013 it is something like moving average of sum of \u201cr\u201d and \u201cb\u201d columns from VMSTAT.\n\nThis chart is best used for trends. If you notice the load average rising, it may be due to innefficient queries. In that case, it is a good idea to look at PMM's Query Analytics.",
            "editable": true,
            "error": false,
            "fill": 2,
            "grid": {},
            "gridPos": {
                "h": 7,
                "w": 12,
                "x": 0,
                "y": 0
            },
            "id": 6,
            "legend": {
                "alignAsTable": false,
                "avg": false,
                "current": false,
                "hideEmpty": false,
                "max": false,
                "min": false,
                "rightSide": false,
                "show": true,
                "total": false,
                "values": false
            },
            "lines": true,
            "linewidth": 2,
            "links": [
                {
                    "dashUri": "db/_pmm-query-analytics",
                    "dashboard": "_PMM Query Analytics",
                    "title": "PMM Query Analytics",
                    "type": "dashboard",
                    "url": "/qan/"
                },
                {
                    "dashboard": "https://www.percona.com/blog/2006/12/04/using-loadavg-for-performance-optimization/",
                    "title": "Using LoadAvg for Performance Optimization",
                    "type": "absolute",
                    "url": "https://www.percona.com/blog/2006/12/04/using-loadavg-for-performance-optimization/"
                }
            ],
            "nullPointMode": "null",
            "percentage": false,
            "pointradius": 5,
            "points": false,
            "renderer": "flot",
            "seriesOverrides": [],
            "spaceLength": 10,
            "stack": false,
            "steppedLine": false,
            "targets": [
                {
                    "calculatedInterval": "10s",
                    "datasourceErrors": {},
                    "errors": {},
                    "expr": "node_load1{instance=~\"$host\"}",
                    "format": "time_series",
                    "interval": "$interval",
                    "intervalFactor": 1,
                    "legendFormat": "{{ instance }}",
                    "metric": "",
                    "refId": "A",
                    "step": 300,
                    "target": ""
                }
            ],
            "thresholds": [
                {
                    "colorMode": "custom",
                    "line": true,
                    "lineColor": "rgb(241, 34, 15)",
                    "op": "gt",
                    "value": 15
                }
            ],
            "timeFrom": null,
            "timeShift": null,
            "title": "Load Average",
            "tooltip": {
                "msResolution": false,
                "shared": true,
                "sort": 0,
                "value_type": "individual"
            },
            "transparent": false,
            "type": "graph",
            "xaxis": {
                "buckets": null,
                "mode": "time",
                "name": null,
                "show": true,
                "values": []
            },
            "yaxes": [
                {
                    "format": "none",
                    "label": "",
                    "logBase": 1,
                    "max": null,
                    "min": 0,
                    "show": true
                },
                {
                    "format": "none",
                    "logBase": 1,
                    "max": null,
                    "min": 0,
                    "show": true
                }
            ],
            "yaxis": {
                "align": false,
                "alignLevel": null
            }
        },
        {
            "aliasColors": {},
            "bars": false,
            "dashLength": 10,
            "dashes": false,
            "datasource": "Prometheus",
            "decimals": 2,
            "editable": true,
            "error": false,
            "fill": 2,
            "grid": {},
            "gridPos": {
                "h": 7,
                "w": 12,
                "x": 12,
                "y": 0
            },
            "id": 7,
            "legend": {
                "alignAsTable": false,
                "avg": false,
                "current": false,
                "hideEmpty": false,
                "max": false,
                "min": false,
                "rightSide": false,
                "show": true,
                "total": false,
                "values": false
            },
            "lines": true,
            "linewidth": 2,
            "links": [],
            "nullPointMode": "null",
            "percentage": false,
            "pointradius": 5,
            "points": false,
            "renderer": "flot",
            "seriesOverrides": [],
            "spaceLength": 10,
            "stack": false,
            "steppedLine": false,
            "targets": [
                {
                    "calculatedInterval": "10s",
                    "datasourceErrors": {},
                    "errors": {},
                    "expr": "100 - 100 * (node_memory_MemAvailable{instance=~\"$host\"} or (node_memory_MemFree{instance=~\"$host\"} + node_memory_Buffers{instance=~\"$host\"} + node_memory_Cached{instance=~\"$host\"})) / (node_memory_MemTotal{instance=~\"$host\"} + 0.1)",
                    "interval": "$interval",
                    "intervalFactor": 1,
                    "legendFormat": "{{ instance }}",
                    "metric": "",
                    "refId": "A",
                    "step": 300,
                    "target": ""
                }
            ],
            "thresholds": [
                {
                    "colorMode": "custom",
                    "line": true,
                    "lineColor": "rgb(248, 8, 48)",
                    "op": "gt",
                    "value": 95
                }
            ],
            "timeFrom": null,
            "timeShift": null,
            "title": "Memory Usage",
            "tooltip": {
                "msResolution": false,
                "shared": true,
                "sort": 0,
                "value_type": "individual"
            },
            "transparent": false,
            "type": "graph",
            "xaxis": {
                "buckets": null,
                "mode": "time",
                "name": null,
                "show": true,
                "values": []
            },
            "yaxes": [
                {
                    "format": "percent",
                    "label": "",
                    "logBase": 1,
                    "max": null,
                    "min": 0,
                    "show": true
                },
                {
                    "format": "none",
                    "logBase": 1,
                    "max": null,
                    "min": 0,
                    "show": true
                }
            ],
            "yaxis": {
                "align": false,
                "alignLevel": null
            }
        },
        {
            "aliasColors": {},
            "bars": false,
            "dashLength": 10,
            "dashes": false,
            "datasource": "Prometheus",
            "editable": true,
            "error": false,
            "fill": 2,
            "grid": {},
            "gridPos": {
                "h": 7,
                "w": 12,
                "x": 0,
                "y": 7
            },
            "id": 3,
            "legend": {
                "avg": false,
                "current": false,
                "max": false,
                "min": false,
                "show": true,
                "total": false,
                "values": false
            },
            "lines": true,
            "linewidth": 2,
            "links": [],
            "nullPointMode": "null",
            "percentage": false,
            "pointradius": 5,
            "points": false,
            "renderer": "flot",
            "seriesOverrides": [],
            "spaceLength": 10,
            "stack": false,
            "steppedLine": false,
            "targets": [
                {
                    "calculatedInterval": "2m",
                    "datasourceErrors": {},
                    "errors": {},
                    "expr": "rate(mysql_global_status_connections{instance=~\"$host\"}[$interval]) or irate(mysql_global_status_connections{instance=~\"$host\"}[5m])",
                    "interval": "$interval",
                    "intervalFactor": 1,
                    "legendFormat": "{{ instance }}",
                    "metric": "",
                    "refId": "A",
                    "step": 300
                }
            ],
            "thresholds": [],
            "timeFrom": null,
            "timeShift": null,
            "title": "MySQL Connections",
            "tooltip": {
                "msResolution": false,
                "shared": true,
                "sort": 0,
                "value_type": "cumulative"
            },
            "type": "graph",
            "xaxis": {
                "buckets": null,
                "mode": "time",
                "name": null,
                "show": true,
                "values": []
            },
            "yaxes": [
                {
                    "format": "short",
                    "logBase": 1,
                    "max": null,
                    "min": 0,
                    "show": true
                },
                {
                    "format": "short",
                    "logBase": 1,
                    "max": null,
                    "min": 0,
                    "show": true
                }
            ],
            "yaxis": {
                "align": false,
                "alignLevel": null
            }
        },
        {
            "aliasColors": {},
            "bars": false,
            "dashLength": 10,
            "dashes": false,
            "datasource": "Prometheus",
            "decimals": 2,
            "description": "**MySQL Queries**\n\nBased on the queries reported by MySQL's ``SHOW STATUS`` command, it is the average number of statements executed by the server. This variable includes statements executed within stored programs, unlike the Questions variable. It does not count COM_PING or COM_STATISTICS commands.",
            "editable": true,
            "error": false,
            "fill": 0,
            "grid": {},
            "gridPos": {
                "h": 7,
                "w": 12,
                "x": 12,
                "y": 7
            },
            "id": 4,
            "legend": {
                "alignAsTable": false,
                "avg": false,
                "current": false,
                "hideEmpty": false,
                "max": false,
                "min": false,
                "rightSide": false,
                "show": true,
                "sort": null,
                "sortDesc": null,
                "total": false,
                "values": false
            },
            "lines": true,
            "linewidth": 2,
            "links": [
                {
                    "title": "Server Status Variables (Queries)",
                    "type": "absolute",
                    "url": "https://dev.mysql.com/doc/refman/5.6/en/server-status-variables.html#statvar_Queries"
                }
            ],
            "nullPointMode": "null",
            "percentage": false,
            "pointradius": 5,
            "points": false,
            "renderer": "flot",
            "seriesOverrides": [],
            "spaceLength": 10,
            "stack": false,
            "steppedLine": false,
            "targets": [
                {
                    "calculatedInterval": "2m",
                    "datasourceErrors": {},
                    "errors": {},
                    "expr": "rate(mysql_global_status_queries{instance=~\"$host\"}[$interval]) or irate(mysql_global_status_queries{instance=~\"$host\"}[5m])",
                    "format": "time_series",
                    "interval": "$interval",
                    "intervalFactor": 1,
                    "legendFormat": "{{ instance }}",
                    "metric": "",
                    "refId": "A",
                    "step": 300
                }
            ],
            "thresholds": [],
            "timeFrom": null,
            "timeShift": null,
            "title": "MySQL Queries",
            "tooltip": {
                "msResolution": false,
                "shared": true,
                "sort": 0,
                "value_type": "cumulative"
            },
            "type": "graph",
            "xaxis": {
                "buckets": null,
                "mode": "time",
                "name": null,
                "show": true,
                "values": []
            },
            "yaxes": [
                {
                    "format": "short",
                    "logBase": 1,
                    "max": null,
                    "min": 0,
                    "show": true
                },
                {
                    "format": "short",
                    "logBase": 1,
                    "max": null,
                    "min": 0,
                    "show": true
                }
            ],
            "yaxis": {
                "align": false,
                "alignLevel": null
            }
        },
        {
            "aliasColors": {},
            "bars": false,
            "dashLength": 10,
            "dashes": false,
            "datasource": "Prometheus",
            "decimals": 2,
            "description": "**MySQL Traffic**\n\nNetwork traffic used by the MySQL process.",
            "editable": true,
            "error": false,
            "fill": 2,
            "grid": {},
            "gridPos": {
                "h": 7,
                "w": 12,
                "x": 0,
                "y": 14
            },
            "id": 11,
            "legend": {
                "alignAsTable": true,
                "avg": true,
                "current": false,
                "max": true,
                "min": true,
                "rightSide": false,
                "show": true,
                "sort": "avg",
                "sortDesc": true,
                "total": false,
                "values": true
            },
            "lines": true,
            "linewidth": 2,
            "links": [],
            "nullPointMode": "null",
            "percentage": false,
            "pointradius": 5,
            "points": false,
            "renderer": "flot",
            "seriesOverrides": [],
            "spaceLength": 10,
            "stack": false,
            "steppedLine": false,
            "targets": [
                {
                    "calculatedInterval": "2m",
                    "datasourceErrors": {},
                    "errors": {},
                    "expr": "(rate(mysql_global_status_bytes_received{instance=~\"$host\"}[$interval]) + rate(mysql_global_status_bytes_sent{instance=~\"$host\"}[$interval])) or (irate(mysql_global_status_bytes_received{instance=~\"$host\"}[5m]) + irate(mysql_global_status_bytes_sent{instance=~\"$host\"}[5m]))",
                    "format": "time_series",
                    "interval": "$interval",
                    "intervalFactor": 1,
                    "legendFormat": "{{ instance }}",
                    "metric": "",
                    "refId": "A",
                    "step": 300
                }
            ],
            "thresholds": [],
            "timeFrom": null,
            "timeShift": null,
            "title": "MySQL Traffic",
            "tooltip": {
                "msResolution": true,
                "shared": true,
                "sort": 0,
                "value_type": "individual"
            },
            "type": "graph",
            "xaxis": {
                "buckets": null,
                "mode": "time",
                "name": null,
                "show": true,
                "values": []
            },
            "yaxes": [
                {
                    "format": "Bps",
                    "logBase": 1,
                    "max": null,
                    "min": 0,
                    "show": true
                },
                {
                    "format": "none",
                    "logBase": 1,
                    "max": null,
                    "min": 0,
                    "show": true
                }
            ],
            "yaxis": {
                "align": false,
                "alignLevel": null
            }
        },
        {
            "aliasColors": {},
            "bars": false,
            "dashLength": 10,
            "dashes": false,
            "datasource": "Prometheus",
            "decimals": 2,
            "editable": true,
            "error": false,
            "fill": 2,
            "grid": {},
            "gridPos": {
                "h": 7,
                "w": 12,
                "x": 12,
                "y": 14
            },
            "id": 10,
            "legend": {
                "alignAsTable": true,
                "avg": true,
                "current": false,
                "hideEmpty": false,
                "max": true,
                "min": true,
                "rightSide": false,
                "show": true,
                "sort": "avg",
                "sortDesc": true,
                "total": false,
                "values": true
            },
            "lines": true,
            "linewidth": 2,
            "links": [],
            "nullPointMode": "null",
            "percentage": false,
            "pointradius": 5,
            "points": false,
            "renderer": "flot",
            "seriesOverrides": [],
            "spaceLength": 10,
            "stack": false,
            "steppedLine": false,
            "targets": [
                {
                    "calculatedInterval": "2s",
                    "datasourceErrors": {},
                    "errors": {},
                    "expr": "sum(rate(node_network_receive_bytes{instance=~\"$host\", device!=\"lo\"}[$interval]) + rate(node_network_transmit_bytes{instance=~\"$host\", device!=\"lo\"}[$interval])) by (instance) or sum(irate(node_network_receive_bytes{instance=~\"$host\", device!=\"lo\"}[5m]) + irate(node_network_transmit_bytes{instance=~\"$host\", device!=\"lo\"}[5m])) by (instance) or\nsum(max_over_time(rdsosmetrics_network_rx{instance=~\"$host\"}[$interval]) + max_over_time(rdsosmetrics_network_tx{instance=~\"$host\"}[$interval])) by (instance) or sum(max_over_time(rdsosmetrics_network_rx{instance=~\"$host\"}[5m]) + max_over_time(rdsosmetrics_network_tx{instance=~\"$host\"}[5m])) by (instance)",
                    "format": "time_series",
                    "interval": "$interval",
                    "intervalFactor": 1,
                    "legendFormat": "{{ instance }}",
                    "metric": "",
                    "refId": "B",
                    "step": 300,
                    "target": ""
                }
            ],
            "thresholds": [],
            "timeFrom": null,
            "timeShift": null,
            "title": "Network Traffic",
            "tooltip": {
                "msResolution": false,
                "shared": true,
                "sort": 0,
                "value_type": "individual"
            },
            "transparent": false,
            "type": "graph",
            "xaxis": {
                "buckets": null,
                "mode": "time",
                "name": null,
                "show": true,
                "values": []
            },
            "yaxes": [
                {
                    "format": "Bps",
                    "label": "",
                    "logBase": 1,
                    "max": null,
                    "min": 0,
                    "show": true
                },
                {
                    "format": "bytes",
                    "logBase": 1,
                    "max": null,
                    "min": 0,
                    "show": true
                }
            ],
            "yaxis": {
                "align": false,
                "alignLevel": null
            }
        },
        {
            "columns": [
                {
                    "text": "Current",
                    "value": "current"
                }
            ],
            "datasource": "Prometheus",
            "editable": true,
            "error": false,
            "fontSize": "90%",
            "gridPos": {
                "h": 7,
                "w": 24,
                "x": 0,
                "y": 21
            },
            "height": "",
            "id": 12,
            "links": [],
            "pageSize": null,
            "scroll": false,
            "showHeader": true,
            "sort": {
                "col": 0,
                "desc": false
            },
            "styles": [],
            "targets": [
                {
                    "expr": "node_uname_info{instance=~\"$host\"}",
                    "interval": "5m",
                    "intervalFactor": 1,
                    "legendFormat": "{{ instance }} | Hostname: {{ nodename }} | Kernel: {{ release }}",
                    "refId": "A",
                    "step": 300
                }
            ],
            "title": "System Info",
            "transform": "timeseries_aggregations",
            "transparent": true,
            "type": "table"
        },
        {
            "columns": [
                {
                    "text": "Current",
                    "value": "current"
                }
            ],
            "datasource": "Prometheus",
            "editable": true,
            "error": false,
            "fontSize": "90%",
            "gridPos": {
                "h": 7,
                "w": 24,
                "x": 0,
                "y": 28
            },
            "id": 13,
            "links": [],
            "pageSize": null,
            "scroll": false,
            "showHeader": true,
            "sort": {
                "col": 0,
                "desc": false
            },
            "styles": [],
            "targets": [
                {
                    "expr": "mysql_version_info{instance=~\"$host\"}",
                    "interval": "5m",
                    "intervalFactor": 1,
                    "legendFormat": "{{ instance }} | {{ version }} | {{ version_comment }}",
                    "refId": "A",
                    "step": 300
                }
            ],
            "title": "MySQL Info",
            "transform": "timeseries_aggregations",
            "transparent": true,
            "type": "table"
        }
    ],
    "refresh": "1m",
    "schemaVersion": 16,
    "style": "dark",
    "tags": [
        "Percona",
        "Insight"
    ],
    "templating": {
        "list": [
            {
                "allFormat": "glob",
                "auto": true,
                "auto_count": 200,
                "auto_min": "1s",
                "current": {
                    "text": "auto",
                    "value": "$__auto_interval_interval"
                },
                "datasource": "Prometheus",
                "hide": 0,
                "includeAll": false,
                "label": "Interval",
                "multi": false,
                "multiFormat": "glob",
                "name": "interval",
                "options": [
                    {
                        "selected": true,
                        "text": "auto",
                        "value": "$__auto_interval_interval"
                    },
                    {
                        "selected": false,
                        "text": "1s",
                        "value": "1s"
                    },
                    {
                        "selected": false,
                        "text": "5s",
                        "value": "5s"
                    },
                    {
                        "selected": false,
                        "text": "1m",
                        "value": "1m"
                    },
                    {
                        "selected": false,
                        "text": "5m",
                        "value": "5m"
                    },
                    {
                        "selected": false,
                        "text": "1h",
                        "value": "1h"
                    },
                    {
                        "selected": false,
                        "text": "6h",
                        "value": "6h"
                    },
                    {
                        "selected": false,
                        "text": "1d",
                        "value": "1d"
                    }
                ],
                "query": "1s,5s,1m,5m,1h,6h,1d",
                "refresh": 2,
                "regex": "",
                "type": "interval"
            },
            {
                "allFormat": "pipe",
                "allValue": null,
                "current": {},
                "datasource": "Prometheus",
                "hide": 0,
                "includeAll": true,
                "label": "Host",
                "multi": true,
                "multiFormat": "pipe",
                "name": "host",
                "options": [],
                "query": "label_values({__name__=~\"node_load1|mysql_up\", job!=\"prometheus\"}, instance)",
                "refresh": 1,
                "regex": "",
                "sort": 1,
                "tagValuesQuery": null,
                "tags": [],
                "tagsQuery": null,
                "type": "query",
                "useTags": false
            }
        ]
    },
    "time": {
        "from": "now-12h",
        "to": "now"
    },
    "timepicker": {
        "collapse": false,
        "enable": true,
        "hidden": false,
        "notice": false,
        "now": true,
        "refresh_intervals": [
            "5s",
            "10s",
            "30s",
            "1m",
            "5m",
            "15m",
            "30m",
            "1h",
            "2h",
            "1d"
        ],
        "status": "Stable",
        "time_options": [
            "5m",
            "15m",
            "1h",
            "6h",
            "12h",
            "24h",
            "2d",
            "7d",
            "30d"
        ],
        "type": "timepicker"
    },
    "timezone": "browser",
    "title": "Cross Server Graphs",
    "uid": "Swz9QGNmz",
    "version": 1
}
