{
    "annotations": {
        "list": [
            {
                "builtIn": 1,
                "datasource": "-- Grafana --",
                "enable": true,
                "hide": true,
                "iconColor": "rgba(0, 211, 255, 1)",
                "name": "Annotations & Alerts",
                "type": "dashboard"
            }
        ]
    },
    "editable": true,
    "gnetId": null,
    "graphTooltip": 1,
    "id": null,
    "iteration": 1529322146489,
    "links": [
        {
            "icon": "dashboard",
            "includeVars": false,
            "keepTime": true,
            "tags": [
                "QAN"
            ],
            "targetBlank": false,
            "title": "Query Analytics",
            "type": "link",
            "url": "/graph/dashboard/db/_pmm-query-analytics"
        },
        {
            "asDropdown": true,
            "includeVars": true,
            "keepTime": true,
            "tags": [
                "OS"
            ],
            "targetBlank": false,
            "title": "OS",
            "type": "dashboards"
        },
        {
            "asDropdown": true,
            "includeVars": true,
            "keepTime": true,
            "tags": [
                "MySQL"
            ],
            "targetBlank": false,
            "title": "MySQL",
            "type": "dashboards"
        },
        {
            "asDropdown": true,
            "includeVars": true,
            "keepTime": true,
            "tags": [
                "MongoDB"
            ],
            "targetBlank": false,
            "title": "MongoDB",
            "type": "dashboards"
        },
        {
            "asDropdown": true,
            "includeVars": true,
            "keepTime": true,
            "tags": [
                "HA"
            ],
            "targetBlank": false,
            "title": "HA",
            "type": "dashboards"
        },
        {
            "asDropdown": true,
            "includeVars": true,
            "keepTime": true,
            "tags": [
                "Cloud"
            ],
            "targetBlank": false,
            "title": "Cloud",
            "type": "dashboards"
        },
        {
            "asDropdown": true,
            "includeVars": true,
            "keepTime": true,
            "tags": [
                "Insight"
            ],
            "targetBlank": false,
            "title": "Insight",
            "type": "dashboards"
        },
        {
            "asDropdown": true,
            "includeVars": true,
            "keepTime": true,
            "tags": [
                "PMM"
            ],
            "targetBlank": false,
            "title": "PMM",
            "type": "dashboards"
        }
    ],
    "panels": [
        {
            "collapsed": false,
            "gridPos": {
                "h": 1,
                "w": 24,
                "x": 0,
                "y": 0
            },
            "id": 1340,
            "panels": [],
            "repeat": null,
            "title": "",
            "type": "row"
        },
        {
            "content": "<br>\n<div class=\"text-center dashboard-header\">\n<img src=\"public/img/pmm-logo.svg\" height=\"60px\" width=\"60px\">\n  <span>Percona Monitoring and Management</span>\n</div>",
            "datasource": "Prometheus",
            "editable": true,
            "gridPos": {
                "h": 3,
                "w": 24,
                "x": 0,
                "y": 1
            },
            "height": "10px",
            "id": 1339,
            "links": [],
            "mode": "html",
            "style": {},
            "title": "",
            "transparent": true,
            "type": "text"
        },
        {
            "collapsed": false,
            "gridPos": {
                "h": 1,
                "w": 24,
                "x": 0,
                "y": 4
            },
            "id": 1341,
            "panels": [],
            "repeat": null,
            "title": "General information",
            "type": "row"
        },
        {
            "content": "**Overview**  \n[Percona Monitoring and Management (PMM)](https://www.percona.com/pmm) is a free and open-source platform for managing and monitoring MySQL and MongoDB performance, and provides time-based analysis to ensure that your data works as efficiently as possible. \n\n**Documentation**  \nPlease consult the official [PMM documentation](https://www.percona.com/doc/percona-monitoring-and-management/index.html) to learn more about PMM. Also of interest are the [Release notes](https://www.percona.com/doc/percona-monitoring-and-management/release-notes/index.html) and [FAQ](https://www.percona.com/doc/percona-monitoring-and-management/faq.html) for common questions about PMM.\n\n**Community and Blogs**  \nOn the [PMM Community Forums](https://www.percona.com/forums/questions-discussions/percona-monitoring-and-management) you will find help from Perconians and the Community at large.  Further, we publish PMM announcements and use cases regularly on the [Percona Database Performance Blog](https://www.percona.com/blog/category/percona-monitoring-and-management/)  \n\n**Get Help from Percona**  \nAre you looking for assistance that comes with a response-time guarantee? Let our [Support team](https://www.percona.com/services/support?utm_source=pmm&utm_medium=web&utm_campaign=support_link)  help you!\nAlready a customer? Log in to your [Percona Support Portal](https://customers.percona.com) \n\n\n\n",
            "gridPos": {
                "h": 9,
                "w": 12,
                "x": 0,
                "y": 5
            },
            "height": "330px",
            "id": 1021,
            "links": [],
            "mode": "markdown",
            "title": "",
            "transparent": false,
            "type": "text"
        },
        {
            "folderId": 0,
            "gridPos": {
                "h": 9,
                "w": 6,
                "x": 12,
                "y": 5
            },
            "headings": false,
            "height": "330px",
            "id": 1020,
            "limit": 3,
            "links": [],
            "query": "",
            "recent": true,
            "search": false,
            "starred": true,
            "tags": [],
            "title": "Starred and Recently used Dashboards",
            "type": "dashlist"
        },
        {
            "cacheTimeout": null,
            "colorBackground": false,
            "colorValue": false,
            "colors": [
                "rgba(245, 54, 54, 0.9)",
                "rgba(237, 129, 40, 0.89)",
                "rgba(50, 172, 45, 0.97)"
            ],
            "datasource": "Prometheus",
            "decimals": 0,
            "editable": true,
            "error": false,
            "format": "short",
            "gauge": {
                "maxValue": 100,
                "minValue": 0,
                "show": false,
                "thresholdLabels": false,
                "thresholdMarkers": true
            },
            "gridPos": {
                "h": 2,
                "w": 6,
                "x": 18,
                "y": 5
            },
            "height": "50",
            "id": 1335,
            "interval": "$interval",
            "links": [],
            "mappingType": 1,
            "mappingTypes": [
                {
                    "name": "value to text",
                    "value": 1
                },
                {
                    "name": "range to text",
                    "value": 2
                }
            ],
            "maxDataPoints": 100,
            "nullPointMode": "connected",
            "nullText": null,
            "postfix": "",
            "postfixFontSize": "100%",
            "prefix": "",
            "prefixFontSize": "100%",
            "rangeMaps": [
                {
                    "from": "null",
                    "text": "N/A",
                    "to": "null"
                }
            ],
            "sparkline": {
                "fillColor": "rgba(31, 118, 189, 0.18)",
                "full": false,
                "lineColor": "rgb(31, 120, 193)",
                "show": true
            },
            "tableColumn": "",
            "targets": [
                {
                    "expr": "count(node_memory_MemTotal{})",
                    "format": "time_series",
                    "instant": true,
                    "interval": "5m",
                    "intervalFactor": 1,
                    "refId": "A",
                    "step": 300
                }
            ],
            "thresholds": "",
            "title": "Systems under monitoring",
            "transparent": false,
            "type": "singlestat",
            "valueFontSize": "100%",
            "valueMaps": [
                {
                    "op": "=",
                    "text": "N/A",
                    "value": "null"
                }
            ],
            "valueName": "current"
        },
        {
            "cacheTimeout": null,
            "colorBackground": false,
            "colorValue": false,
            "colors": [
                "rgba(245, 54, 54, 0.9)",
                "rgba(237, 129, 40, 0.89)",
                "rgba(50, 172, 45, 0.97)"
            ],
            "datasource": "Prometheus",
            "decimals": null,
            "editable": true,
            "error": false,
            "format": "short",
            "gauge": {
                "maxValue": 100,
                "minValue": 0,
                "show": false,
                "thresholdLabels": false,
                "thresholdMarkers": true
            },
            "gridPos": {
                "h": 2,
                "w": 6,
                "x": 18,
                "y": 7
            },
            "height": "50",
            "id": 1336,
            "interval": "$interval",
            "links": [],
            "mappingType": 1,
            "mappingTypes": [
                {
                    "name": "value to text",
                    "value": 1
                },
                {
                    "name": "range to text",
                    "value": 2
                }
            ],
            "maxDataPoints": 100,
            "nullPointMode": "connected",
            "nullText": null,
            "postfix": "",
            "postfixFontSize": "100%",
            "prefix": "",
            "prefixFontSize": "100%",
            "rangeMaps": [
                {
                    "from": "null",
                    "text": "N/A",
                    "to": "null"
                }
            ],
            "sparkline": {
                "fillColor": "rgba(31, 118, 189, 0.18)",
                "full": false,
                "lineColor": "rgb(31, 120, 193)",
                "show": true
            },
            "tableColumn": "",
            "targets": [
                {
                    "calculatedInterval": "10m",
                    "datasourceErrors": {},
                    "errors": {},
                    "expr": "count(mysql_global_status_uptime{} or mongodb_mongod_instance_uptime_seconds {})",
                    "format": "time_series",
                    "instant": true,
                    "interval": "5m",
                    "intervalFactor": 1,
                    "legendFormat": "",
                    "metric": "",
                    "refId": "A",
                    "step": 300
                }
            ],
            "thresholds": "300,3600",
            "title": "Monitored DB Instances",
            "transparent": false,
            "type": "singlestat",
            "valueFontSize": "100%",
            "valueMaps": [],
            "valueName": "current"
        },
        {
            "datasource": "Prometheus",
            "gridPos": {
                "h": 5,
                "w": 6,
                "x": 18,
                "y": 9
            },
            "height": "120px",
            "id": 1337,
            "links": [],
            "targets": [
                {
                    "expr": "",
                    "format": "time_series",
                    "intervalFactor": 2,
                    "refId": "A"
                }
            ],
            "title": "",
            "type": "pmm-update-panel"
        },
        {
            "collapsed": false,
            "gridPos": {
                "h": 1,
                "w": 24,
                "x": 0,
                "y": 14
            },
            "id": 1342,
            "panels": [],
            "repeat": null,
            "title": "Environment Overview",
            "type": "row"
        },
        {
            "content": "<b>All</b>",
            "gridPos": {
                "h": 3,
                "w": 2,
                "x": 0,
                "y": 15
            },
            "id": 1298,
            "links": [
                {
                    "dashUri": "db/system-overview",
                    "dashboard": "System Overview",
                    "includeVars": true,
                    "keepTime": true,
                    "targetBlank": true,
                    "title": "System Overview",
                    "type": "dashboard"
                }
            ],
            "mode": "html",
            "title": "Host",
            "transparent": false,
            "type": "text"
        },
        {
            "cacheTimeout": null,
            "colorBackground": false,
            "colorValue": true,
            "colors": [
                "rgba(50, 172, 45, 0.97)",
                "rgba(237, 129, 40, 0.89)",
                "rgba(245, 54, 54, 0.9)"
            ],
            "datasource": "Prometheus",
            "decimals": 0,
            "editable": true,
            "error": false,
            "format": "percent",
            "gauge": {
                "maxValue": 100,
                "minValue": 0,
                "show": false,
                "thresholdLabels": false,
                "thresholdMarkers": true
            },
            "gridPos": {
                "h": 3,
                "w": 2,
                "x": 2,
                "y": 15
            },
            "height": "50",
            "id": 1299,
            "interval": "$interval",
            "links": [
                {
                    "dashUri": "db/system-overview",
                    "dashboard": "System Overview",
                    "includeVars": true,
                    "keepTime": true,
                    "targetBlank": true,
                    "title": "System Overview",
                    "type": "dashboard"
                }
            ],
            "mappingType": 1,
            "mappingTypes": [
                {
                    "name": "value to text",
                    "value": 1
                },
                {
                    "name": "range to text",
                    "value": 2
                }
            ],
            "maxDataPoints": 100,
            "nullPointMode": "connected",
            "nullText": null,
            "postfix": "",
            "postfixFontSize": "80%",
            "prefix": "",
            "prefixFontSize": "80%",
            "rangeMaps": [
                {
                    "from": "null",
                    "text": "N/A",
                    "to": "null"
                }
            ],
            "sparkline": {
                "fillColor": "rgba(31, 118, 189, 0.18)",
                "full": true,
                "lineColor": "rgb(31, 120, 193)",
                "show": true
            },
            "tableColumn": "",
            "targets": [
                {
                    "calculatedInterval": "10m",
                    "datasourceErrors": {},
                    "errors": {},
                    "expr": "avg by () ((sum by (instance,cpu) ( (clamp_max(rate(node_cpu{instance=~\"$host\",mode!='idle',mode!=\"iowait\"}[$interval]),1)) or  (clamp_max(irate(node_cpu{instance=~\"$host\",mode!='idle',mode!=\"iowait\"}[5m]),1)) ))*100 or (avg_over_time(node_cpu_average{instance=~\"$host\", mode=\"total\"}[$interval]) or avg_over_time(node_cpu_average{instance=~\"$host\", mode=\"total\"}[5m])))",
                    "format": "time_series",
                    "interval": "$interval",
                    "intervalFactor": 1,
                    "legendFormat": "",
                    "metric": "node_mem",
                    "refId": "A",
                    "step": 300
                }
            ],
            "thresholds": "70,90",
            "title": "CPU Busy",
            "transparent": false,
            "type": "singlestat",
            "valueFontSize": "80%",
            "valueMaps": [],
            "valueName": "current"
        },
        {
            "cacheTimeout": null,
            "colorBackground": false,
            "colorValue": true,
            "colors": [
                "rgba(245, 54, 54, 0.9)",
                "rgba(237, 129, 40, 0.89)",
                "rgba(50, 172, 45, 0.97)"
            ],
            "datasource": "Prometheus",
            "decimals": 0,
            "editable": true,
            "error": false,
            "format": "percent",
            "gauge": {
                "maxValue": 100,
                "minValue": 0,
                "show": false,
                "thresholdLabels": false,
                "thresholdMarkers": true
            },
            "gridPos": {
                "h": 3,
                "w": 2,
                "x": 4,
                "y": 15
            },
            "height": "50",
            "id": 1300,
            "interval": "$interval",
            "links": [],
            "mappingType": 1,
            "mappingTypes": [
                {
                    "name": "value to text",
                    "value": 1
                },
                {
                    "name": "range to text",
                    "value": 2
                }
            ],
            "maxDataPoints": 100,
            "nullPointMode": "connected",
            "nullText": null,
            "postfix": "",
            "postfixFontSize": "50%",
            "prefix": "",
            "prefixFontSize": "80%",
            "rangeMaps": [
                {
                    "from": "null",
                    "text": "N/A",
                    "to": "null"
                }
            ],
            "sparkline": {
                "fillColor": "rgba(31, 118, 189, 0.18)",
                "full": true,
                "lineColor": "rgb(31, 120, 193)",
                "show": true
            },
            "tableColumn": "",
            "targets": [
                {
                    "calculatedInterval": "10m",
                    "datasourceErrors": {},
                    "errors": {},
                    "expr": "avg by () ((node_memory_MemAvailable{instance=~\"$host\"} or (node_memory_MemFree{instance=~\"$host\"} + node_memory_Buffers{instance=~\"$host\"} + node_memory_Cached{instance=~\"$host\"})) / node_memory_MemTotal{instance=~\"$host\"}) * 100",
                    "format": "time_series",
                    "interval": "$interval",
                    "intervalFactor": 1,
                    "legendFormat": "",
                    "metric": "node_mem",
                    "refId": "A",
                    "step": 300
                }
            ],
            "thresholds": "10,20",
            "title": "Mem Avail",
            "transparent": false,
            "type": "singlestat",
            "valueFontSize": "80%",
            "valueMaps": [],
            "valueName": "current"
        },
        {
            "cacheTimeout": null,
            "colorBackground": false,
            "colorValue": false,
            "colors": [
                "#0a437c",
                "#1f78c1",
                "#5195ce"
            ],
            "datasource": "Prometheus",
            "decimals": 1,
            "editable": true,
            "error": false,
            "format": "Bps",
            "gauge": {
                "maxValue": 100,
                "minValue": 0,
                "show": false,
                "thresholdLabels": false,
                "thresholdMarkers": true
            },
            "gridPos": {
                "h": 3,
                "w": 2,
                "x": 6,
                "y": 15
            },
            "height": "50",
            "id": 1301,
            "interval": "$interval",
            "links": [
                {
                    "dashUri": "db/disk-performance",
                    "dashboard": "Disk Performance",
                    "includeVars": true,
                    "keepTime": true,
                    "targetBlank": true,
                    "title": "Disk Performance",
                    "type": "dashboard"
                }
            ],
            "mappingType": 1,
            "mappingTypes": [
                {
                    "name": "value to text",
                    "value": 1
                },
                {
                    "name": "range to text",
                    "value": 2
                }
            ],
            "maxDataPoints": 100,
            "nullPointMode": "connected",
            "nullText": null,
            "postfix": "",
            "postfixFontSize": "30%",
            "prefix": "",
            "prefixFontSize": "30%",
            "rangeMaps": [
                {
                    "from": "null",
                    "text": "N/A",
                    "to": "null"
                }
            ],
            "sparkline": {
                "fillColor": "rgba(31, 118, 189, 0.18)",
                "full": true,
                "lineColor": "rgb(31, 120, 193)",
                "show": true
            },
            "tableColumn": "",
            "targets": [
                {
                    "calculatedInterval": "10m",
                    "datasourceErrors": {},
                    "errors": {},
                    "expr": "sum by () (rate(node_vmstat_pgpgin{instance=~\"$host\"}[$interval]) or irate(node_vmstat_pgpgin{instance=~\"$host\"}[5m])) * 1024",
                    "format": "time_series",
                    "interval": "$interval",
                    "intervalFactor": 1,
                    "legendFormat": "",
                    "metric": "node_mem",
                    "refId": "A",
                    "step": 300
                }
            ],
            "thresholds": "10000000,100000000",
            "title": "Disk Reads",
            "transparent": false,
            "type": "singlestat",
            "valueFontSize": "30%",
            "valueMaps": [],
            "valueName": "current"
        },
        {
            "cacheTimeout": null,
            "colorBackground": false,
            "colorValue": false,
            "colors": [
                "#6d1f62",
                "#962d82",
                "#ba43a9"
            ],
            "datasource": "Prometheus",
            "decimals": 1,
            "editable": true,
            "error": false,
            "format": "Bps",
            "gauge": {
                "maxValue": 100,
                "minValue": 0,
                "show": false,
                "thresholdLabels": false,
                "thresholdMarkers": true
            },
            "gridPos": {
                "h": 3,
                "w": 2,
                "x": 8,
                "y": 15
            },
            "height": "50",
            "id": 1302,
            "interval": "$interval",
            "links": [],
            "mappingType": 1,
            "mappingTypes": [
                {
                    "name": "value to text",
                    "value": 1
                },
                {
                    "name": "range to text",
                    "value": 2
                }
            ],
            "maxDataPoints": 100,
            "nullPointMode": "connected",
            "nullText": null,
            "postfix": "",
            "postfixFontSize": "30%",
            "prefix": "",
            "prefixFontSize": "30%",
            "rangeMaps": [
                {
                    "from": "null",
                    "text": "N/A",
                    "to": "null"
                }
            ],
            "sparkline": {
                "fillColor": "rgba(31, 118, 189, 0.18)",
                "full": true,
                "lineColor": "rgb(31, 120, 193)",
                "show": true
            },
            "tableColumn": "",
            "targets": [
                {
                    "calculatedInterval": "10m",
                    "datasourceErrors": {},
                    "errors": {},
                    "expr": "sum by () (rate(node_vmstat_pgpgout{instance=~\"$host\"}[$interval]) or irate(node_vmstat_pgpgout{instance=~\"$host\"}[5m])) * 1024",
                    "format": "time_series",
                    "interval": "$interval",
                    "intervalFactor": 1,
                    "legendFormat": "",
                    "metric": "node_mem",
                    "refId": "A",
                    "step": 300
                }
            ],
            "thresholds": "10000000,100000000",
            "title": "Disk Writes",
            "transparent": false,
            "type": "singlestat",
            "valueFontSize": "30%",
            "valueMaps": [],
            "valueName": "current"
        },
        {
            "cacheTimeout": null,
            "colorBackground": false,
            "colorValue": true,
            "colors": [
                "rgba(245, 54, 54, 0.9)",
                "#fce2de",
                "rgba(50, 172, 45, 0.97)"
            ],
            "datasource": "Prometheus",
            "decimals": 1,
            "editable": true,
            "error": false,
            "format": "Bps",
            "gauge": {
                "maxValue": 100,
                "minValue": 0,
                "show": false,
                "thresholdLabels": false,
                "thresholdMarkers": true
            },
            "gridPos": {
                "h": 3,
                "w": 2,
                "x": 10,
                "y": 15
            },
            "height": "50",
            "id": 1303,
            "interval": "$interval",
            "links": [],
            "mappingType": 1,
            "mappingTypes": [
                {
                    "name": "value to text",
                    "value": 1
                },
                {
                    "name": "range to text",
                    "value": 2
                }
            ],
            "maxDataPoints": 100,
            "nullPointMode": "connected",
            "nullText": null,
            "postfix": "",
            "postfixFontSize": "30%",
            "prefix": "",
            "prefixFontSize": "30%",
            "rangeMaps": [
                {
                    "from": "null",
                    "text": "N/A",
                    "to": "null"
                }
            ],
            "sparkline": {
                "fillColor": "rgba(31, 118, 189, 0.18)",
                "full": true,
                "lineColor": "rgb(31, 120, 193)",
                "show": true
            },
            "tableColumn": "",
            "targets": [
                {
                    "calculatedInterval": "10m",
                    "datasourceErrors": {},
                    "errors": {},
                    "expr": "sum(rate(node_network_receive_bytes{instance=~\"$host\",device!=\"lo\"}[$interval]) \nor irate(node_network_receive_bytes{instance=~\"$host\",device!=\"lo\"}[5m]) \nor max_over_time(rdsosmetrics_network_rx{instance=~\"$host\"}[$interval]) \nor max_over_time(rdsosmetrics_network_rx{instance=~\"$host\"}[5m]))\n+\nsum(rate(node_network_transmit_bytes{instance=~\"$host\",device!=\"lo\"}[$interval]) \nor irate(node_network_transmit_bytes{instance=~\"$host\",device!=\"lo\"}[5m])\nor max_over_time(rdsosmetrics_network_tx{instance=~\"$host\"}[$interval]) \nor max_over_time(rdsosmetrics_network_tx{instance=~\"$host\"}[5m]))",
                    "format": "time_series",
                    "interval": "$interval",
                    "intervalFactor": 1,
                    "legendFormat": "",
                    "metric": "node_mem",
                    "refId": "A",
                    "step": 300
                }
            ],
            "thresholds": "",
            "title": "Network IO",
            "transparent": false,
            "type": "singlestat",
            "valueFontSize": "30%",
            "valueMaps": [],
            "valueName": "current"
        },
        {
            "cacheTimeout": null,
            "colorBackground": false,
            "colorValue": false,
            "colors": [
                "rgba(245, 54, 54, 0.9)",
                "#7eb26d",
                "rgba(50, 172, 45, 0.97)"
            ],
            "datasource": "Prometheus",
            "decimals": null,
            "editable": true,
            "error": false,
            "format": "short",
            "gauge": {
                "maxValue": 100,
                "minValue": 0,
                "show": false,
                "thresholdLabels": false,
                "thresholdMarkers": true
            },
            "gridPos": {
                "h": 3,
                "w": 2,
                "x": 12,
                "y": 15
            },
            "height": "50",
            "id": 1304,
            "interval": "$interval",
            "links": [
                {
                    "dashUri": "db/mysql-overview",
                    "dashboard": "MySQL Overview",
                    "includeVars": true,
                    "keepTime": true,
                    "targetBlank": true,
                    "title": "MySQL Overview",
                    "type": "dashboard"
                },
                {
                    "dashUri": "db/mongodb-overview",
                    "dashboard": "MongoDB Overview",
                    "includeVars": true,
                    "keepTime": true,
                    "targetBlank": true,
                    "title": "MongoDB Overview",
                    "type": "dashboard"
                }
            ],
            "mappingType": 1,
            "mappingTypes": [
                {
                    "name": "value to text",
                    "value": 1
                },
                {
                    "name": "range to text",
                    "value": 2
                }
            ],
            "maxDataPoints": 100,
            "nullPointMode": "connected",
            "nullText": null,
            "postfix": "",
            "postfixFontSize": "30%",
            "prefix": "",
            "prefixFontSize": "30%",
            "rangeMaps": [
                {
                    "from": "null",
                    "text": "N/A",
                    "to": "null"
                }
            ],
            "sparkline": {
                "fillColor": "rgba(31, 118, 189, 0.18)",
                "full": true,
                "lineColor": "rgb(31, 120, 193)",
                "show": true
            },
            "tableColumn": "",
            "targets": [
                {
                    "calculatedInterval": "10m",
                    "datasourceErrors": {},
                    "errors": {},
                    "expr": "sum by () (max_over_time(mysql_global_status_threads_connected{instance=~\"$host\"}[$interval]) or max_over_time(mongodb_mongod_connections{instance=~\"$host\",state=\"current\"}[$interval]))",
                    "format": "time_series",
                    "interval": "$interval",
                    "intervalFactor": 1,
                    "legendFormat": "",
                    "metric": "node_mem",
                    "refId": "A",
                    "step": 300
                }
            ],
            "thresholds": "",
            "title": "DB Conns",
            "transparent": false,
            "type": "singlestat",
            "valueFontSize": "30%",
            "valueMaps": [],
            "valueName": "current"
        },
        {
            "cacheTimeout": null,
            "colorBackground": false,
            "colorValue": false,
            "colors": [
                "rgba(245, 54, 54, 0.9)",
                "#7eb26d",
                "rgba(50, 172, 45, 0.97)"
            ],
            "datasource": "Prometheus",
            "decimals": 2,
            "editable": true,
            "error": false,
            "format": "short",
            "gauge": {
                "maxValue": 100,
                "minValue": 0,
                "show": false,
                "thresholdLabels": false,
                "thresholdMarkers": true
            },
            "gridPos": {
                "h": 3,
                "w": 2,
                "x": 14,
                "y": 15
            },
            "height": "50",
            "id": 1305,
            "interval": "$interval",
            "links": [],
            "mappingType": 1,
            "mappingTypes": [
                {
                    "name": "value to text",
                    "value": 1
                },
                {
                    "name": "range to text",
                    "value": 2
                }
            ],
            "maxDataPoints": 100,
            "nullPointMode": "connected",
            "nullText": null,
            "postfix": "",
            "postfixFontSize": "30%",
            "prefix": "",
            "prefixFontSize": "30%",
            "rangeMaps": [
                {
                    "from": "null",
                    "text": "N/A",
                    "to": "null"
                }
            ],
            "sparkline": {
                "fillColor": "rgba(31, 118, 189, 0.18)",
                "full": true,
                "lineColor": "rgb(31, 120, 193)",
                "show": true
            },
            "tableColumn": "",
            "targets": [
                {
                    "calculatedInterval": "10m",
                    "datasourceErrors": {},
                    "errors": {},
                    "expr": "sum by () (rate(mysql_global_status_queries{instance=~\"$host\"}[$interval]) or irate(mysql_global_status_queries{instance=~\"$host\"}[5m])) or (sum(rate(mongodb_mongod_op_counters_total{instance=~\"$host\",type!=\"command\"}[$interval])) or sum(irate(mongodb_mongod_op_counters_total{instance=~\"$host\",type!=\"command\"}[5m])))",
                    "format": "time_series",
                    "interval": "$interval",
                    "intervalFactor": 1,
                    "legendFormat": "",
                    "metric": "node_mem",
                    "refId": "A",
                    "step": 300
                }
            ],
            "thresholds": "",
            "title": "DB QPS",
            "transparent": false,
            "type": "singlestat",
            "valueFontSize": "30%",
            "valueMaps": [],
            "valueName": "current"
        },
        {
            "cacheTimeout": null,
            "colorBackground": false,
            "colorValue": false,
            "colors": [
                "rgba(245, 54, 54, 0.9)",
                "rgba(237, 129, 40, 0.89)",
                "rgba(50, 172, 45, 0.97)"
            ],
            "datasource": "Prometheus",
            "editable": true,
            "error": false,
            "format": "none",
            "gauge": {
                "maxValue": 100,
                "minValue": 0,
                "show": false,
                "thresholdLabels": false,
                "thresholdMarkers": true
            },
            "gridPos": {
                "h": 3,
                "w": 2,
                "x": 16,
                "y": 15
            },
            "height": "20",
            "id": 1306,
            "interval": "$interval",
            "links": [],
            "mappingType": 1,
            "mappingTypes": [
                {
                    "name": "value to text",
                    "value": 1
                },
                {
                    "name": "range to text",
                    "value": 2
                }
            ],
            "maxDataPoints": 100,
            "nullPointMode": "connected",
            "nullText": null,
            "postfix": "",
            "postfixFontSize": "50%",
            "prefix": "",
            "prefixFontSize": "50%",
            "rangeMaps": [
                {
                    "from": "null",
                    "text": "N/A",
                    "to": "null"
                }
            ],
            "sparkline": {
                "fillColor": "rgba(31, 118, 189, 0.18)",
                "full": false,
                "lineColor": "rgb(31, 120, 193)",
                "show": false
            },
            "tableColumn": "",
            "targets": [
                {
                    "expr": "count(node_cpu{instance=~\"$host\",mode=\"user\"} or rdsosmetrics_General_numVCPUs{instance=~\"$host\"})",
                    "format": "time_series",
                    "instant": true,
                    "interval": "$interval",
                    "intervalFactor": 1,
                    "refId": "A",
                    "step": 300
                }
            ],
            "thresholds": "",
            "title": "Virtual CPUs",
            "transparent": false,
            "type": "singlestat",
            "valueFontSize": "50%",
            "valueMaps": [
                {
                    "op": "=",
                    "text": "N/A",
                    "value": "null"
                }
            ],
            "valueName": "current"
        },
        {
            "cacheTimeout": null,
            "colorBackground": false,
            "colorValue": false,
            "colors": [
                "rgba(245, 54, 54, 0.9)",
                "rgba(237, 129, 40, 0.89)",
                "rgba(50, 172, 45, 0.97)"
            ],
            "datasource": "Prometheus",
            "decimals": 2,
            "editable": true,
            "error": false,
            "format": "bytes",
            "gauge": {
                "maxValue": 100,
                "minValue": 0,
                "show": false,
                "thresholdLabels": false,
                "thresholdMarkers": true
            },
            "gridPos": {
                "h": 3,
                "w": 2,
                "x": 18,
                "y": 15
            },
            "height": "50",
            "id": 1307,
            "interval": "$interval",
            "links": [],
            "mappingType": 1,
            "mappingTypes": [
                {
                    "name": "value to text",
                    "value": 1
                },
                {
                    "name": "range to text",
                    "value": 2
                }
            ],
            "maxDataPoints": 100,
            "nullPointMode": "connected",
            "nullText": null,
            "postfix": "",
            "postfixFontSize": "20%",
            "prefix": "",
            "prefixFontSize": "20%",
            "rangeMaps": [
                {
                    "from": "null",
                    "text": "N/A",
                    "to": "null"
                }
            ],
            "sparkline": {
                "fillColor": "rgba(31, 118, 189, 0.18)",
                "full": false,
                "lineColor": "rgb(31, 120, 193)",
                "show": false
            },
            "tableColumn": "",
            "targets": [
                {
                    "expr": "sum by () (node_memory_MemTotal{instance=~\"$host\"})",
                    "format": "time_series",
                    "instant": true,
                    "interval": "5m",
                    "intervalFactor": 1,
                    "refId": "A",
                    "step": 300
                }
            ],
            "thresholds": "",
            "title": "RAM",
            "type": "singlestat",
            "valueFontSize": "30%",
            "valueMaps": [
                {
                    "op": "=",
                    "text": "N/A",
                    "value": "null"
                }
            ],
            "valueName": "current"
        },
        {
            "cacheTimeout": null,
            "colorBackground": false,
            "colorValue": true,
            "colors": [
                "rgba(245, 54, 54, 0.9)",
                "rgba(237, 129, 40, 0.89)",
                "rgba(50, 172, 45, 0.97)"
            ],
            "datasource": "Prometheus",
            "decimals": 1,
            "description": "AVG   Uptime for  `All`",
            "editable": true,
            "error": false,
            "format": "s",
            "gauge": {
                "maxValue": 100,
                "minValue": 0,
                "show": false,
                "thresholdLabels": false,
                "thresholdMarkers": true
            },
            "gridPos": {
                "h": 3,
                "w": 2,
                "x": 20,
                "y": 15
            },
            "height": "50",
            "id": 1308,
            "interval": "$interval",
            "links": [],
            "mappingType": 1,
            "mappingTypes": [
                {
                    "name": "value to text",
                    "value": 1
                },
                {
                    "name": "range to text",
                    "value": 2
                }
            ],
            "maxDataPoints": 100,
            "nullPointMode": "connected",
            "nullText": null,
            "postfix": "s",
            "postfixFontSize": "20%",
            "prefix": "",
            "prefixFontSize": "20%",
            "rangeMaps": [
                {
                    "from": "null",
                    "text": "N/A",
                    "to": "null"
                }
            ],
            "sparkline": {
                "fillColor": "rgba(31, 118, 189, 0.18)",
                "full": false,
                "lineColor": "rgb(31, 120, 193)",
                "show": false
            },
            "tableColumn": "",
            "targets": [
                {
                    "expr": "avg(node_time{instance=~\"$host\"} - node_boot_time{instance=~\"$host\"})",
                    "format": "time_series",
                    "instant": true,
                    "interval": "5m",
                    "intervalFactor": 1,
                    "refId": "A",
                    "step": 300
                }
            ],
            "thresholds": "3600,86400",
            "title": "Host uptime",
            "type": "singlestat",
            "valueFontSize": "30%",
            "valueMaps": [
                {
                    "op": "=",
                    "text": "N/A",
                    "value": "null"
                }
            ],
            "valueName": "avg"
        },
        {
            "cacheTimeout": null,
            "colorBackground": false,
            "colorValue": true,
            "colors": [
                "rgba(245, 54, 54, 0.9)",
                "rgba(237, 129, 40, 0.89)",
                "rgba(50, 172, 45, 0.97)"
            ],
            "datasource": "Prometheus",
            "decimals": 1,
            "description": "AVG for  `All`",
            "editable": true,
            "error": false,
            "format": "s",
            "gauge": {
                "maxValue": 100,
                "minValue": 0,
                "show": false,
                "thresholdLabels": false,
                "thresholdMarkers": true
            },
            "gridPos": {
                "h": 3,
                "w": 2,
                "x": 22,
                "y": 15
            },
            "height": "50",
            "id": 1309,
            "interval": "$interval",
            "links": [],
            "mappingType": 1,
            "mappingTypes": [
                {
                    "name": "value to text",
                    "value": 1
                },
                {
                    "name": "range to text",
                    "value": 2
                }
            ],
            "maxDataPoints": 100,
            "nullPointMode": "connected",
            "nullText": null,
            "postfix": "s",
            "postfixFontSize": "20%",
            "prefix": "",
            "prefixFontSize": "20%",
            "rangeMaps": [
                {
                    "from": "null",
                    "text": "N/A",
                    "to": "null"
                }
            ],
            "sparkline": {
                "fillColor": "rgba(31, 118, 189, 0.18)",
                "full": false,
                "lineColor": "rgb(31, 120, 193)",
                "show": false
            },
            "tableColumn": "",
            "targets": [
                {
                    "calculatedInterval": "10m",
                    "datasourceErrors": {},
                    "errors": {},
                    "expr": "avg(mysql_global_status_uptime{instance=~\"$host\"} or mongodb_mongod_instance_uptime_seconds {instance=~\"$host\"})",
                    "format": "time_series",
                    "instant": false,
                    "interval": "5m",
                    "intervalFactor": 1,
                    "legendFormat": "",
                    "metric": "",
                    "refId": "A",
                    "step": 300
                }
            ],
            "thresholds": "3600,86400",
            "title": "DB uptime",
            "transparent": false,
            "type": "singlestat",
            "valueFontSize": "30%",
            "valueMaps": [],
            "valueName": "avg"
        },
        {
            "collapsed": false,
            "gridPos": {
                "h": 1,
                "w": 24,
                "x": 0,
                "y": 18
            },
            "id": 1343,
            "panels": [],
            "repeat": "host",
            "title": "",
            "type": "row"
        },
        {
            "content": "$host",
            "gridPos": {
                "h": 3,
                "w": 2,
                "x": 0,
                "y": 19
            },
            "height": "50px",
            "id": 162,
            "links": [
                {
                    "dashUri": "db/system-overview",
                    "dashboard": "System Overview",
                    "includeVars": true,
                    "keepTime": true,
                    "targetBlank": true,
                    "title": "System Overview",
                    "type": "dashboard"
                }
            ],
            "minSpan": 2,
            "mode": "markdown",
            "title": "",
            "transparent": true,
            "type": "text"
        },
        {
            "cacheTimeout": null,
            "colorBackground": false,
            "colorValue": true,
            "colors": [
                "rgba(50, 172, 45, 0.97)",
                "rgba(237, 129, 40, 0.89)",
                "rgba(245, 54, 54, 0.9)"
            ],
            "datasource": "Prometheus",
            "decimals": 0,
            "editable": true,
            "error": false,
            "format": "percent",
            "gauge": {
                "maxValue": 100,
                "minValue": 0,
                "show": false,
                "thresholdLabels": false,
                "thresholdMarkers": true
            },
            "gridPos": {
                "h": 3,
                "w": 2,
                "x": 2,
                "y": 19
            },
            "height": "50",
            "id": 163,
            "interval": "$interval",
            "links": [
                {
                    "dashUri": "db/system-overview",
                    "dashboard": "System Overview",
                    "includeVars": true,
                    "keepTime": true,
                    "targetBlank": true,
                    "title": "System Overview",
                    "type": "dashboard"
                }
            ],
            "mappingType": 1,
            "mappingTypes": [
                {
                    "name": "value to text",
                    "value": 1
                },
                {
                    "name": "range to text",
                    "value": 2
                }
            ],
            "maxDataPoints": 100,
            "nullPointMode": "connected",
            "nullText": null,
            "postfix": "",
            "postfixFontSize": "80%",
            "prefix": "",
            "prefixFontSize": "80%",
            "rangeMaps": [
                {
                    "from": "null",
                    "text": "N/A",
                    "to": "null"
                }
            ],
            "sparkline": {
                "fillColor": "rgba(31, 118, 189, 0.18)",
                "full": true,
                "lineColor": "rgb(31, 120, 193)",
                "show": true
            },
            "tableColumn": "",
            "targets": [
                {
                    "calculatedInterval": "10m",
                    "datasourceErrors": {},
                    "errors": {},
                    "expr": "clamp_max(avg by (instance) \n(sum by (cpu) ( (clamp_max(rate(node_cpu{instance=~\"$host\",mode!='idle',mode!=\"iowait\"}[$interval]),1)) or\n(clamp_max(irate(node_cpu{instance=~\"$host\",mode!='idle',mode!=\"iowait\"}[5m]),1)) )),1) *100 or\n(avg_over_time(node_cpu_average{instance=~\"$host\", mode=\"total\"}[$interval]) or\navg_over_time(node_cpu_average{instance=~\"$host\", mode=\"total\"}[5m]))",
                    "format": "time_series",
                    "interval": "$interval",
                    "intervalFactor": 1,
                    "legendFormat": "",
                    "metric": "node_mem",
                    "refId": "A",
                    "step": 300
                }
            ],
            "thresholds": "70,90",
            "title": "",
            "transparent": false,
            "type": "singlestat",
            "valueFontSize": "80%",
            "valueMaps": [
                {
                    "op": "=",
                    "text": "N/A",
                    "value": "null"
                }
            ],
            "valueName": "current"
        },
        {
            "cacheTimeout": null,
            "colorBackground": false,
            "colorValue": true,
            "colors": [
                "rgba(245, 54, 54, 0.9)",
                "rgba(237, 129, 40, 0.89)",
                "rgba(50, 172, 45, 0.97)"
            ],
            "datasource": "Prometheus",
            "decimals": 0,
            "editable": true,
            "error": false,
            "format": "percent",
            "gauge": {
                "maxValue": 100,
                "minValue": 0,
                "show": false,
                "thresholdLabels": false,
                "thresholdMarkers": true
            },
            "gridPos": {
                "h": 3,
                "w": 2,
                "x": 4,
                "y": 19
            },
            "height": "50",
            "id": 9,
            "interval": "$interval",
            "links": [],
            "mappingType": 1,
            "mappingTypes": [
                {
                    "name": "value to text",
                    "value": 1
                },
                {
                    "name": "range to text",
                    "value": 2
                }
            ],
            "maxDataPoints": 100,
            "nullPointMode": "connected",
            "nullText": null,
            "postfix": "",
            "postfixFontSize": "50%",
            "prefix": "",
            "prefixFontSize": "80%",
            "rangeMaps": [
                {
                    "from": "null",
                    "text": "N/A",
                    "to": "null"
                }
            ],
            "sparkline": {
                "fillColor": "rgba(31, 118, 189, 0.18)",
                "full": true,
                "lineColor": "rgb(31, 120, 193)",
                "show": true
            },
            "tableColumn": "",
            "targets": [
                {
                    "calculatedInterval": "10m",
                    "datasourceErrors": {},
                    "errors": {},
                    "expr": "(node_memory_MemAvailable{instance=~\"$host\"} or \n(node_memory_MemFree{instance=~\"$host\"} + node_memory_Buffers{instance=~\"$host\"} + node_memory_Cached{instance=~\"$host\"})) / \nnode_memory_MemTotal{instance=~\"$host\"} * 100",
                    "format": "time_series",
                    "interval": "$interval",
                    "intervalFactor": 1,
                    "legendFormat": "",
                    "metric": "node_mem",
                    "refId": "A",
                    "step": 300
                }
            ],
            "thresholds": "10,20",
            "title": "",
            "transparent": false,
            "type": "singlestat",
            "valueFontSize": "80%",
            "valueMaps": [
                {
                    "op": "=",
                    "text": "N/A",
                    "value": "null"
                }
            ],
            "valueName": "current"
        },
        {
            "cacheTimeout": null,
            "colorBackground": false,
            "colorValue": false,
            "colors": [
                "#0a437c",
                "#1f78c1",
                "#5195ce"
            ],
            "datasource": "Prometheus",
            "decimals": 1,
            "editable": true,
            "error": false,
            "format": "Bps",
            "gauge": {
                "maxValue": 100,
                "minValue": 0,
                "show": false,
                "thresholdLabels": false,
                "thresholdMarkers": true
            },
            "gridPos": {
                "h": 3,
                "w": 2,
                "x": 6,
                "y": 19
            },
            "height": "25",
            "id": 314,
            "interval": "$interval",
            "links": [
                {
                    "dashUri": "db/disk-performance",
                    "dashboard": "Disk Performance",
                    "includeVars": true,
                    "keepTime": true,
                    "targetBlank": true,
                    "title": "Disk Performance",
                    "type": "dashboard"
                }
            ],
            "mappingType": 1,
            "mappingTypes": [
                {
                    "name": "value to text",
                    "value": 1
                },
                {
                    "name": "range to text",
                    "value": 2
                }
            ],
            "maxDataPoints": 100,
            "nullPointMode": "connected",
            "nullText": null,
            "postfix": "",
            "postfixFontSize": "30%",
            "prefix": "",
            "prefixFontSize": "30%",
            "rangeMaps": [
                {
                    "from": "null",
                    "text": "N/A",
                    "to": "null"
                }
            ],
            "sparkline": {
                "fillColor": "rgba(224, 249, 215, 0)",
                "full": false,
                "lineColor": "rgb(31, 120, 193)",
                "show": true
            },
            "tableColumn": "",
            "targets": [
                {
                    "calculatedInterval": "10m",
                    "datasourceErrors": {},
                    "errors": {},
                    "expr": "rate(node_vmstat_pgpgin{instance=~\"$host\"}[$interval]) * 1024 or irate(node_vmstat_pgpgin{instance=~\"$host\"}[5m]) * 1024",
                    "format": "time_series",
                    "interval": "$interval",
                    "intervalFactor": 1,
                    "legendFormat": "",
                    "metric": "node_mem",
                    "refId": "A",
                    "step": 300
                }
            ],
            "thresholds": "10000000,100000000",
            "title": "",
            "transparent": false,
            "type": "singlestat",
            "valueFontSize": "30%",
            "valueMaps": [],
            "valueName": "current"
        },
        {
            "cacheTimeout": null,
            "colorBackground": false,
            "colorValue": false,
            "colors": [
                "#6d1f62",
                "#962d82",
                "#ba43a9"
            ],
            "datasource": "Prometheus",
            "decimals": 1,
            "editable": true,
            "error": false,
            "format": "Bps",
            "gauge": {
                "maxValue": 100,
                "minValue": 0,
                "show": false,
                "thresholdLabels": false,
                "thresholdMarkers": true
            },
            "gridPos": {
                "h": 3,
                "w": 2,
                "x": 8,
                "y": 19
            },
            "height": "50",
            "id": 490,
            "interval": "$interval",
            "links": [],
            "mappingType": 1,
            "mappingTypes": [
                {
                    "name": "value to text",
                    "value": 1
                },
                {
                    "name": "range to text",
                    "value": 2
                }
            ],
            "maxDataPoints": 100,
            "nullPointMode": "connected",
            "nullText": null,
            "postfix": "",
            "postfixFontSize": "30%",
            "prefix": "",
            "prefixFontSize": "30%",
            "rangeMaps": [
                {
                    "from": "null",
                    "text": "N/A",
                    "to": "null"
                }
            ],
            "sparkline": {
                "fillColor": "rgba(31, 118, 189, 0.18)",
                "full": false,
                "lineColor": "rgb(31, 120, 193)",
                "show": true
            },
            "tableColumn": "",
            "targets": [
                {
                    "calculatedInterval": "10m",
                    "datasourceErrors": {},
                    "errors": {},
                    "expr": "rate(node_vmstat_pgpgout{instance=~\"$host\"}[$interval]) * 1024 or irate(node_vmstat_pgpgout{instance=~\"$host\"}[5m]) * 1024",
                    "format": "time_series",
                    "interval": "$interval",
                    "intervalFactor": 1,
                    "legendFormat": "",
                    "metric": "node_mem",
                    "refId": "A",
                    "step": 300
                }
            ],
            "thresholds": "10000000,100000000",
            "title": "",
            "transparent": false,
            "type": "singlestat",
            "valueFontSize": "30%",
            "valueMaps": [],
            "valueName": "current"
        },
        {
            "cacheTimeout": null,
            "colorBackground": false,
            "colorValue": true,
            "colors": [
                "rgba(245, 54, 54, 0.9)",
                "#fce2de",
                "rgba(50, 172, 45, 0.97)"
            ],
            "datasource": "Prometheus",
            "decimals": 1,
            "editable": true,
            "error": false,
            "format": "Bps",
            "gauge": {
                "maxValue": 100,
                "minValue": 0,
                "show": false,
                "thresholdLabels": false,
                "thresholdMarkers": true
            },
            "gridPos": {
                "h": 3,
                "w": 2,
                "x": 10,
                "y": 19
            },
            "height": "50",
            "id": 491,
            "interval": "$interval",
            "links": [],
            "mappingType": 1,
            "mappingTypes": [
                {
                    "name": "value to text",
                    "value": 1
                },
                {
                    "name": "range to text",
                    "value": 2
                }
            ],
            "maxDataPoints": 100,
            "nullPointMode": "connected",
            "nullText": null,
            "postfix": "",
            "postfixFontSize": "30%",
            "prefix": "",
            "prefixFontSize": "30%",
            "rangeMaps": [
                {
                    "from": "null",
                    "text": "N/A",
                    "to": "null"
                }
            ],
            "sparkline": {
                "fillColor": "rgba(31, 118, 189, 0.18)",
                "full": false,
                "lineColor": "rgb(31, 120, 193)",
                "show": true
            },
            "tableColumn": "",
            "targets": [
                {
                    "calculatedInterval": "10m",
                    "datasourceErrors": {},
                    "errors": {},
                    "expr": "(sum(rate(node_network_receive_bytes{instance=~\"$host\", device!=\"lo\"}[$interval]) or\nirate(node_network_receive_bytes{instance=~\"$host\", device!=\"lo\"}[5m])) or \nsum(max_over_time(rdsosmetrics_network_rx{instance=~\"$host\"}[$interval])) or \nsum(max_over_time(rdsosmetrics_network_rx{instance=~\"$host\"}[5m]))) + \n(sum(rate(node_network_transmit_bytes{instance=~\"$host\", device!=\"lo\"}[$interval]) or \nirate(node_network_transmit_bytes{instance=~\"$host\", device!=\"lo\"}[5m])) or \nsum(max_over_time(rdsosmetrics_network_tx{instance=~\"$host\"}[$interval])) or \nsum(max_over_time(rdsosmetrics_network_tx{instance=~\"$host\"}[5m]))) ",
                    "format": "time_series",
                    "interval": "$interval",
                    "intervalFactor": 1,
                    "legendFormat": "",
                    "metric": "node_mem",
                    "refId": "A",
                    "step": 300
                }
            ],
            "thresholds": "",
            "title": "",
            "transparent": false,
            "type": "singlestat",
            "valueFontSize": "30%",
            "valueMaps": [],
            "valueName": "current"
        },
        {
            "cacheTimeout": null,
            "colorBackground": false,
            "colorValue": false,
            "colors": [
                "rgba(245, 54, 54, 0.9)",
                "#7eb26d",
                "rgba(50, 172, 45, 0.97)"
            ],
            "datasource": "Prometheus",
            "decimals": null,
            "editable": true,
            "error": false,
            "format": "short",
            "gauge": {
                "maxValue": 100,
                "minValue": 0,
                "show": false,
                "thresholdLabels": false,
                "thresholdMarkers": true
            },
            "gridPos": {
                "h": 3,
                "w": 2,
                "x": 12,
                "y": 19
            },
            "height": "50",
            "id": 492,
            "interval": "$interval",
            "links": [
                {
                    "dashUri": "db/mysql-overview",
                    "dashboard": "MySQL Overview",
                    "includeVars": true,
                    "keepTime": true,
                    "targetBlank": true,
                    "title": "MySQL Overview",
                    "type": "dashboard"
                },
                {
                    "dashUri": "db/mongodb-overview",
                    "dashboard": "MongoDB Overview",
                    "includeVars": true,
                    "keepTime": true,
                    "targetBlank": true,
                    "title": "MongoDB Overview",
                    "type": "dashboard"
                }
            ],
            "mappingType": 1,
            "mappingTypes": [
                {
                    "name": "value to text",
                    "value": 1
                },
                {
                    "name": "range to text",
                    "value": 2
                }
            ],
            "maxDataPoints": 100,
            "nullPointMode": "connected",
            "nullText": null,
            "postfix": "",
            "postfixFontSize": "30%",
            "prefix": "",
            "prefixFontSize": "30%",
            "rangeMaps": [
                {
                    "from": "null",
                    "text": "N/A",
                    "to": "null"
                }
            ],
            "sparkline": {
                "fillColor": "rgba(31, 118, 189, 0.18)",
                "full": false,
                "lineColor": "rgb(31, 120, 193)",
                "show": true
            },
            "tableColumn": "",
            "targets": [
                {
                    "calculatedInterval": "10m",
                    "datasourceErrors": {},
                    "errors": {},
                    "expr": "(max_over_time(mysql_global_status_threads_connected{instance=~\"$host\"}[$interval]) or \nmax_over_time(mysql_global_status_threads_connected{instance=~\"$host\"}[5m])) or\n(max_over_time(mongodb_mongod_connections{instance=~\"$host\", state=\"current\"}[$interval]) or\nmax_over_time(mongodb_mongod_connections{instance=~\"$host\", state=\"current\"}[5m]))",
                    "format": "time_series",
                    "interval": "$interval",
                    "intervalFactor": 1,
                    "legendFormat": "",
                    "metric": "node_mem",
                    "refId": "A",
                    "step": 300
                }
            ],
            "thresholds": "",
            "title": "",
            "transparent": false,
            "type": "singlestat",
            "valueFontSize": "30%",
            "valueMaps": [],
            "valueName": "current"
        },
        {
            "cacheTimeout": null,
            "colorBackground": false,
            "colorValue": false,
            "colors": [
                "rgba(245, 54, 54, 0.9)",
                "#7eb26d",
                "rgba(50, 172, 45, 0.97)"
            ],
            "datasource": "Prometheus",
            "decimals": 2,
            "editable": true,
            "error": false,
            "format": "short",
            "gauge": {
                "maxValue": 100,
                "minValue": 0,
                "show": false,
                "thresholdLabels": false,
                "thresholdMarkers": true
            },
            "gridPos": {
                "h": 3,
                "w": 2,
                "x": 14,
                "y": 19
            },
            "height": "50",
            "id": 743,
            "interval": "$interval",
            "links": [],
            "mappingType": 1,
            "mappingTypes": [
                {
                    "name": "value to text",
                    "value": 1
                },
                {
                    "name": "range to text",
                    "value": 2
                }
            ],
            "maxDataPoints": 100,
            "nullPointMode": "connected",
            "nullText": null,
            "postfix": "",
            "postfixFontSize": "30%",
            "prefix": "",
            "prefixFontSize": "30%",
            "rangeMaps": [
                {
                    "from": "null",
                    "text": "N/A",
                    "to": "null"
                }
            ],
            "sparkline": {
                "fillColor": "rgba(31, 118, 189, 0.18)",
                "full": false,
                "lineColor": "rgb(31, 120, 193)",
                "show": true
            },
            "tableColumn": "",
            "targets": [
                {
                    "calculatedInterval": "10m",
                    "datasourceErrors": {},
                    "errors": {},
                    "expr": "(rate(mysql_global_status_queries{instance=~\"$host\"}[$interval]) or \nirate(mysql_global_status_queries{instance=~\"$host\"}[5m])) or \n(sum(rate(mongodb_mongod_op_counters_total{instance=~\"$host\", type!=\"command\"}[$interval])) or \nsum(irate(mongodb_mongod_op_counters_total{instance=~\"$host\", type!=\"command\"}[5m])))",
                    "format": "time_series",
                    "interval": "$interval",
                    "intervalFactor": 1,
                    "legendFormat": "",
                    "metric": "node_mem",
                    "refId": "A",
                    "step": 300
                }
            ],
            "thresholds": "",
            "title": "",
            "transparent": false,
            "type": "singlestat",
            "valueFontSize": "30%",
            "valueMaps": [],
            "valueName": "current"
        },
        {
            "cacheTimeout": null,
            "colorBackground": false,
            "colorValue": false,
            "colors": [
                "rgba(245, 54, 54, 0.9)",
                "rgba(237, 129, 40, 0.89)",
                "rgba(50, 172, 45, 0.97)"
            ],
            "datasource": "Prometheus",
            "editable": true,
            "error": false,
            "format": "none",
            "gauge": {
                "maxValue": 100,
                "minValue": 0,
                "show": false,
                "thresholdLabels": false,
                "thresholdMarkers": true
            },
            "gridPos": {
                "h": 3,
                "w": 2,
                "x": 16,
                "y": 19
            },
            "height": "20",
            "id": 25,
            "interval": "$interval",
            "links": [],
            "mappingType": 1,
            "mappingTypes": [
                {
                    "name": "value to text",
                    "value": 1
                },
                {
                    "name": "range to text",
                    "value": 2
                }
            ],
            "maxDataPoints": 100,
            "minSpan": 2,
            "nullPointMode": "connected",
            "nullText": null,
            "postfix": "",
            "postfixFontSize": "50%",
            "prefix": "",
            "prefixFontSize": "50%",
            "rangeMaps": [
                {
                    "from": "null",
                    "text": "N/A",
                    "to": "null"
                }
            ],
            "sparkline": {
                "fillColor": "rgba(31, 118, 189, 0.18)",
                "full": false,
                "lineColor": "rgb(31, 120, 193)",
                "show": false
            },
            "tableColumn": "",
            "targets": [
                {
                    "expr": "count(node_cpu{mode=\"user\", instance=~\"$host\"}) or count(rdsosmetrics_General_numVCPUs{instance=~\"$host\"})",
                    "format": "time_series",
                    "instant": true,
                    "interval": "5m",
                    "intervalFactor": 1,
                    "refId": "A",
                    "step": 300
                }
            ],
            "thresholds": "",
            "title": "",
            "transparent": false,
            "type": "singlestat",
            "valueFontSize": "50%",
            "valueMaps": [
                {
                    "op": "=",
                    "text": "N/A",
                    "value": "null"
                }
            ],
            "valueName": "current"
        },
        {
            "cacheTimeout": null,
            "colorBackground": false,
            "colorValue": false,
            "colors": [
                "rgba(245, 54, 54, 0.9)",
                "rgba(237, 129, 40, 0.89)",
                "rgba(50, 172, 45, 0.97)"
            ],
            "datasource": "Prometheus",
            "decimals": 2,
            "editable": true,
            "error": false,
            "format": "bytes",
            "gauge": {
                "maxValue": 100,
                "minValue": 0,
                "show": false,
                "thresholdLabels": false,
                "thresholdMarkers": true
            },
            "gridPos": {
                "h": 3,
                "w": 2,
                "x": 18,
                "y": 19
            },
            "height": "50",
            "id": 26,
            "interval": "$interval",
            "links": [],
            "mappingType": 1,
            "mappingTypes": [
                {
                    "name": "value to text",
                    "value": 1
                },
                {
                    "name": "range to text",
                    "value": 2
                }
            ],
            "maxDataPoints": 100,
            "nullPointMode": "connected",
            "nullText": null,
            "postfix": "",
            "postfixFontSize": "20%",
            "prefix": "",
            "prefixFontSize": "20%",
            "rangeMaps": [
                {
                    "from": "null",
                    "text": "N/A",
                    "to": "null"
                }
            ],
            "sparkline": {
                "fillColor": "rgba(31, 118, 189, 0.18)",
                "full": false,
                "lineColor": "rgb(31, 120, 193)",
                "show": false
            },
            "tableColumn": "",
            "targets": [
                {
                    "expr": "node_memory_MemTotal{instance=~\"$host\"}",
                    "format": "time_series",
                    "interval": "5m",
                    "intervalFactor": 1,
                    "refId": "A",
                    "step": 300
                }
            ],
            "thresholds": "",
            "title": "",
            "type": "singlestat",
            "valueFontSize": "30%",
            "valueMaps": [
                {
                    "op": "=",
                    "text": "N/A",
                    "value": "null"
                }
            ],
            "valueName": "current"
        },
        {
            "cacheTimeout": null,
            "colorBackground": false,
            "colorValue": true,
            "colors": [
                "rgba(245, 54, 54, 0.9)",
                "rgba(237, 129, 40, 0.89)",
                "rgba(50, 172, 45, 0.97)"
            ],
            "datasource": "Prometheus",
            "decimals": 1,
            "editable": true,
            "error": false,
            "format": "s",
            "gauge": {
                "maxValue": 100,
                "minValue": 0,
                "show": false,
                "thresholdLabels": false,
                "thresholdMarkers": true
            },
            "gridPos": {
                "h": 3,
                "w": 2,
                "x": 20,
                "y": 19
            },
            "height": "50",
            "id": 19,
            "interval": "$interval",
            "links": [],
            "mappingType": 1,
            "mappingTypes": [
                {
                    "name": "value to text",
                    "value": 1
                },
                {
                    "name": "range to text",
                    "value": 2
                }
            ],
            "maxDataPoints": 100,
            "nullPointMode": "connected",
            "nullText": null,
            "postfix": "s",
            "postfixFontSize": "30%",
            "prefix": "",
            "prefixFontSize": "20%",
            "rangeMaps": [
                {
                    "from": "null",
                    "text": "N/A",
                    "to": "null"
                }
            ],
            "sparkline": {
                "fillColor": "rgba(31, 118, 189, 0.18)",
                "full": false,
                "lineColor": "rgb(31, 120, 193)",
                "show": false
            },
            "tableColumn": "",
            "targets": [
                {
                    "calculatedInterval": "10m",
                    "datasourceErrors": {},
                    "errors": {},
                    "expr": "node_time{instance=~\"$host\"} - node_boot_time{instance=~\"$host\"}",
                    "format": "time_series",
                    "interval": "5m",
                    "intervalFactor": 1,
                    "legendFormat": "",
                    "metric": "",
                    "refId": "A",
                    "step": 300
                }
            ],
            "thresholds": "300,3600",
            "title": "",
            "transparent": false,
            "type": "singlestat",
            "valueFontSize": "30%",
            "valueMaps": [],
            "valueName": "current"
        },
        {
            "cacheTimeout": null,
            "colorBackground": false,
            "colorValue": true,
            "colors": [
                "rgba(245, 54, 54, 0.9)",
                "rgba(237, 129, 40, 0.89)",
                "rgba(50, 172, 45, 0.97)"
            ],
            "datasource": "Prometheus",
            "decimals": 1,
            "editable": true,
            "error": false,
            "format": "s",
            "gauge": {
                "maxValue": 100,
                "minValue": 0,
                "show": false,
                "thresholdLabels": false,
                "thresholdMarkers": true
            },
            "gridPos": {
                "h": 3,
                "w": 2,
                "x": 22,
                "y": 19
            },
            "height": "50",
            "id": 1297,
            "interval": "$interval",
            "links": [],
            "mappingType": 1,
            "mappingTypes": [
                {
                    "name": "value to text",
                    "value": 1
                },
                {
                    "name": "range to text",
                    "value": 2
                }
            ],
            "maxDataPoints": 100,
            "nullPointMode": "connected",
            "nullText": null,
            "postfix": "s",
            "postfixFontSize": "30%",
            "prefix": "",
            "prefixFontSize": "20%",
            "rangeMaps": [
                {
                    "from": "null",
                    "text": "N/A",
                    "to": "null"
                }
            ],
            "sparkline": {
                "fillColor": "rgba(31, 118, 189, 0.18)",
                "full": false,
                "lineColor": "rgb(31, 120, 193)",
                "show": false
            },
            "tableColumn": "",
            "targets": [
                {
                    "calculatedInterval": "10m",
                    "datasourceErrors": {},
                    "errors": {},
                    "expr": "mysql_global_status_uptime{instance=~\"$host\"} or mongodb_mongod_instance_uptime_seconds {instance=~\"$host\"}",
                    "format": "time_series",
                    "interval": "5m",
                    "intervalFactor": 1,
                    "legendFormat": "",
                    "metric": "",
                    "refId": "A",
                    "step": 300
                }
            ],
            "thresholds": "300,3600",
            "title": "",
            "transparent": false,
            "type": "singlestat",
            "valueFontSize": "30%",
            "valueMaps": [],
            "valueName": "current"
        }
    ],
    "schemaVersion": 16,
    "style": "dark",
    "tags": [
        "Percona",
        "Insight"
    ],
    "templating": {
        "list": [
            {
                "allFormat": "glob",
                "auto": true,
                "auto_count": 200,
                "auto_min": "1s",
                "current": {
                    "text": "auto",
                    "value": "$__auto_interval_interval"
                },
                "datasource": "Prometheus",
                "hide": 0,
                "includeAll": false,
                "label": "Interval",
                "multi": false,
                "multiFormat": "glob",
                "name": "interval",
                "options": [
                    {
                        "selected": true,
                        "text": "auto",
                        "value": "$__auto_interval_interval"
                    },
                    {
                        "selected": false,
                        "text": "1s",
                        "value": "1s"
                    },
                    {
                        "selected": false,
                        "text": "5s",
                        "value": "5s"
                    },
                    {
                        "selected": false,
                        "text": "1m",
                        "value": "1m"
                    },
                    {
                        "selected": false,
                        "text": "5m",
                        "value": "5m"
                    },
                    {
                        "selected": false,
                        "text": "1h",
                        "value": "1h"
                    },
                    {
                        "selected": false,
                        "text": "6h",
                        "value": "6h"
                    },
                    {
                        "selected": false,
                        "text": "1d",
                        "value": "1d"
                    }
                ],
                "query": "1s,5s,1m,5m,1h,6h,1d",
                "refresh": 2,
                "type": "interval"
            },
            {
                "allFormat": "glob",
                "allValue": null,
                "current": {},
                "datasource": "Prometheus",
                "hide": 0,
                "includeAll": true,
                "label": "Host",
                "multi": true,
                "multiFormat": "regex values",
                "name": "host",
                "options": [],
                "query": "label_values({__name__=~\"node_load1|process_start_time_seconds\"}, instance)",
                "refresh": 1,
                "refresh_on_load": false,
                "regex": "",
                "sort": 1,
                "tagValuesQuery": "instance",
                "tags": [],
                "tagsQuery": "up",
                "type": "query",
                "useTags": false
            }
        ]
    },
    "time": {
        "from": "now-12h",
        "to": "now"
    },
    "timepicker": {
        "collapse": false,
        "enable": true,
        "hidden": false,
        "notice": false,
        "now": true,
        "refresh_intervals": [
            "5s",
            "10s",
            "30s",
            "1m",
            "5m",
            "15m",
            "30m",
            "1h",
            "2h",
            "1d"
        ],
        "status": "Stable",
        "time_options": [
            "5m",
            "15m",
            "1h",
            "6h",
            "12h",
            "24h",
            "2d",
            "7d",
            "30d"
        ],
        "type": "timepicker"
    },
    "timezone": "browser",
    "title": "Home Dashboard",
    "uid": "Fxvd1timk",
    "version": 1
}
