{
    "annotations": {
        "list": [
            {
                "builtIn": 1,
                "datasource": "-- Grafana --",
                "enable": true,
                "hide": false,
                "iconColor": "#e0752d",
                "limit": 100,
                "name": "PMM Annotations",
                "showIn": 0,
                "tags": [
                    "pmm_annotation"
                ],
                "type": "tags"
            }
        ]
    },
    "editable": true,
    "gnetId": null,
    "graphTooltip": 1,
    "id": null,
    "iteration": 1529322355859,
    "links": [
        {
            "icon": "dashboard",
            "includeVars": true,
            "keepTime": true,
            "tags": [
                "QAN"
            ],
            "targetBlank": false,
            "title": "Query Analytics",
            "type": "link",
            "url": "/graph/dashboard/db/_pmm-query-analytics"
        },
        {
            "asDropdown": true,
            "includeVars": true,
            "keepTime": true,
            "tags": [
                "OS"
            ],
            "targetBlank": false,
            "title": "OS",
            "type": "dashboards"
        },
        {
            "asDropdown": true,
            "includeVars": true,
            "keepTime": true,
            "tags": [
                "MySQL"
            ],
            "targetBlank": false,
            "title": "MySQL",
            "type": "dashboards"
        },
        {
            "asDropdown": true,
            "includeVars": true,
            "keepTime": true,
            "tags": [
                "MongoDB"
            ],
            "targetBlank": false,
            "title": "MongoDB",
            "type": "dashboards"
        },
        {
            "asDropdown": true,
            "includeVars": true,
            "keepTime": true,
            "tags": [
                "HA"
            ],
            "targetBlank": false,
            "title": "HA",
            "type": "dashboards"
        },
        {
            "asDropdown": true,
            "includeVars": true,
            "keepTime": true,
            "tags": [
                "Cloud"
            ],
            "targetBlank": false,
            "title": "Cloud",
            "type": "dashboards"
        },
        {
            "asDropdown": true,
            "includeVars": true,
            "keepTime": true,
            "tags": [
                "Insight"
            ],
            "targetBlank": false,
            "title": "Insight",
            "type": "dashboards"
        },
        {
            "asDropdown": true,
            "includeVars": true,
            "keepTime": true,
            "tags": [
                "PMM"
            ],
            "targetBlank": false,
            "title": "PMM",
            "type": "dashboards"
        }
    ],
    "panels": [
        {
            "cacheTimeout": null,
            "colorBackground": false,
            "colorValue": false,
            "colors": [
                "rgba(245, 54, 54, 0.9)",
                "rgba(237, 129, 40, 0.89)",
                "rgba(50, 172, 45, 0.97)"
            ],
            "datasource": "Prometheus",
            "decimals": 0,
            "description": "Shows the role of the selected member instance (PRIMARY or SECONDARY)",
            "editable": true,
            "error": false,
            "format": "none",
            "gauge": {
                "maxValue": 100,
                "minValue": 0,
                "show": false,
                "thresholdLabels": false,
                "thresholdMarkers": true
            },
            "gridPos": {
                "h": 4,
                "w": 6,
                "x": 0,
                "y": 0
            },
            "height": "125px",
            "hideTimeOverride": true,
            "id": 49,
            "interval": null,
            "links": [],
            "mappingType": 1,
            "mappingTypes": [
                {
                    "name": "value to text",
                    "value": 1
                },
                {
                    "name": "range to text",
                    "value": 2
                }
            ],
            "maxDataPoints": 100,
            "minSpan": null,
            "nullPointMode": "null",
            "nullText": null,
            "postfix": "",
            "postfixFontSize": "50%",
            "prefix": "",
            "prefixFontSize": "50%",
            "rangeMaps": [
                {
                    "from": "null",
                    "text": "N/A",
                    "to": "null"
                }
            ],
            "repeat": null,
            "sparkline": {
                "fillColor": "rgba(31, 118, 189, 0.18)",
                "full": false,
                "lineColor": "rgb(31, 120, 193)",
                "show": false
            },
            "tableColumn": "",
            "targets": [
                {
                    "expr": "mongodb_mongod_replset_my_state{instance=\"$host\"}",
                    "interval": "5m",
                    "intervalFactor": 1,
                    "legendFormat": "",
                    "metric": "",
                    "refId": "A",
                    "step": 300
                }
            ],
            "thresholds": "",
            "timeFrom": "1m",
            "title": "ReplSet State",
            "type": "singlestat",
            "valueFontSize": "80%",
            "valueMaps": [
                {
                    "op": "=",
                    "text": "PRIMARY",
                    "value": "1"
                },
                {
                    "op": "=",
                    "text": "SECONDARY",
                    "value": "2"
                },
                {
                    "op": "=",
                    "text": "STARTUP",
                    "value": "0"
                },
                {
                    "op": "=",
                    "text": "RECOVERING",
                    "value": "3"
                },
                {
                    "op": "=",
                    "text": "STARTUP2",
                    "value": "5"
                },
                {
                    "op": "=",
                    "text": "UNKNOWN",
                    "value": "6"
                },
                {
                    "op": "=",
                    "text": "ARBITER",
                    "value": "7"
                },
                {
                    "op": "=",
                    "text": "DOWN",
                    "value": "8"
                },
                {
                    "op": "=",
                    "text": "ROLLBACK",
                    "value": "9"
                },
                {
                    "op": "=",
                    "text": "REMOVED",
                    "value": "10"
                }
            ],
            "valueName": "current"
        },
        {
            "cacheTimeout": null,
            "colorBackground": false,
            "colorValue": false,
            "colors": [
                "rgba(245, 54, 54, 0.9)",
                "rgba(237, 129, 40, 0.89)",
                "rgba(50, 172, 45, 0.97)"
            ],
            "datasource": "Prometheus",
            "decimals": 0,
            "description": "Shows the number of members in the replica set",
            "editable": true,
            "error": false,
            "format": "none",
            "gauge": {
                "maxValue": 100,
                "minValue": 0,
                "show": false,
                "thresholdLabels": false,
                "thresholdMarkers": true
            },
            "gridPos": {
                "h": 4,
                "w": 4,
                "x": 6,
                "y": 0
            },
            "height": "125px",
            "hideTimeOverride": false,
            "id": 59,
            "interval": null,
            "links": [],
            "mappingType": 1,
            "mappingTypes": [
                {
                    "name": "value to text",
                    "value": 1
                },
                {
                    "name": "range to text",
                    "value": 2
                }
            ],
            "maxDataPoints": 100,
            "nullPointMode": "null",
            "nullText": null,
            "postfix": "",
            "postfixFontSize": "50%",
            "prefix": "",
            "prefixFontSize": "50%",
            "rangeMaps": [
                {
                    "from": "null",
                    "text": "N/A",
                    "to": "null"
                }
            ],
            "sparkline": {
                "fillColor": "rgba(31, 118, 189, 0.18)",
                "full": false,
                "lineColor": "rgb(31, 120, 193)",
                "show": false
            },
            "tableColumn": "",
            "targets": [
                {
                    "expr": "mongodb_mongod_replset_number_of_members{instance=\"$host\"}",
                    "interval": "5m",
                    "intervalFactor": 1,
                    "legendFormat": "",
                    "metric": "",
                    "refId": "A",
                    "step": 300
                }
            ],
            "thresholds": "",
            "timeFrom": null,
            "title": "ReplSet Members",
            "type": "singlestat",
            "valueFontSize": "80%",
            "valueMaps": [],
            "valueName": "current"
        },
        {
            "cacheTimeout": null,
            "colorBackground": false,
            "colorValue": false,
            "colors": [
                "rgba(245, 54, 54, 0.9)",
                "rgba(237, 129, 40, 0.89)",
                "rgba(50, 172, 45, 0.97)"
            ],
            "datasource": "Prometheus",
            "decimals": 1,
            "description": "Shows how long ago the last election occurred",
            "editable": true,
            "error": false,
            "format": "s",
            "gauge": {
                "maxValue": 100,
                "minValue": 0,
                "show": false,
                "thresholdLabels": false,
                "thresholdMarkers": true
            },
            "gridPos": {
                "h": 4,
                "w": 4,
                "x": 10,
                "y": 0
            },
            "height": "125px",
            "hideTimeOverride": true,
            "id": 65,
            "interval": null,
            "links": [],
            "mappingType": 1,
            "mappingTypes": [
                {
                    "name": "value to text",
                    "value": 1
                },
                {
                    "name": "range to text",
                    "value": 2
                }
            ],
            "maxDataPoints": 100,
            "nullPointMode": "null",
            "nullText": null,
            "postfix": "s",
            "postfixFontSize": "70%",
            "prefix": "",
            "prefixFontSize": "50%",
            "rangeMaps": [
                {
                    "from": "null",
                    "text": "N/A",
                    "to": "null"
                }
            ],
            "sparkline": {
                "fillColor": "rgba(31, 118, 189, 0.18)",
                "full": false,
                "lineColor": "rgb(31, 120, 193)",
                "show": false
            },
            "tableColumn": "",
            "targets": [
                {
                    "expr": "time() - mongodb_mongod_replset_member_election_date{instance=\"$host\"}",
                    "interval": "5m",
                    "intervalFactor": 1,
                    "legendFormat": "",
                    "metric": "",
                    "refId": "A",
                    "step": 300
                }
            ],
            "thresholds": "",
            "timeFrom": "1m",
            "title": "ReplSet Last Election",
            "type": "singlestat",
            "valueFontSize": "70%",
            "valueMaps": [],
            "valueName": "current"
        },
        {
            "cacheTimeout": null,
            "colorBackground": false,
            "colorValue": false,
            "colors": [
                "rgba(245, 54, 54, 0.9)",
                "rgba(237, 129, 40, 0.89)",
                "rgba(50, 172, 45, 0.97)"
            ],
            "datasource": "Prometheus",
            "decimals": 1,
            "description": "Shows the current replication lag for the selected member",
            "editable": true,
            "error": false,
            "format": "s",
            "gauge": {
                "maxValue": 100,
                "minValue": 0,
                "show": false,
                "thresholdLabels": false,
                "thresholdMarkers": true
            },
            "gridPos": {
                "h": 4,
                "w": 4,
                "x": 14,
                "y": 0
            },
            "height": "125px",
            "hideTimeOverride": true,
            "id": 77,
            "interval": null,
            "links": [],
            "mappingType": 1,
            "mappingTypes": [
                {
                    "name": "value to text",
                    "value": 1
                },
                {
                    "name": "range to text",
                    "value": 2
                }
            ],
            "maxDataPoints": 100,
            "nullPointMode": "null",
            "nullText": null,
            "postfix": "",
            "postfixFontSize": "80%",
            "prefix": "",
            "prefixFontSize": "50%",
            "rangeMaps": [
                {
                    "from": "null",
                    "text": "N/A",
                    "to": "null"
                }
            ],
            "sparkline": {
                "fillColor": "rgba(31, 118, 189, 0.18)",
                "full": false,
                "lineColor": "rgb(31, 120, 193)",
                "show": false
            },
            "tableColumn": "",
            "targets": [
                {
                    "expr": "(max(mongodb_mongod_replset_member_optime_date{state=\"PRIMARY\", set=\"$replset\"}) - min(mongodb_mongod_replset_member_optime_date{state=\"SECONDARY\"} * on (name) group_left mongodb_mongod_replset_my_name{instance=\"$host\"})) or vector(0)",
                    "interval": "5m",
                    "intervalFactor": 1,
                    "legendFormat": "",
                    "metric": "",
                    "refId": "A",
                    "step": 300
                }
            ],
            "thresholds": "",
            "timeFrom": "1m",
            "title": "ReplSet Lag",
            "type": "singlestat",
            "valueFontSize": "80%",
            "valueMaps": [],
            "valueName": "current"
        },
        {
            "cacheTimeout": null,
            "colorBackground": false,
            "colorValue": false,
            "colors": [
                "rgba(245, 54, 54, 0.9)",
                "rgba(237, 129, 40, 0.89)",
                "rgba(50, 172, 45, 0.97)"
            ],
            "datasource": "Prometheus",
            "decimals": 0,
            "description": "Shows the storage engine used on the instance",
            "editable": true,
            "error": false,
            "format": "none",
            "gauge": {
                "maxValue": 100,
                "minValue": 0,
                "show": false,
                "thresholdLabels": false,
                "thresholdMarkers": true
            },
            "gridPos": {
                "h": 4,
                "w": 6,
                "x": 18,
                "y": 0
            },
            "height": "125px",
            "hideTimeOverride": true,
            "id": 78,
            "interval": null,
            "links": [],
            "mappingType": 1,
            "mappingTypes": [
                {
                    "name": "value to text",
                    "value": 1
                },
                {
                    "name": "range to text",
                    "value": 2
                }
            ],
            "maxDataPoints": 100,
            "minSpan": null,
            "nullPointMode": "null",
            "nullText": null,
            "postfix": "",
            "postfixFontSize": "50%",
            "prefix": "",
            "prefixFontSize": "50%",
            "rangeMaps": [
                {
                    "from": "null",
                    "text": "N/A",
                    "to": "null"
                }
            ],
            "sparkline": {
                "fillColor": "rgba(31, 118, 189, 0.18)",
                "full": false,
                "lineColor": "rgb(31, 120, 193)",
                "show": false
            },
            "tableColumn": "",
            "targets": [
                {
                    "expr": "mongodb_mongod_storage_engine{instance=\"$host\"}",
                    "interval": "5m",
                    "intervalFactor": 1,
                    "legendFormat": "{{ engine }}",
                    "metric": "",
                    "refId": "A",
                    "step": 300
                }
            ],
            "thresholds": "",
            "timeFrom": "1m",
            "title": "Storage Engine",
            "type": "singlestat",
            "valueFontSize": "80%",
            "valueMaps": [],
            "valueName": "name"
        },
        {
            "aliasColors": {},
            "bars": false,
            "dashLength": 10,
            "dashes": false,
            "datasource": "Prometheus",
            "decimals": null,
            "editable": true,
            "error": false,
            "fill": 2,
            "grid": {
                "leftLogBase": 1,
                "leftMax": null,
                "leftMin": 0,
                "rightLogBase": 1,
                "rightMax": null,
                "rightMin": null
            },
            "gridPos": {
                "h": 7,
                "w": 12,
                "x": 0,
                "y": 4
            },
            "id": 63,
            "legend": {
                "alignAsTable": true,
                "avg": true,
                "current": false,
                "max": true,
                "min": true,
                "show": true,
                "total": false,
                "values": true
            },
            "lines": true,
            "linewidth": 2,
            "links": [],
            "nullPointMode": "null",
            "percentage": false,
            "pointradius": 5,
            "points": false,
            "renderer": "flot",
            "seriesOverrides": [],
            "spaceLength": 10,
            "stack": false,
            "steppedLine": false,
            "targets": [
                {
                    "expr": "rate(mongodb_mongod_op_counters_repl_total{instance=\"$host\", type!~\"(command|getmore|query)\"}[$interval]) or irate(mongodb_mongod_op_counters_repl_total{instance=\"$host\", type!~\"(command|getmore|query)\"}[5m])",
                    "interval": "$interval",
                    "intervalFactor": 1,
                    "legendFormat": "{{type}}",
                    "refId": "A",
                    "step": 300
                }
            ],
            "thresholds": [],
            "timeFrom": null,
            "timeShift": null,
            "title": "Replication Operations",
            "tooltip": {
                "msResolution": false,
                "shared": true,
                "sort": 0,
                "value_type": "cumulative"
            },
            "type": "graph",
            "x-axis": true,
            "xaxis": {
                "buckets": null,
                "mode": "time",
                "name": null,
                "show": true,
                "values": []
            },
            "y-axis": true,
            "y_formats": [
                "short",
                "short"
            ],
            "yaxes": [
                {
                    "format": "ops",
                    "label": "",
                    "logBase": 1,
                    "max": null,
                    "min": 0,
                    "show": true
                },
                {
                    "format": "short",
                    "logBase": 1,
                    "max": null,
                    "min": null,
                    "show": true
                }
            ],
            "yaxis": {
                "align": false,
                "alignLevel": null
            }
        },
        {
            "aliasColors": {},
            "bars": false,
            "dashLength": 10,
            "dashes": false,
            "datasource": "Prometheus",
            "decimals": null,
            "description": "Shows the time range in the oplog and the oldest backed up operation.",
            "editable": true,
            "error": false,
            "fill": 2,
            "grid": {
                "leftLogBase": 1,
                "leftMax": null,
                "leftMin": 0,
                "rightLogBase": 1,
                "rightMax": null,
                "rightMin": null
            },
            "gridPos": {
                "h": 7,
                "w": 12,
                "x": 12,
                "y": 4
            },
            "id": 27,
            "legend": {
                "alignAsTable": true,
                "avg": true,
                "current": false,
                "max": true,
                "min": true,
                "show": true,
                "total": false,
                "values": true
            },
            "lines": true,
            "linewidth": 2,
            "links": [],
            "nullPointMode": "null",
            "percentage": false,
            "pointradius": 5,
            "points": false,
            "renderer": "flot",
            "seriesOverrides": [],
            "spaceLength": 10,
            "stack": false,
            "steppedLine": false,
            "targets": [
                {
                    "expr": "time()-mongodb_mongod_replset_oplog_tail_timestamp{instance=\"$host\"}",
                    "hide": false,
                    "interval": "$interval",
                    "intervalFactor": 1,
                    "legendFormat": "Now to End",
                    "metric": "",
                    "refId": "J",
                    "step": 300
                },
                {
                    "expr": "mongodb_mongod_replset_oplog_head_timestamp{instance=\"$host\"}-mongodb_mongod_replset_oplog_tail_timestamp{instance=\"$host\"}",
                    "hide": false,
                    "interval": "$interval",
                    "intervalFactor": 1,
                    "legendFormat": "Oplog Range",
                    "metric": "",
                    "refId": "A",
                    "step": 300
                }
            ],
            "thresholds": [],
            "timeFrom": null,
            "timeShift": null,
            "title": "Oplog Recovery Window",
            "tooltip": {
                "msResolution": false,
                "shared": true,
                "sort": 0,
                "value_type": "cumulative"
            },
            "type": "graph",
            "x-axis": true,
            "xaxis": {
                "buckets": null,
                "mode": "time",
                "name": null,
                "show": true,
                "values": []
            },
            "y-axis": true,
            "y_formats": [
                "s",
                "short"
            ],
            "yaxes": [
                {
                    "format": "s",
                    "label": "",
                    "logBase": 1,
                    "max": null,
                    "min": 0,
                    "show": true
                },
                {
                    "format": "short",
                    "logBase": 1,
                    "max": null,
                    "min": null,
                    "show": true
                }
            ],
            "yaxis": {
                "align": false,
                "alignLevel": null
            }
        },
        {
            "aliasColors": {},
            "bars": false,
            "dashLength": 10,
            "dashes": false,
            "datasource": "Prometheus",
            "decimals": null,
            "description": "Shows the delay between an operation occurring on the primary and that same operation getting applied on the selected member",
            "editable": true,
            "error": false,
            "fill": 2,
            "grid": {
                "leftLogBase": 1,
                "leftMax": null,
                "leftMin": 0,
                "rightLogBase": 1,
                "rightMax": null,
                "rightMin": null
            },
            "gridPos": {
                "h": 7,
                "w": 12,
                "x": 0,
                "y": 11
            },
            "id": 14,
            "legend": {
                "alignAsTable": true,
                "avg": true,
                "current": false,
                "max": true,
                "min": true,
                "rightSide": false,
                "show": true,
                "total": false,
                "values": true
            },
            "lines": true,
            "linewidth": 2,
            "links": [],
            "nullPointMode": "null",
            "percentage": false,
            "pointradius": 5,
            "points": false,
            "renderer": "flot",
            "seriesOverrides": [],
            "spaceLength": 10,
            "stack": false,
            "steppedLine": false,
            "targets": [
                {
                    "expr": "(max(mongodb_mongod_replset_member_optime_date{state=\"PRIMARY\", set=\"$replset\"}) - min(mongodb_mongod_replset_member_optime_date{state=\"SECONDARY\"} * on (name) group_left mongodb_mongod_replset_my_name{instance=\"$host\"})) or vector(0)",
                    "interval": "$interval",
                    "intervalFactor": 1,
                    "legendFormat": "Lag",
                    "refId": "A",
                    "step": 300
                }
            ],
            "thresholds": [],
            "timeFrom": null,
            "timeShift": null,
            "title": "Replication Lag",
            "tooltip": {
                "msResolution": false,
                "shared": true,
                "sort": 0,
                "value_type": "cumulative"
            },
            "type": "graph",
            "x-axis": true,
            "xaxis": {
                "buckets": null,
                "mode": "time",
                "name": null,
                "show": true,
                "values": []
            },
            "y-axis": true,
            "y_formats": [
                "s",
                "short"
            ],
            "yaxes": [
                {
                    "format": "s",
                    "label": "",
                    "logBase": 1,
                    "max": null,
                    "min": 0,
                    "show": true
                },
                {
                    "format": "short",
                    "logBase": 1,
                    "max": null,
                    "min": null,
                    "show": true
                }
            ],
            "yaxis": {
                "align": false,
                "alignLevel": null
            }
        },
        {
            "aliasColors": {},
            "bars": false,
            "dashLength": 10,
            "dashes": false,
            "datasource": "Prometheus",
            "decimals": null,
            "description": "Elections happen when a primary becomes unavailable. Look at this graph over longer periods (weeks or months) to determine patterns and correlate elections with other events.",
            "editable": true,
            "error": false,
            "fill": 2,
            "grid": {
                "leftLogBase": 1,
                "leftMax": null,
                "leftMin": 0,
                "rightLogBase": 1,
                "rightMax": null,
                "rightMin": null
            },
            "gridPos": {
                "h": 7,
                "w": 12,
                "x": 12,
                "y": 11
            },
            "id": 12,
            "legend": {
                "alignAsTable": true,
                "avg": true,
                "current": false,
                "max": true,
                "min": true,
                "show": true,
                "total": false,
                "values": true
            },
            "lines": true,
            "linewidth": 2,
            "links": [],
            "nullPointMode": "null",
            "percentage": false,
            "pointradius": 5,
            "points": false,
            "renderer": "flot",
            "seriesOverrides": [],
            "spaceLength": 10,
            "stack": false,
            "steppedLine": false,
            "targets": [
                {
                    "expr": "max(changes(mongodb_mongod_replset_member_election_date{instance=\"$host\"}[$interval]))",
                    "interval": "$interval",
                    "intervalFactor": 1,
                    "legendFormat": "Count",
                    "refId": "A",
                    "step": 300
                }
            ],
            "thresholds": [],
            "timeFrom": null,
            "timeShift": null,
            "title": "Elections",
            "tooltip": {
                "msResolution": false,
                "shared": true,
                "sort": 0,
                "value_type": "cumulative"
            },
            "type": "graph",
            "x-axis": true,
            "xaxis": {
                "buckets": null,
                "mode": "time",
                "name": null,
                "show": true,
                "values": []
            },
            "y-axis": true,
            "y_formats": [
                "short",
                "short"
            ],
            "yaxes": [
                {
                    "format": "short",
                    "label": "",
                    "logBase": 1,
                    "max": null,
                    "min": 0,
                    "show": true
                },
                {
                    "format": "short",
                    "logBase": 1,
                    "max": null,
                    "min": null,
                    "show": true
                }
            ],
            "yaxis": {
                "align": false,
                "alignLevel": null
            }
        },
        {
            "aliasColors": {},
            "bars": false,
            "dashLength": 10,
            "dashes": false,
            "datasource": "Prometheus",
            "decimals": null,
            "description": "Shows how long various members were in PRIMARY and SECONDARY roles",
            "editable": true,
            "error": false,
            "fill": 2,
            "grid": {
                "leftLogBase": 1,
                "leftMax": null,
                "leftMin": null,
                "rightLogBase": 1,
                "rightMax": null,
                "rightMin": null
            },
            "gridPos": {
                "h": 7,
                "w": 12,
                "x": 0,
                "y": 18
            },
            "id": 76,
            "legend": {
                "alignAsTable": true,
                "avg": true,
                "current": false,
                "max": true,
                "min": true,
                "rightSide": false,
                "show": true,
                "sort": "avg",
                "sortDesc": true,
                "total": false,
                "values": true
            },
            "lines": true,
            "linewidth": 2,
            "links": [],
            "nullPointMode": "null",
            "percentage": false,
            "pointradius": 5,
            "points": false,
            "renderer": "flot",
            "seriesOverrides": [],
            "spaceLength": 10,
            "stack": false,
            "steppedLine": false,
            "targets": [
                {
                    "expr": "mongodb_mongod_replset_member_uptime{instance=\"$host\"} * on (name) group_right(state) mongodb_mongod_replset_my_name",
                    "hide": false,
                    "interval": "$interval",
                    "intervalFactor": 1,
                    "legendFormat": "{{ instance }} - {{state}}",
                    "metric": "",
                    "refId": "J",
                    "step": 300
                }
            ],
            "thresholds": [],
            "timeFrom": null,
            "timeShift": null,
            "title": "Member State Uptime",
            "tooltip": {
                "msResolution": false,
                "shared": true,
                "sort": 0,
                "value_type": "cumulative"
            },
            "type": "graph",
            "x-axis": true,
            "xaxis": {
                "buckets": null,
                "mode": "time",
                "name": null,
                "show": true,
                "values": []
            },
            "y-axis": true,
            "y_formats": [
                "short",
                "short"
            ],
            "yaxes": [
                {
                    "format": "s",
                    "label": "",
                    "logBase": 10,
                    "max": null,
                    "min": 0,
                    "show": true
                },
                {
                    "format": "short",
                    "logBase": 1,
                    "max": null,
                    "min": null,
                    "show": true
                }
            ],
            "yaxis": {
                "align": false,
                "alignLevel": null
            }
        },
        {
            "aliasColors": {},
            "bars": false,
            "dashLength": 10,
            "dashes": false,
            "datasource": "Prometheus",
            "decimals": null,
            "description": "Shows the heartbeat return times sent by the current member to other members in the replica set.",
            "editable": true,
            "error": false,
            "fill": 2,
            "grid": {
                "leftLogBase": 1,
                "leftMax": null,
                "leftMin": 0,
                "rightLogBase": 1,
                "rightMax": null,
                "rightMin": null
            },
            "gridPos": {
                "h": 7,
                "w": 12,
                "x": 12,
                "y": 18
            },
            "id": 75,
            "legend": {
                "alignAsTable": true,
                "avg": true,
                "current": false,
                "max": true,
                "min": true,
                "show": true,
                "sort": "avg",
                "sortDesc": true,
                "total": false,
                "values": true
            },
            "lines": true,
            "linewidth": 2,
            "links": [],
            "nullPointMode": "null",
            "percentage": false,
            "pointradius": 5,
            "points": false,
            "renderer": "flot",
            "seriesOverrides": [],
            "spaceLength": 10,
            "stack": false,
            "steppedLine": false,
            "targets": [
                {
                    "expr": "time() - max(mongodb_mongod_replset_member_last_heartbeat{instance=\"$host\"}) by (name) * on (name) group_right mongodb_mongod_replset_my_name",
                    "hide": false,
                    "interval": "$interval",
                    "intervalFactor": 1,
                    "legendFormat": "{{instance}}",
                    "metric": "",
                    "refId": "J",
                    "step": 300
                }
            ],
            "thresholds": [],
            "timeFrom": null,
            "timeShift": null,
            "title": "Max Heartbeat Time",
            "tooltip": {
                "msResolution": false,
                "shared": true,
                "sort": 0,
                "value_type": "cumulative"
            },
            "type": "graph",
            "x-axis": true,
            "xaxis": {
                "buckets": null,
                "mode": "time",
                "name": null,
                "show": true,
                "values": []
            },
            "y-axis": true,
            "y_formats": [
                "s",
                "short"
            ],
            "yaxes": [
                {
                    "format": "s",
                    "label": "",
                    "logBase": 1,
                    "max": null,
                    "min": 0,
                    "show": true
                },
                {
                    "format": "short",
                    "logBase": 1,
                    "max": null,
                    "min": null,
                    "show": true
                }
            ],
            "yaxis": {
                "align": false,
                "alignLevel": null
            }
        },
        {
            "aliasColors": {},
            "bars": false,
            "dashLength": 10,
            "dashes": false,
            "datasource": "Prometheus",
            "decimals": null,
            "description": "This can show a correlation with the replication lag value",
            "editable": true,
            "error": false,
            "fill": 2,
            "grid": {
                "leftLogBase": 1,
                "leftMax": null,
                "leftMin": 0,
                "rightLogBase": 1,
                "rightMax": null,
                "rightMin": null
            },
            "gridPos": {
                "h": 7,
                "w": 12,
                "x": 0,
                "y": 25
            },
            "id": 13,
            "legend": {
                "alignAsTable": true,
                "avg": true,
                "current": false,
                "max": true,
                "min": true,
                "show": true,
                "sort": "avg",
                "sortDesc": true,
                "total": false,
                "values": true
            },
            "lines": true,
            "linewidth": 2,
            "links": [],
            "nullPointMode": "null",
            "percentage": false,
            "pointradius": 5,
            "points": false,
            "renderer": "flot",
            "seriesOverrides": [],
            "spaceLength": 10,
            "stack": false,
            "steppedLine": false,
            "targets": [
                {
                    "expr": "mongodb_mongod_replset_member_ping_ms{instance=\"$host\"} * on (name) group_right mongodb_mongod_replset_my_name",
                    "interval": "$interval",
                    "intervalFactor": 1,
                    "legendFormat": "{{instance}}",
                    "refId": "A",
                    "step": 300
                }
            ],
            "thresholds": [],
            "timeFrom": null,
            "timeShift": null,
            "title": "Max Member Ping Time",
            "tooltip": {
                "msResolution": false,
                "shared": true,
                "sort": 0,
                "value_type": "cumulative"
            },
            "type": "graph",
            "x-axis": true,
            "xaxis": {
                "buckets": null,
                "mode": "time",
                "name": null,
                "show": true,
                "values": []
            },
            "y-axis": true,
            "y_formats": [
                "ms",
                "short"
            ],
            "yaxes": [
                {
                    "format": "ms",
                    "label": "",
                    "logBase": 1,
                    "max": null,
                    "min": 0,
                    "show": true
                },
                {
                    "format": "short",
                    "logBase": 1,
                    "max": null,
                    "min": null,
                    "show": true
                }
            ],
            "yaxis": {
                "align": false,
                "alignLevel": null
            }
        },
        {
            "aliasColors": {},
            "bars": false,
            "dashLength": 10,
            "dashes": false,
            "datasource": "Prometheus",
            "decimals": null,
            "editable": true,
            "error": false,
            "fill": 2,
            "grid": {
                "leftLogBase": 1,
                "leftMax": null,
                "leftMin": 0,
                "rightLogBase": 1,
                "rightMax": null,
                "rightMin": null
            },
            "gridPos": {
                "h": 7,
                "w": 12,
                "x": 12,
                "y": 25
            },
            "id": 79,
            "legend": {
                "alignAsTable": true,
                "avg": true,
                "current": false,
                "max": true,
                "min": true,
                "show": true,
                "sort": "avg",
                "sortDesc": true,
                "total": false,
                "values": true
            },
            "lines": true,
            "linewidth": 2,
            "links": [],
            "nullPointMode": "null",
            "percentage": false,
            "pointradius": 5,
            "points": false,
            "renderer": "flot",
            "seriesOverrides": [],
            "spaceLength": 10,
            "stack": false,
            "steppedLine": false,
            "targets": [
                {
                    "expr": "rate(mongodb_mongod_metrics_repl_network_getmores_total_milliseconds{instance=\"$host\"}[$interval]) or irate(mongodb_mongod_metrics_repl_network_getmores_total_milliseconds{instance=\"$host\"}[5m])",
                    "interval": "$interval",
                    "intervalFactor": 1,
                    "legendFormat": "{{instance}}",
                    "refId": "A",
                    "step": 300
                }
            ],
            "thresholds": [],
            "timeFrom": null,
            "timeShift": null,
            "title": "Oplog Getmore Time",
            "tooltip": {
                "msResolution": false,
                "shared": true,
                "sort": 0,
                "value_type": "cumulative"
            },
            "type": "graph",
            "x-axis": true,
            "xaxis": {
                "buckets": null,
                "mode": "time",
                "name": null,
                "show": true,
                "values": []
            },
            "y-axis": true,
            "y_formats": [
                "ms",
                "short"
            ],
            "yaxes": [
                {
                    "format": "ms",
                    "label": "",
                    "logBase": 1,
                    "max": null,
                    "min": 0,
                    "show": true
                },
                {
                    "format": "short",
                    "logBase": 1,
                    "max": null,
                    "min": null,
                    "show": true
                }
            ],
            "yaxis": {
                "align": false,
                "alignLevel": null
            }
        },
        {
            "aliasColors": {},
            "bars": false,
            "dashLength": 10,
            "dashes": false,
            "datasource": "Prometheus",
            "decimals": null,
            "editable": true,
            "error": false,
            "fill": 2,
            "grid": {
                "leftLogBase": 1,
                "leftMax": null,
                "leftMin": 0,
                "rightLogBase": 1,
                "rightMax": null,
                "rightMin": null
            },
            "gridPos": {
                "h": 7,
                "w": 12,
                "x": 0,
                "y": 32
            },
            "id": 81,
            "legend": {
                "alignAsTable": true,
                "avg": true,
                "current": false,
                "max": true,
                "min": true,
                "show": true,
                "sort": "avg",
                "sortDesc": true,
                "total": false,
                "values": true
            },
            "lines": true,
            "linewidth": 2,
            "links": [],
            "nullPointMode": "null",
            "percentage": false,
            "pointradius": 5,
            "points": false,
            "renderer": "flot",
            "seriesOverrides": [],
            "spaceLength": 10,
            "stack": false,
            "steppedLine": false,
            "targets": [
                {
                    "expr": "rate(mongodb_mongod_metrics_repl_preload_docs_num_total{instance=\"$host\"}[$interval]) or irate(mongodb_mongod_metrics_repl_preload_docs_num_total{instance=\"$host\"}[5m])",
                    "interval": "$interval",
                    "intervalFactor": 1,
                    "legendFormat": "Document Preload",
                    "metric": "mongodb_mongod_metrics_repl_preload_indexes_num_total",
                    "refId": "A",
                    "step": 300
                },
                {
                    "expr": "rate(mongodb_mongod_metrics_repl_preload_indexes_num_total{instance=\"$host\"}[$interval]) or irate(mongodb_mongod_metrics_repl_preload_indexes_num_total{instance=\"$host\"}[5m])",
                    "interval": "$interval",
                    "intervalFactor": 1,
                    "legendFormat": "Index Preload",
                    "metric": "mongodb_mongod_metrics_repl_preload_indexes_num_total",
                    "refId": "B",
                    "step": 300
                },
                {
                    "expr": "rate(mongodb_mongod_metrics_repl_apply_ops_total{instance=\"$host\"}[$interval]) or irate(mongodb_mongod_metrics_repl_apply_ops_total{instance=\"$host\"}[5m])",
                    "intervalFactor": 2,
                    "legendFormat": "Batch Apply",
                    "refId": "C",
                    "step": 120
                }
            ],
            "thresholds": [],
            "timeFrom": null,
            "timeShift": null,
            "title": "Oplog Operations",
            "tooltip": {
                "msResolution": false,
                "shared": true,
                "sort": 0,
                "value_type": "cumulative"
            },
            "type": "graph",
            "x-axis": true,
            "xaxis": {
                "buckets": null,
                "mode": "time",
                "name": null,
                "show": true,
                "values": []
            },
            "y-axis": true,
            "y_formats": [
                "ms",
                "short"
            ],
            "yaxes": [
                {
                    "format": "ops",
                    "label": "",
                    "logBase": 1,
                    "max": null,
                    "min": 0,
                    "show": true
                },
                {
                    "format": "short",
                    "logBase": 1,
                    "max": null,
                    "min": null,
                    "show": true
                }
            ],
            "yaxis": {
                "align": false,
                "alignLevel": null
            }
        },
        {
            "aliasColors": {},
            "bars": false,
            "dashLength": 10,
            "dashes": false,
            "datasource": "Prometheus",
            "decimals": null,
            "editable": true,
            "error": false,
            "fill": 2,
            "grid": {
                "leftLogBase": 1,
                "leftMax": null,
                "leftMin": 0,
                "rightLogBase": 1,
                "rightMax": null,
                "rightMin": null
            },
            "gridPos": {
                "h": 7,
                "w": 12,
                "x": 12,
                "y": 32
            },
            "id": 84,
            "legend": {
                "alignAsTable": true,
                "avg": true,
                "current": false,
                "max": true,
                "min": true,
                "show": true,
                "sort": "avg",
                "sortDesc": true,
                "total": false,
                "values": true
            },
            "lines": true,
            "linewidth": 2,
            "links": [],
            "nullPointMode": "null",
            "percentage": false,
            "pointradius": 5,
            "points": false,
            "renderer": "flot",
            "seriesOverrides": [],
            "spaceLength": 10,
            "stack": false,
            "steppedLine": false,
            "targets": [
                {
                    "expr": "rate(mongodb_mongod_metrics_repl_preload_docs_total_milliseconds{instance=\"$host\"}[$interval]) or irate(mongodb_mongod_metrics_repl_preload_docs_total_milliseconds{instance=\"$host\"}[5m])",
                    "interval": "$interval",
                    "intervalFactor": 1,
                    "legendFormat": "Document Preload",
                    "refId": "A",
                    "step": 300
                },
                {
                    "expr": "rate(mongodb_mongod_metrics_repl_preload_indexes_total_milliseconds{instance=\"$host\"}[$interval]) or irate(mongodb_mongod_metrics_repl_preload_indexes_total_milliseconds{instance=\"$host\"}[5m])",
                    "interval": "$interval",
                    "intervalFactor": 1,
                    "legendFormat": "Index Preload",
                    "metric": "mongodb_mongod_metrics_repl_preload_indexes_total_milliseconds",
                    "refId": "B",
                    "step": 300
                },
                {
                    "expr": "rate(mongodb_mongod_metrics_repl_apply_batches_total_milliseconds{instance=\"$host\"}[$interval]) or irate(mongodb_mongod_metrics_repl_apply_batches_total_milliseconds{instance=\"$host\"}[5m])",
                    "interval": "$interval",
                    "intervalFactor": 1,
                    "legendFormat": "Batch Apply",
                    "metric": "mongodb_mongod_metrics_repl_preload_indexes_total_milliseconds",
                    "refId": "C",
                    "step": 300
                }
            ],
            "thresholds": [],
            "timeFrom": null,
            "timeShift": null,
            "title": "Oplog Processing Time",
            "tooltip": {
                "msResolution": false,
                "shared": true,
                "sort": 0,
                "value_type": "cumulative"
            },
            "type": "graph",
            "x-axis": true,
            "xaxis": {
                "buckets": null,
                "mode": "time",
                "name": null,
                "show": true,
                "values": []
            },
            "y-axis": true,
            "y_formats": [
                "ms",
                "short"
            ],
            "yaxes": [
                {
                    "format": "ms",
                    "label": "",
                    "logBase": 1,
                    "max": null,
                    "min": 0,
                    "show": true
                },
                {
                    "format": "short",
                    "logBase": 1,
                    "max": null,
                    "min": null,
                    "show": true
                }
            ],
            "yaxis": {
                "align": false,
                "alignLevel": null
            }
        },
        {
            "aliasColors": {},
            "bars": false,
            "dashLength": 10,
            "dashes": false,
            "datasource": "Prometheus",
            "decimals": null,
            "editable": true,
            "error": false,
            "fill": 2,
            "grid": {
                "leftLogBase": 1,
                "leftMax": null,
                "leftMin": 0,
                "rightLogBase": 1,
                "rightMax": null,
                "rightMin": null
            },
            "gridPos": {
                "h": 7,
                "w": 12,
                "x": 0,
                "y": 39
            },
            "id": 85,
            "legend": {
                "alignAsTable": true,
                "avg": true,
                "current": false,
                "max": true,
                "min": true,
                "show": true,
                "sort": "avg",
                "sortDesc": true,
                "total": false,
                "values": true
            },
            "lines": true,
            "linewidth": 2,
            "links": [],
            "nullPointMode": "null",
            "percentage": false,
            "pointradius": 5,
            "points": false,
            "renderer": "flot",
            "seriesOverrides": [],
            "spaceLength": 10,
            "stack": false,
            "steppedLine": false,
            "targets": [
                {
                    "expr": "mongodb_mongod_metrics_repl_buffer_count{instance=\"$host\"}",
                    "interval": "$interval",
                    "intervalFactor": 1,
                    "legendFormat": "Current",
                    "refId": "A",
                    "step": 300
                }
            ],
            "thresholds": [],
            "timeFrom": null,
            "timeShift": null,
            "title": "Oplog Buffered Operations",
            "tooltip": {
                "msResolution": false,
                "shared": true,
                "sort": 0,
                "value_type": "cumulative"
            },
            "type": "graph",
            "x-axis": true,
            "xaxis": {
                "buckets": null,
                "mode": "time",
                "name": null,
                "show": true,
                "values": []
            },
            "y-axis": true,
            "y_formats": [
                "ms",
                "short"
            ],
            "yaxes": [
                {
                    "format": "ops",
                    "label": "",
                    "logBase": 1,
                    "max": null,
                    "min": 0,
                    "show": true
                },
                {
                    "format": "short",
                    "logBase": 1,
                    "max": null,
                    "min": null,
                    "show": true
                }
            ],
            "yaxis": {
                "align": false,
                "alignLevel": null
            }
        },
        {
            "aliasColors": {},
            "bars": false,
            "dashLength": 10,
            "dashes": false,
            "datasource": "Prometheus",
            "decimals": null,
            "editable": true,
            "error": false,
            "fill": 2,
            "grid": {
                "leftLogBase": 1,
                "leftMax": null,
                "leftMin": 0,
                "rightLogBase": 1,
                "rightMax": null,
                "rightMin": null
            },
            "gridPos": {
                "h": 7,
                "w": 12,
                "x": 12,
                "y": 39
            },
            "id": 80,
            "legend": {
                "alignAsTable": true,
                "avg": true,
                "current": false,
                "max": true,
                "min": true,
                "show": true,
                "sort": "avg",
                "sortDesc": true,
                "total": false,
                "values": true
            },
            "lines": true,
            "linewidth": 2,
            "links": [],
            "nullPointMode": "null",
            "percentage": false,
            "pointradius": 5,
            "points": false,
            "renderer": "flot",
            "seriesOverrides": [],
            "spaceLength": 10,
            "stack": false,
            "steppedLine": false,
            "targets": [
                {
                    "expr": "mongodb_mongod_metrics_repl_buffer_size_bytes{instance=\"$host\"}",
                    "interval": "$interval",
                    "intervalFactor": 1,
                    "legendFormat": "Used",
                    "refId": "A",
                    "step": 300
                },
                {
                    "expr": "mongodb_mongod_metrics_repl_buffer_max_size_bytes{instance=\"$host\"}",
                    "interval": "$interval",
                    "intervalFactor": 1,
                    "legendFormat": "Max",
                    "refId": "B",
                    "step": 300
                }
            ],
            "thresholds": [],
            "timeFrom": null,
            "timeShift": null,
            "title": "Oplog Buffer Capacity",
            "tooltip": {
                "msResolution": false,
                "shared": true,
                "sort": 0,
                "value_type": "cumulative"
            },
            "type": "graph",
            "x-axis": true,
            "xaxis": {
                "buckets": null,
                "mode": "time",
                "name": null,
                "show": true,
                "values": []
            },
            "y-axis": true,
            "y_formats": [
                "ms",
                "short"
            ],
            "yaxes": [
                {
                    "format": "decbytes",
                    "label": "",
                    "logBase": 10,
                    "max": null,
                    "min": 0,
                    "show": true
                },
                {
                    "format": "short",
                    "logBase": 1,
                    "max": null,
                    "min": null,
                    "show": true
                }
            ],
            "yaxis": {
                "align": false,
                "alignLevel": null
            }
        }
    ],
    "refresh": "1m",
    "schemaVersion": 16,
    "style": "dark",
    "tags": [
        "MongoDB",
        "Percona"
    ],
    "templating": {
        "list": [
            {
                "allFormat": "glob",
                "auto": true,
                "auto_count": 200,
                "auto_min": "1s",
                "current": {
                    "text": "auto",
                    "value": "$__auto_interval_interval"
                },
                "datasource": "Prometheus",
                "hide": 0,
                "includeAll": false,
                "label": "Interval",
                "multi": false,
                "multiFormat": "glob",
                "name": "interval",
                "options": [
                    {
                        "selected": true,
                        "text": "auto",
                        "value": "$__auto_interval_interval"
                    },
                    {
                        "selected": false,
                        "text": "1s",
                        "value": "1s"
                    },
                    {
                        "selected": false,
                        "text": "5s",
                        "value": "5s"
                    },
                    {
                        "selected": false,
                        "text": "1m",
                        "value": "1m"
                    },
                    {
                        "selected": false,
                        "text": "5m",
                        "value": "5m"
                    },
                    {
                        "selected": false,
                        "text": "1h",
                        "value": "1h"
                    },
                    {
                        "selected": false,
                        "text": "6h",
                        "value": "6h"
                    },
                    {
                        "selected": false,
                        "text": "1d",
                        "value": "1d"
                    }
                ],
                "query": "1s,5s,1m,5m,1h,6h,1d",
                "refresh": 2,
                "type": "interval"
            },
            {
                "allFormat": "blob",
                "allValue": null,
                "current": {},
                "datasource": "Prometheus",
                "hide": 0,
                "includeAll": true,
                "label": "Cluster",
                "multi": false,
                "multiFormat": "glob",
                "name": "cluster",
                "options": [],
                "query": "label_values(cluster)",
                "refresh": 1,
                "regex": "",
                "sort": 1,
                "tagValuesQuery": null,
                "tags": [],
                "tagsQuery": null,
                "type": "query",
                "useTags": false
            },
            {
                "allFormat": "glob",
                "allValue": null,
                "current": {},
                "datasource": "Prometheus",
                "hide": 0,
                "includeAll": false,
                "label": "Replica Set",
                "multi": false,
                "multiFormat": "glob",
                "name": "replset",
                "options": [],
                "query": "label_values(mongodb_mongod_replset_my_state{cluster=~\"$cluster\"}, set)",
                "refresh": 1,
                "regex": "",
                "sort": 1,
                "tagValuesQuery": null,
                "tags": [],
                "tagsQuery": null,
                "type": "query",
                "useTags": false
            },
            {
                "allFormat": "glob",
                "allValue": null,
                "current": {},
                "datasource": "Prometheus",
                "hide": 0,
                "includeAll": false,
                "label": "Instance",
                "multi": false,
                "multiFormat": "glob",
                "name": "host",
                "options": [],
                "query": "label_values(mongodb_mongod_replset_my_state{cluster=~\"$cluster\", set=\"$replset\"}, instance)",
                "refresh": 1,
                "regex": "",
                "sort": 1,
                "tagValuesQuery": null,
                "tags": [],
                "tagsQuery": "",
                "type": "query",
                "useTags": false
            }
        ]
    },
    "time": {
        "from": "now-12h",
        "to": "now"
    },
    "timepicker": {
        "hidden": false,
        "now": true,
        "refresh_intervals": [
            "5s",
            "10s",
            "30s",
            "1m",
            "5m",
            "15m",
            "30m",
            "1h",
            "2h",
            "1d"
        ],
        "time_options": [
            "5m",
            "15m",
            "1h",
            "6h",
            "12h",
            "24h",
            "2d",
            "7d",
            "30d"
        ]
    },
    "timezone": "browser",
    "title": "MongoDB ReplSet",
    "uid": "7lzrQGNik",
    "version": 1
}
