{
    "annotations": {
        "list": [
            {
                "builtIn": 1,
                "datasource": "-- Grafana --",
                "enable": true,
                "hide": false,
                "iconColor": "#e0752d",
                "limit": 100,
                "name": "PMM Annotations",
                "showIn": 0,
                "tags": [
                    "pmm_annotation"
                ],
                "type": "tags"
            }
        ]
    },
    "editable": true,
    "gnetId": null,
    "graphTooltip": 1,
    "id": null,
    "iteration": 1529322343680,
    "links": [
        {
            "icon": "dashboard",
            "includeVars": true,
            "keepTime": true,
            "tags": [
                "QAN"
            ],
            "targetBlank": false,
            "title": "Query Analytics",
            "type": "link",
            "url": "/graph/dashboard/db/_pmm-query-analytics"
        },
        {
            "asDropdown": true,
            "includeVars": true,
            "keepTime": true,
            "tags": [
                "OS"
            ],
            "targetBlank": false,
            "title": "OS",
            "type": "dashboards"
        },
        {
            "asDropdown": true,
            "includeVars": true,
            "keepTime": true,
            "tags": [
                "MySQL"
            ],
            "targetBlank": false,
            "title": "MySQL",
            "type": "dashboards"
        },
        {
            "asDropdown": true,
            "includeVars": true,
            "keepTime": true,
            "tags": [
                "MongoDB"
            ],
            "targetBlank": false,
            "title": "MongoDB",
            "type": "dashboards"
        },
        {
            "asDropdown": true,
            "includeVars": true,
            "keepTime": true,
            "tags": [
                "HA"
            ],
            "targetBlank": false,
            "title": "HA",
            "type": "dashboards"
        },
        {
            "asDropdown": true,
            "includeVars": true,
            "keepTime": true,
            "tags": [
                "Cloud"
            ],
            "targetBlank": false,
            "title": "Cloud",
            "type": "dashboards"
        },
        {
            "asDropdown": true,
            "includeVars": true,
            "keepTime": true,
            "tags": [
                "Insight"
            ],
            "targetBlank": false,
            "title": "Insight",
            "type": "dashboards"
        },
        {
            "asDropdown": true,
            "includeVars": true,
            "keepTime": true,
            "tags": [
                "PMM"
            ],
            "targetBlank": false,
            "title": "PMM",
            "type": "dashboards"
        }
    ],
    "panels": [
        {
            "aliasColors": {},
            "bars": false,
            "dashLength": 10,
            "dashes": false,
            "datasource": "Prometheus",
            "decimals": 1,
            "description": "Shows how many times a command is executed per second on average during the selected interval.",
            "editable": true,
            "error": false,
            "fill": 2,
            "grid": {
                "leftLogBase": 1,
                "leftMax": null,
                "leftMin": 0,
                "rightLogBase": 1,
                "rightMax": null,
                "rightMin": null
            },
            "gridPos": {
                "h": 7,
                "w": 24,
                "x": 0,
                "y": 0
            },
            "id": 15,
            "legend": {
                "alignAsTable": true,
                "avg": true,
                "current": false,
                "hideZero": true,
                "max": true,
                "min": true,
                "rightSide": true,
                "show": true,
                "sort": "avg",
                "sortDesc": true,
                "total": false,
                "values": true
            },
            "lines": true,
            "linewidth": 2,
            "links": [],
            "nullPointMode": "null",
            "percentage": false,
            "pointradius": 5,
            "points": false,
            "renderer": "flot",
            "seriesOverrides": [],
            "spaceLength": 10,
            "stack": false,
            "steppedLine": false,
            "targets": [
                {
                    "expr": "rate(mongodb_mongod_op_counters_total{instance=\"$host\", type!=\"command\"}[$interval]) or \nirate(mongodb_mongod_op_counters_total{instance=\"$host\", type!=\"command\"}[5m]) or \nrate(mongodb_mongos_op_counters_total{instance=\"$host\", type!=\"command\"}[$interval]) or \nirate(mongodb_mongos_op_counters_total{instance=\"$host\", type!=\"command\"}[5m])",
                    "format": "time_series",
                    "hide": false,
                    "interval": "$interval",
                    "intervalFactor": 1,
                    "legendFormat": "{{type}}",
                    "refId": "J",
                    "step": 300
                },
                {
                    "expr": "rate(mongodb_mongod_op_counters_repl_total{instance=\"$host\", type!~\"(command|query|getmore)\"}[$interval]) or \nirate(mongodb_mongod_op_counters_repl_total{instance=\"$host\", type!~\"(command|query|getmore)\"}[5m]) or\nrate(mongodb_mongos_op_counters_repl_total{instance=\"$host\", type!~\"(command|query|getmore)\"}[$interval]) or \nirate(mongodb_mongos_op_counters_repl_total{instance=\"$host\", type!~\"(command|query|getmore)\"}[5m])",
                    "format": "time_series",
                    "hide": false,
                    "interval": "$interval",
                    "intervalFactor": 1,
                    "legendFormat": "repl_{{type}}",
                    "refId": "A",
                    "step": 300
                },
                {
                    "expr": "rate(mongodb_mongod_metrics_ttl_deleted_documents_total{instance=\"$host\"}[$interval]) or \nirate(mongodb_mongod_metrics_ttl_deleted_documents_total{instance=\"$host\"}[5m]) or\nrate(mongodb_mongos_metrics_ttl_deleted_documents_total{instance=\"$host\"}[$interval]) or \nirate(mongodb_mongos_metrics_ttl_deleted_documents_total{instance=\"$host\"}[5m])",
                    "format": "time_series",
                    "hide": false,
                    "interval": "$interval",
                    "intervalFactor": 1,
                    "legendFormat": "ttl_delete",
                    "refId": "B",
                    "step": 300
                }
            ],
            "thresholds": [],
            "timeFrom": null,
            "timeShift": null,
            "title": "Command Operations",
            "tooltip": {
                "msResolution": false,
                "shared": true,
                "sort": 0,
                "value_type": "individual"
            },
            "type": "graph",
            "x-axis": true,
            "xaxis": {
                "buckets": null,
                "mode": "time",
                "name": null,
                "show": true,
                "values": []
            },
            "y-axis": true,
            "y_formats": [
                "short",
                "short"
            ],
            "yaxes": [
                {
                    "format": "ops",
                    "label": "",
                    "logBase": 1,
                    "max": null,
                    "min": 0,
                    "show": true
                },
                {
                    "format": "short",
                    "logBase": 1,
                    "max": null,
                    "min": null,
                    "show": true
                }
            ],
            "yaxis": {
                "align": false,
                "alignLevel": null
            }
        },
        {
            "aliasColors": {},
            "bars": false,
            "dashLength": 10,
            "dashes": false,
            "datasource": "Prometheus",
            "decimals": null,
            "description": "Keep in mind the hard limit on the maximum number of connections set by your distribution.",
            "editable": true,
            "error": false,
            "fill": 2,
            "grid": {
                "leftLogBase": 1,
                "leftMax": null,
                "leftMin": 0,
                "rightLogBase": 1,
                "rightMax": null,
                "rightMin": null
            },
            "gridPos": {
                "h": 7,
                "w": 12,
                "x": 0,
                "y": 7
            },
            "height": "250px",
            "id": 38,
            "legend": {
                "alignAsTable": true,
                "avg": true,
                "current": false,
                "max": true,
                "min": true,
                "rightSide": false,
                "show": true,
                "total": false,
                "values": true
            },
            "lines": true,
            "linewidth": 2,
            "links": [],
            "nullPointMode": "null",
            "percentage": false,
            "pointradius": 5,
            "points": false,
            "renderer": "flot",
            "seriesOverrides": [],
            "spaceLength": 10,
            "stack": false,
            "steppedLine": false,
            "targets": [
                {
                    "expr": "mongodb_mongod_connections{instance=\"$host\", state=\"current\"} or\nmongodb_mongos_connections{instance=\"$host\", state=\"current\"}",
                    "format": "time_series",
                    "hide": false,
                    "interval": "$interval",
                    "intervalFactor": 1,
                    "legendFormat": "Connections",
                    "refId": "J",
                    "step": 300
                }
            ],
            "thresholds": [],
            "timeFrom": null,
            "timeShift": null,
            "title": "Connections",
            "tooltip": {
                "msResolution": false,
                "shared": true,
                "sort": 0,
                "value_type": "cumulative"
            },
            "type": "graph",
            "x-axis": true,
            "xaxis": {
                "buckets": null,
                "mode": "time",
                "name": null,
                "show": true,
                "values": []
            },
            "y-axis": true,
            "y_formats": [
                "short",
                "short"
            ],
            "yaxes": [
                {
                    "format": "short",
                    "label": "",
                    "logBase": 1,
                    "max": null,
                    "min": 0,
                    "show": true
                },
                {
                    "format": "short",
                    "logBase": 1,
                    "max": null,
                    "min": null,
                    "show": true
                }
            ],
            "yaxis": {
                "align": false,
                "alignLevel": null
            }
        },
        {
            "aliasColors": {},
            "bars": false,
            "dashLength": 10,
            "dashes": false,
            "datasource": "Prometheus",
            "decimals": null,
            "description": "Helps identify why connections are increasing. Shows active cursors compared to cursors being automatically killed after 10 minutes due to an application not closing the connection.",
            "editable": true,
            "error": false,
            "fill": 2,
            "grid": {
                "leftLogBase": 1,
                "leftMax": null,
                "leftMin": 0,
                "rightLogBase": 1,
                "rightMax": null,
                "rightMin": null
            },
            "gridPos": {
                "h": 7,
                "w": 12,
                "x": 12,
                "y": 7
            },
            "height": "250px",
            "id": 25,
            "legend": {
                "alignAsTable": true,
                "avg": true,
                "current": false,
                "hideZero": true,
                "max": true,
                "min": true,
                "rightSide": false,
                "show": true,
                "sort": "avg",
                "sortDesc": true,
                "total": false,
                "values": true
            },
            "lines": true,
            "linewidth": 2,
            "links": [],
            "nullPointMode": "null",
            "percentage": false,
            "pointradius": 5,
            "points": false,
            "renderer": "flot",
            "seriesOverrides": [],
            "spaceLength": 10,
            "stack": false,
            "steppedLine": false,
            "targets": [
                {
                    "expr": "mongodb_mongod_metrics_cursor_open{instance=\"$host\"} or\nmongodb_mongod_cursors{instance=\"$host\"} or\nmongodb_mongos_metrics_cursor_open{instance=\"$host\"} or \nmongodb_mongos_cursors{instance=\"$host\"}",
                    "format": "time_series",
                    "hide": false,
                    "interval": "$interval",
                    "intervalFactor": 1,
                    "legendFormat": "{{state}}",
                    "refId": "J",
                    "step": 300
                }
            ],
            "thresholds": [],
            "timeFrom": null,
            "timeShift": null,
            "title": "Cursors",
            "tooltip": {
                "msResolution": false,
                "shared": true,
                "sort": 0,
                "value_type": "cumulative"
            },
            "type": "graph",
            "x-axis": true,
            "xaxis": {
                "buckets": null,
                "mode": "time",
                "name": null,
                "show": true,
                "values": []
            },
            "y-axis": true,
            "y_formats": [
                "short",
                "short"
            ],
            "yaxes": [
                {
                    "format": "short",
                    "label": "",
                    "logBase": 1,
                    "max": null,
                    "min": 0,
                    "show": true
                },
                {
                    "format": "short",
                    "logBase": 1,
                    "max": null,
                    "min": null,
                    "show": true
                }
            ],
            "yaxis": {
                "align": false,
                "alignLevel": null
            }
        },
        {
            "aliasColors": {},
            "bars": false,
            "dashLength": 10,
            "dashes": false,
            "datasource": "Prometheus",
            "decimals": null,
            "description": "When used in combination with 'Command Operations', this graph can help identify write amplification. For example, when one insert or update command actually inserts or updates hundreds, thousands, or even millions of documents.",
            "editable": true,
            "error": false,
            "fill": 2,
            "grid": {
                "leftLogBase": 1,
                "leftMax": null,
                "leftMin": 0,
                "rightLogBase": 1,
                "rightMax": null,
                "rightMin": null
            },
            "gridPos": {
                "h": 7,
                "w": 12,
                "x": 0,
                "y": 14
            },
            "height": "250px",
            "id": 36,
            "legend": {
                "alignAsTable": true,
                "avg": true,
                "current": false,
                "hideZero": true,
                "max": true,
                "min": true,
                "show": true,
                "sort": "avg",
                "sortDesc": true,
                "total": false,
                "values": true
            },
            "lines": true,
            "linewidth": 2,
            "links": [],
            "nullPointMode": "null",
            "percentage": false,
            "pointradius": 5,
            "points": false,
            "renderer": "flot",
            "seriesOverrides": [],
            "spaceLength": 10,
            "stack": false,
            "steppedLine": false,
            "targets": [
                {
                    "expr": "rate(mongodb_mongod_metrics_document_total{instance=\"$host\"}[$interval]) or \nirate(mongodb_mongod_metrics_document_total{instance=\"$host\"}[5m])",
                    "format": "time_series",
                    "hide": false,
                    "interval": "$interval",
                    "intervalFactor": 1,
                    "legendFormat": "{{state}}",
                    "refId": "J",
                    "step": 300
                }
            ],
            "thresholds": [],
            "timeFrom": null,
            "timeShift": null,
            "title": "Document Operations",
            "tooltip": {
                "msResolution": false,
                "shared": true,
                "sort": 0,
                "value_type": "cumulative"
            },
            "type": "graph",
            "x-axis": true,
            "xaxis": {
                "buckets": null,
                "mode": "time",
                "name": null,
                "show": true,
                "values": []
            },
            "y-axis": true,
            "y_formats": [
                "short",
                "short"
            ],
            "yaxes": [
                {
                    "format": "ops",
                    "label": "",
                    "logBase": 1,
                    "max": null,
                    "min": 0,
                    "show": true
                },
                {
                    "format": "short",
                    "logBase": 1,
                    "max": null,
                    "min": null,
                    "show": true
                }
            ],
            "yaxis": {
                "align": false,
                "alignLevel": null
            }
        },
        {
            "aliasColors": {},
            "bars": false,
            "dashLength": 10,
            "dashes": false,
            "datasource": "Prometheus",
            "decimals": null,
            "description": "Any number of queued operations for long periods of time is an indication of possible issues. Find the cause and fix it before requests get stuck in the queue.",
            "editable": true,
            "error": false,
            "fill": 2,
            "grid": {
                "leftLogBase": 1,
                "leftMax": null,
                "leftMin": 0,
                "rightLogBase": 1,
                "rightMax": null,
                "rightMin": null
            },
            "gridPos": {
                "h": 7,
                "w": 12,
                "x": 12,
                "y": 14
            },
            "height": "250px",
            "id": 40,
            "legend": {
                "alignAsTable": true,
                "avg": true,
                "current": false,
                "hideZero": false,
                "max": true,
                "min": true,
                "show": true,
                "sort": "avg",
                "sortDesc": true,
                "total": false,
                "values": true
            },
            "lines": true,
            "linewidth": 2,
            "links": [],
            "nullPointMode": "null",
            "percentage": false,
            "pointradius": 5,
            "points": false,
            "renderer": "flot",
            "seriesOverrides": [],
            "spaceLength": 10,
            "stack": false,
            "steppedLine": false,
            "targets": [
                {
                    "expr": "mongodb_mongod_global_lock_current_queue{instance=\"$host\"}",
                    "format": "time_series",
                    "hide": false,
                    "interval": "$interval",
                    "intervalFactor": 1,
                    "legendFormat": "{{type}}",
                    "refId": "J",
                    "step": 300
                }
            ],
            "thresholds": [],
            "timeFrom": null,
            "timeShift": null,
            "title": "Queued Operations",
            "tooltip": {
                "msResolution": false,
                "shared": true,
                "sort": 0,
                "value_type": "cumulative"
            },
            "type": "graph",
            "x-axis": true,
            "xaxis": {
                "buckets": null,
                "mode": "time",
                "name": null,
                "show": true,
                "values": []
            },
            "y-axis": true,
            "y_formats": [
                "short",
                "short"
            ],
            "yaxes": [
                {
                    "format": "ops",
                    "label": "",
                    "logBase": 1,
                    "max": null,
                    "min": 0,
                    "show": true
                },
                {
                    "format": "short",
                    "logBase": 1,
                    "max": null,
                    "min": null,
                    "show": true
                }
            ],
            "yaxis": {
                "align": false,
                "alignLevel": null
            }
        },
        {
            "aliasColors": {},
            "bars": false,
            "dashLength": 10,
            "dashes": false,
            "datasource": "Prometheus",
            "decimals": 2,
            "editable": true,
            "error": false,
            "fill": 2,
            "grid": {
                "leftLogBase": 1,
                "leftMax": null,
                "leftMin": 0,
                "rightLogBase": 1,
                "rightMax": null,
                "rightMin": null
            },
            "gridPos": {
                "h": 7,
                "w": 12,
                "x": 0,
                "y": 21
            },
            "height": "250px",
            "id": 63,
            "legend": {
                "alignAsTable": true,
                "avg": true,
                "current": false,
                "max": true,
                "min": true,
                "show": true,
                "total": false,
                "values": true
            },
            "lines": true,
            "linewidth": 2,
            "links": [],
            "nullPointMode": "null",
            "percentage": true,
            "pointradius": 5,
            "points": false,
            "renderer": "flot",
            "seriesOverrides": [],
            "spaceLength": 10,
            "stack": false,
            "steppedLine": false,
            "targets": [
                {
                    "expr": "sum(increase(mongodb_mongod_metrics_query_executor_total{instance=\"$host\", state=\"scanned_objects\"}[5m]))/sum(increase(mongodb_mongod_metrics_document_total{instance=\"$host\", state=\"returned\"}[5m]))",
                    "format": "time_series",
                    "hide": false,
                    "interval": "$interval",
                    "intervalFactor": 1,
                    "legendFormat": "Document",
                    "refId": "J",
                    "step": 300
                },
                {
                    "expr": "sum(increase(mongodb_mongod_metrics_query_executor_total{instance=\"$host\", state=\"scanned\"}[5m]))/sum(increase(mongodb_mongod_metrics_document_total{instance=\"$host\", state=\"returned\"}[5m]))",
                    "format": "time_series",
                    "hide": false,
                    "interval": "$interval",
                    "intervalFactor": 1,
                    "legendFormat": "Index",
                    "refId": "A",
                    "step": 300
                }
            ],
            "thresholds": [],
            "timeFrom": null,
            "timeShift": null,
            "title": "Query Efficiency",
            "tooltip": {
                "msResolution": false,
                "shared": true,
                "sort": 0,
                "value_type": "cumulative"
            },
            "type": "graph",
            "x-axis": true,
            "xaxis": {
                "buckets": null,
                "mode": "time",
                "name": null,
                "show": true,
                "values": []
            },
            "y-axis": true,
            "y_formats": [
                "short",
                "short"
            ],
            "yaxes": [
                {
                    "format": "percentunit",
                    "label": "",
                    "logBase": 1,
                    "max": null,
                    "min": 0,
                    "show": true
                },
                {
                    "format": "none",
                    "logBase": 1,
                    "max": null,
                    "min": null,
                    "show": true
                }
            ],
            "yaxis": {
                "align": false,
                "alignLevel": null
            }
        },
        {
            "aliasColors": {},
            "bars": false,
            "dashLength": 10,
            "dashes": false,
            "datasource": "Prometheus",
            "decimals": null,
            "editable": true,
            "error": false,
            "fill": 2,
            "grid": {},
            "gridPos": {
                "h": 7,
                "w": 12,
                "x": 12,
                "y": 21
            },
            "id": 64,
            "legend": {
                "alignAsTable": true,
                "avg": true,
                "current": false,
                "hideZero": true,
                "max": true,
                "min": true,
                "rightSide": false,
                "show": true,
                "sort": "avg",
                "sortDesc": true,
                "total": false,
                "values": true
            },
            "lines": true,
            "linewidth": 2,
            "links": [],
            "nullPointMode": "null",
            "percentage": false,
            "pointradius": 5,
            "points": false,
            "renderer": "flot",
            "seriesOverrides": [],
            "spaceLength": 10,
            "stack": false,
            "steppedLine": false,
            "targets": [
                {
                    "expr": "rate(mongodb_mongod_metrics_query_executor_total{instance=\"$host\"}[$interval]) or irate(mongodb_mongod_metrics_query_executor_total{instance=\"$host\"}[5m])",
                    "format": "time_series",
                    "interval": "$interval",
                    "intervalFactor": 1,
                    "legendFormat": "{{state}}",
                    "metric": "",
                    "refId": "A",
                    "step": 300
                },
                {
                    "expr": "rate(mongodb_mongod_metrics_record_moves_total{instance=\"$host\"}[$interval]) or irate(mongodb_mongod_metrics_record_moves_total{instance=\"$host\"}[5m])",
                    "format": "time_series",
                    "interval": "$interval",
                    "intervalFactor": 1,
                    "legendFormat": "moved",
                    "refId": "B",
                    "step": 300
                }
            ],
            "thresholds": [],
            "timeFrom": null,
            "timeShift": null,
            "title": "Scanned and Moved Objects",
            "tooltip": {
                "msResolution": false,
                "shared": true,
                "sort": 0,
                "value_type": "cumulative"
            },
            "type": "graph",
            "xaxis": {
                "buckets": null,
                "mode": "time",
                "name": null,
                "show": true,
                "values": []
            },
            "yaxes": [
                {
                    "format": "ops",
                    "label": "",
                    "logBase": 1,
                    "max": null,
                    "min": 0,
                    "show": true
                },
                {
                    "format": "short",
                    "logBase": 1,
                    "max": null,
                    "min": null,
                    "show": true
                }
            ],
            "yaxis": {
                "align": false,
                "alignLevel": null
            }
        },
        {
            "aliasColors": {},
            "bars": false,
            "dashLength": 10,
            "dashes": false,
            "datasource": "Prometheus",
            "decimals": null,
            "description": "This is useful for write-heavy workloads to understand how long it takes to verify writes and how many concurrent writes are occurring.",
            "editable": true,
            "error": false,
            "fill": 2,
            "grid": {
                "leftLogBase": 1,
                "leftMax": null,
                "leftMin": 0,
                "rightLogBase": 1,
                "rightMax": null,
                "rightMin": null
            },
            "gridPos": {
                "h": 7,
                "w": 12,
                "x": 0,
                "y": 28
            },
            "id": 41,
            "legend": {
                "alignAsTable": true,
                "avg": true,
                "current": false,
                "max": true,
                "min": true,
                "show": true,
                "total": false,
                "values": true
            },
            "lines": true,
            "linewidth": 2,
            "links": [],
            "nullPointMode": "null",
            "percentage": false,
            "pointradius": 5,
            "points": false,
            "renderer": "flot",
            "seriesOverrides": [],
            "spaceLength": 10,
            "stack": false,
            "steppedLine": false,
            "targets": [
                {
                    "expr": "rate(mongodb_mongod_metrics_get_last_error_wtime_total_milliseconds{instance=\"$host\"}[$interval]) or \nirate(mongodb_mongod_metrics_get_last_error_wtime_total_milliseconds{instance=\"$host\"}[5m]) or\nrate(mongodb_mongos_metrics_get_last_error_wtime_total_milliseconds{instance=\"$host\"}[$interval]) or \nirate(mongodb_mongos_metrics_get_last_error_wtime_total_milliseconds{instance=\"$host\"}[5m])",
                    "format": "time_series",
                    "hide": false,
                    "interval": "$interval",
                    "intervalFactor": 1,
                    "legendFormat": "Write Wait Time",
                    "refId": "J",
                    "step": 300
                }
            ],
            "thresholds": [],
            "timeFrom": null,
            "timeShift": null,
            "title": "getLastError Write Time",
            "tooltip": {
                "msResolution": false,
                "shared": true,
                "sort": 0,
                "value_type": "cumulative"
            },
            "type": "graph",
            "x-axis": true,
            "xaxis": {
                "buckets": null,
                "mode": "time",
                "name": null,
                "show": true,
                "values": []
            },
            "y-axis": true,
            "y_formats": [
                "short",
                "short"
            ],
            "yaxes": [
                {
                    "format": "ms",
                    "label": "",
                    "logBase": 1,
                    "max": null,
                    "min": 0,
                    "show": true
                },
                {
                    "format": "short",
                    "logBase": 1,
                    "max": null,
                    "min": null,
                    "show": true
                }
            ],
            "yaxis": {
                "align": false,
                "alignLevel": null
            }
        },
        {
            "aliasColors": {},
            "bars": false,
            "dashLength": 10,
            "dashes": false,
            "datasource": "Prometheus",
            "decimals": null,
            "description": "This is useful for write-heavy workloads to understand how long it takes to verify writes and how many concurrent writes are occurring.",
            "editable": true,
            "error": false,
            "fill": 2,
            "grid": {
                "leftLogBase": 1,
                "leftMax": null,
                "leftMin": 0,
                "rightLogBase": 1,
                "rightMax": null,
                "rightMin": null
            },
            "gridPos": {
                "h": 7,
                "w": 12,
                "x": 12,
                "y": 28
            },
            "height": "250px",
            "id": 62,
            "legend": {
                "alignAsTable": true,
                "avg": true,
                "current": false,
                "hideZero": true,
                "max": true,
                "min": true,
                "show": true,
                "sort": "avg",
                "sortDesc": true,
                "total": false,
                "values": true
            },
            "lines": true,
            "linewidth": 2,
            "links": [],
            "nullPointMode": "null",
            "percentage": false,
            "pointradius": 5,
            "points": false,
            "renderer": "flot",
            "seriesOverrides": [],
            "spaceLength": 10,
            "stack": false,
            "steppedLine": false,
            "targets": [
                {
                    "expr": "rate(mongodb_mongod_metrics_get_last_error_wtime_num_total{instance=\"$host\"}[$interval]) or \nirate(mongodb_mongod_metrics_get_last_error_wtime_num_total{instance=\"$host\"}[5m]) or\nrate(mongodb_mongos_metrics_get_last_error_wtime_num_total{instance=\"$host\"}[$interval]) or \nirate(mongodb_mongos_metrics_get_last_error_wtime_num_total{instance=\"$host\"}[5m])",
                    "format": "time_series",
                    "hide": false,
                    "interval": "$interval",
                    "intervalFactor": 1,
                    "legendFormat": "Total",
                    "refId": "J",
                    "step": 300
                },
                {
                    "expr": "rate(mongodb_mongod_metrics_get_last_error_wtimeouts_total{instance=\"$host\"}[$interval]) or\nirate(mongodb_mongod_metrics_get_last_error_wtimeouts_total{instance=\"$host\"}[5m]) or\nrate(mongodb_mongos_metrics_get_last_error_wtimeouts_total{instance=\"$host\"}[$interval]) or\nirate(mongodb_mongos_metrics_get_last_error_wtimeouts_total{instance=\"$host\"}[5m])",
                    "format": "time_series",
                    "hide": false,
                    "interval": "$interval",
                    "intervalFactor": 1,
                    "legendFormat": "Timeouts",
                    "refId": "A",
                    "step": 300
                }
            ],
            "thresholds": [],
            "timeFrom": null,
            "timeShift": null,
            "title": "getLastError Write Operations",
            "tooltip": {
                "msResolution": false,
                "shared": true,
                "sort": 0,
                "value_type": "cumulative"
            },
            "type": "graph",
            "x-axis": true,
            "xaxis": {
                "buckets": null,
                "mode": "time",
                "name": null,
                "show": true,
                "values": []
            },
            "y-axis": true,
            "y_formats": [
                "short",
                "short"
            ],
            "yaxes": [
                {
                    "format": "ops",
                    "label": "",
                    "logBase": 1,
                    "max": null,
                    "min": 0,
                    "show": true
                },
                {
                    "format": "short",
                    "logBase": 1,
                    "max": null,
                    "min": null,
                    "show": true
                }
            ],
            "yaxis": {
                "align": false,
                "alignLevel": null
            }
        },
        {
            "aliasColors": {},
            "bars": false,
            "dashLength": 10,
            "dashes": false,
            "datasource": "Prometheus",
            "decimals": null,
            "description": "Asserts are not important by themselves, but you can correlate spikes with other graphs.",
            "editable": true,
            "error": false,
            "fill": 2,
            "grid": {
                "leftLogBase": 1,
                "leftMax": null,
                "leftMin": 0,
                "rightLogBase": 1,
                "rightMax": null,
                "rightMin": null
            },
            "gridPos": {
                "h": 7,
                "w": 12,
                "x": 0,
                "y": 35
            },
            "height": "250px",
            "id": 37,
            "legend": {
                "alignAsTable": true,
                "avg": true,
                "current": false,
                "hideZero": true,
                "max": true,
                "min": true,
                "rightSide": false,
                "show": true,
                "sort": "avg",
                "sortDesc": true,
                "total": false,
                "values": true
            },
            "lines": true,
            "linewidth": 2,
            "links": [],
            "nullPointMode": "null",
            "percentage": false,
            "pointradius": 5,
            "points": false,
            "renderer": "flot",
            "seriesOverrides": [],
            "spaceLength": 10,
            "stack": false,
            "steppedLine": false,
            "targets": [
                {
                    "expr": "rate(mongodb_mongod_asserts_total{instance=\"$host\"}[$interval]) or \nirate(mongodb_mongod_asserts_total{instance=\"$host\"}[5m]) or\nrate(mongodb_mongos_asserts_total{instance=\"$host\"}[$interval]) or \nirate(mongodb_mongos_asserts_total{instance=\"$host\"}[5m])",
                    "format": "time_series",
                    "hide": false,
                    "interval": "$interval",
                    "intervalFactor": 1,
                    "legendFormat": "{{type}}",
                    "refId": "J",
                    "step": 300
                }
            ],
            "thresholds": [],
            "timeFrom": null,
            "timeShift": null,
            "title": "Assert Events",
            "tooltip": {
                "msResolution": false,
                "shared": true,
                "sort": 0,
                "value_type": "cumulative"
            },
            "type": "graph",
            "x-axis": true,
            "xaxis": {
                "buckets": null,
                "mode": "time",
                "name": null,
                "show": true,
                "values": []
            },
            "y-axis": true,
            "y_formats": [
                "short",
                "short"
            ],
            "yaxes": [
                {
                    "format": "short",
                    "label": "",
                    "logBase": 1,
                    "max": null,
                    "min": 0,
                    "show": true
                },
                {
                    "format": "short",
                    "logBase": 1,
                    "max": null,
                    "min": null,
                    "show": true
                }
            ],
            "yaxis": {
                "align": false,
                "alignLevel": null
            }
        },
        {
            "aliasColors": {},
            "bars": false,
            "dashLength": 10,
            "dashes": false,
            "datasource": "Prometheus",
            "decimals": null,
            "description": "Page faults indicate that requests are processed from disk either because an index is missing or there is not enough memory for the data set. Consider increasing memory or sharding out.",
            "editable": true,
            "error": false,
            "fill": 2,
            "grid": {
                "leftLogBase": 1,
                "leftMax": null,
                "leftMin": 0,
                "rightLogBase": 1,
                "rightMax": null,
                "rightMin": null
            },
            "gridPos": {
                "h": 7,
                "w": 12,
                "x": 12,
                "y": 35
            },
            "height": "250px",
            "id": 39,
            "legend": {
                "alignAsTable": true,
                "avg": true,
                "current": false,
                "max": true,
                "min": true,
                "show": true,
                "total": false,
                "values": true
            },
            "lines": true,
            "linewidth": 2,
            "links": [],
            "nullPointMode": "null",
            "percentage": false,
            "pointradius": 5,
            "points": false,
            "renderer": "flot",
            "seriesOverrides": [],
            "spaceLength": 10,
            "stack": false,
            "steppedLine": false,
            "targets": [
                {
                    "expr": "rate(mongodb_mongod_extra_info_page_faults_total{instance=\"$host\"}[$interval]) or \nirate(mongodb_mongod_extra_info_page_faults_total{instance=\"$host\"}[5m]) or\nrate(mongodb_mongos_extra_info_page_faults_total{instance=\"$host\"}[$interval]) or \nirate(mongodb_mongos_extra_info_page_faults_total{instance=\"$host\"}[5m])",
                    "format": "time_series",
                    "hide": false,
                    "interval": "$interval",
                    "intervalFactor": 1,
                    "legendFormat": "Faults",
                    "refId": "J",
                    "step": 300
                }
            ],
            "thresholds": [],
            "timeFrom": null,
            "timeShift": null,
            "title": "Page Faults",
            "tooltip": {
                "msResolution": false,
                "shared": true,
                "sort": 0,
                "value_type": "cumulative"
            },
            "type": "graph",
            "x-axis": true,
            "xaxis": {
                "buckets": null,
                "mode": "time",
                "name": null,
                "show": true,
                "values": []
            },
            "y-axis": true,
            "y_formats": [
                "short",
                "short"
            ],
            "yaxes": [
                {
                    "format": "short",
                    "label": "",
                    "logBase": 1,
                    "max": null,
                    "min": 0,
                    "show": true
                },
                {
                    "format": "short",
                    "logBase": 1,
                    "max": null,
                    "min": null,
                    "show": true
                }
            ],
            "yaxis": {
                "align": false,
                "alignLevel": null
            }
        }
    ],
    "refresh": "1m",
    "schemaVersion": 16,
    "style": "dark",
    "tags": [
        "MongoDB",
        "Percona"
    ],
    "templating": {
        "list": [
            {
                "allFormat": "glob",
                "auto": true,
                "auto_count": 200,
                "auto_min": "1s",
                "current": {
                    "text": "auto",
                    "value": "$__auto_interval_interval"
                },
                "datasource": "Prometheus",
                "hide": 0,
                "includeAll": false,
                "label": "Interval",
                "multi": false,
                "multiFormat": "glob",
                "name": "interval",
                "options": [
                    {
                        "selected": true,
                        "text": "auto",
                        "value": "$__auto_interval_interval"
                    },
                    {
                        "selected": false,
                        "text": "1s",
                        "value": "1s"
                    },
                    {
                        "selected": false,
                        "text": "5s",
                        "value": "5s"
                    },
                    {
                        "selected": false,
                        "text": "1m",
                        "value": "1m"
                    },
                    {
                        "selected": false,
                        "text": "5m",
                        "value": "5m"
                    },
                    {
                        "selected": false,
                        "text": "1h",
                        "value": "1h"
                    },
                    {
                        "selected": false,
                        "text": "6h",
                        "value": "6h"
                    },
                    {
                        "selected": false,
                        "text": "1d",
                        "value": "1d"
                    }
                ],
                "query": "1s,5s,1m,5m,1h,6h,1d",
                "refresh": 2,
                "type": "interval"
            },
            {
                "allFormat": "blob",
                "allValue": null,
                "current": {},
                "datasource": "Prometheus",
                "hide": 0,
                "includeAll": true,
                "label": "Cluster",
                "multi": false,
                "multiFormat": "glob",
                "name": "cluster",
                "options": [],
                "query": "label_values(cluster)",
                "refresh": 1,
                "regex": "",
                "sort": 1,
                "tagValuesQuery": null,
                "tags": [],
                "tagsQuery": null,
                "type": "query",
                "useTags": false
            },
            {
                "allFormat": "glob",
                "allValue": null,
                "current": {},
                "datasource": "Prometheus",
                "hide": 0,
                "includeAll": false,
                "label": "Instance",
                "multi": false,
                "multiFormat": "glob",
                "name": "host",
                "options": [],
                "query": "label_values({__name__=~\"mongodb_mongod_connections{cluster=~\\\"$cluster\\\"}|mongodb_up\"}, instance)",
                "refresh": 1,
                "regex": "",
                "sort": 1,
                "tagValuesQuery": null,
                "tags": [],
                "tagsQuery": "",
                "type": "query",
                "useTags": false
            }
        ]
    },
    "time": {
        "from": "now-12h",
        "to": "now"
    },
    "timepicker": {
        "hidden": false,
        "now": true,
        "refresh_intervals": [
            "5s",
            "10s",
            "30s",
            "1m",
            "5m",
            "15m",
            "30m",
            "1h",
            "2h",
            "1d"
        ],
        "time_options": [
            "5m",
            "15m",
            "1h",
            "6h",
            "12h",
            "24h",
            "2d",
            "7d",
            "30d"
        ]
    },
    "timezone": "browser",
    "title": "MongoDB Overview",
    "uid": "6Lk9wMHik",
    "version": 1
}
