{
    "annotations": {
        "list": [
            {
                "builtIn": 1,
                "datasource": "-- Grafana --",
                "enable": true,
                "hide": false,
                "iconColor": "#e0752d",
                "limit": 100,
                "name": "PMM Annotations",
                "showIn": 0,
                "tags": [
                    "pmm_annotation"
                ],
                "type": "tags"
            }
        ]
    },
    "editable": true,
    "gnetId": null,
    "graphTooltip": 1,
    "id": null,
    "iteration": 1529322514360,
    "links": [
        {
            "icon": "dashboard",
            "includeVars": true,
            "keepTime": true,
            "tags": [
                "QAN"
            ],
            "targetBlank": false,
            "title": "Query Analytics",
            "type": "link",
            "url": "/graph/dashboard/db/_pmm-query-analytics"
        },
        {
            "asDropdown": true,
            "includeVars": true,
            "keepTime": true,
            "tags": [
                "OS"
            ],
            "targetBlank": false,
            "title": "OS",
            "type": "dashboards"
        },
        {
            "asDropdown": true,
            "includeVars": true,
            "keepTime": true,
            "tags": [
                "MySQL"
            ],
            "targetBlank": false,
            "title": "MySQL",
            "type": "dashboards"
        },
        {
            "asDropdown": true,
            "includeVars": true,
            "keepTime": true,
            "tags": [
                "MongoDB"
            ],
            "targetBlank": false,
            "title": "MongoDB",
            "type": "dashboards"
        },
        {
            "asDropdown": true,
            "includeVars": true,
            "keepTime": true,
            "tags": [
                "HA"
            ],
            "targetBlank": false,
            "title": "HA",
            "type": "dashboards"
        },
        {
            "asDropdown": true,
            "includeVars": true,
            "keepTime": true,
            "tags": [
                "Cloud"
            ],
            "targetBlank": false,
            "title": "Cloud",
            "type": "dashboards"
        },
        {
            "asDropdown": true,
            "includeVars": true,
            "keepTime": true,
            "tags": [
                "Insight"
            ],
            "targetBlank": false,
            "title": "Insight",
            "type": "dashboards"
        },
        {
            "asDropdown": true,
            "includeVars": true,
            "keepTime": true,
            "tags": [
                "PMM"
            ],
            "targetBlank": false,
            "title": "PMM",
            "type": "dashboards"
        }
    ],
    "panels": [
        {
            "aliasColors": {},
            "bars": false,
            "dashLength": 10,
            "dashes": false,
            "datasource": "Prometheus",
            "decimals": 2,
            "editable": true,
            "error": false,
            "fill": 2,
            "grid": {},
            "gridPos": {
                "h": 7,
                "w": 12,
                "x": 0,
                "y": 0
            },
            "id": 25,
            "legend": {
                "alignAsTable": false,
                "avg": false,
                "current": false,
                "hideEmpty": false,
                "max": false,
                "min": false,
                "rightSide": false,
                "show": true,
                "total": false,
                "values": false
            },
            "lines": true,
            "linewidth": 2,
            "links": [],
            "nullPointMode": "null",
            "percentage": false,
            "pointradius": 5,
            "points": false,
            "renderer": "flot",
            "seriesOverrides": [],
            "spaceLength": 10,
            "stack": false,
            "steppedLine": false,
            "targets": [
                {
                    "calculatedInterval": "2m",
                    "datasourceErrors": {},
                    "errors": {},
                    "expr": "topk(5, (rate(mysql_info_schema_user_statistics_total_ssl_connections_total{instance=\"$host\"}[$interval]) + rate(mysql_info_schema_user_statistics_total_connections{instance=\"$host\"}[$interval]))>0) or topk(5, (irate(mysql_info_schema_user_statistics_total_ssl_connections_total{instance=\"$host\"}[5m]) + irate(mysql_info_schema_user_statistics_total_connections{instance=\"$host\"}[5m]))>0)",
                    "interval": "$interval",
                    "intervalFactor": 1,
                    "legendFormat": "{{ user }}",
                    "metric": "",
                    "refId": "A",
                    "step": 300
                }
            ],
            "thresholds": [],
            "timeFrom": null,
            "timeShift": null,
            "title": "Top Users by Connections Created",
            "tooltip": {
                "msResolution": false,
                "shared": true,
                "sort": 2,
                "value_type": "individual"
            },
            "type": "graph",
            "xaxis": {
                "buckets": null,
                "mode": "time",
                "name": null,
                "show": true,
                "values": []
            },
            "yaxes": [
                {
                    "format": "short",
                    "label": "Connections/sec",
                    "logBase": 1,
                    "max": null,
                    "min": 0,
                    "show": true
                },
                {
                    "format": "short",
                    "logBase": 1,
                    "max": null,
                    "min": 0,
                    "show": true
                }
            ],
            "yaxis": {
                "align": false,
                "alignLevel": null
            }
        },
        {
            "aliasColors": {},
            "bars": false,
            "dashLength": 10,
            "dashes": false,
            "datasource": "Prometheus",
            "decimals": 2,
            "editable": true,
            "error": false,
            "fill": 2,
            "grid": {},
            "gridPos": {
                "h": 7,
                "w": 12,
                "x": 12,
                "y": 0
            },
            "id": 39,
            "legend": {
                "alignAsTable": false,
                "avg": false,
                "current": false,
                "hideEmpty": false,
                "max": false,
                "min": false,
                "rightSide": false,
                "show": true,
                "total": false,
                "values": false
            },
            "lines": true,
            "linewidth": 2,
            "links": [],
            "nullPointMode": "null",
            "percentage": false,
            "pointradius": 5,
            "points": false,
            "renderer": "flot",
            "seriesOverrides": [],
            "spaceLength": 10,
            "stack": false,
            "steppedLine": false,
            "targets": [
                {
                    "calculatedInterval": "2m",
                    "datasourceErrors": {},
                    "errors": {},
                    "expr": "topk(5, (rate(mysql_info_schema_user_statistics_bytes_sent_total{instance=\"$host\"}[$interval]) + rate(mysql_info_schema_user_statistics_bytes_received_total{instance=\"$host\"}[$interval]))>0) or topk(5, (irate(mysql_info_schema_user_statistics_bytes_sent_total{instance=\"$host\"}[5m]) + irate(mysql_info_schema_user_statistics_bytes_received_total{instance=\"$host\"}[5m]))>0)",
                    "interval": "$interval",
                    "intervalFactor": 1,
                    "legendFormat": "{{ user }}",
                    "metric": "",
                    "refId": "A",
                    "step": 300
                }
            ],
            "thresholds": [],
            "timeFrom": null,
            "timeShift": null,
            "title": "Top Users by Traffic",
            "tooltip": {
                "msResolution": false,
                "shared": true,
                "sort": 2,
                "value_type": "individual"
            },
            "type": "graph",
            "xaxis": {
                "buckets": null,
                "mode": "time",
                "name": null,
                "show": true,
                "values": []
            },
            "yaxes": [
                {
                    "format": "bytes",
                    "logBase": 1,
                    "max": null,
                    "min": 0,
                    "show": true
                },
                {
                    "format": "short",
                    "logBase": 1,
                    "max": null,
                    "min": 0,
                    "show": true
                }
            ],
            "yaxis": {
                "align": false,
                "alignLevel": null
            }
        },
        {
            "aliasColors": {},
            "bars": false,
            "dashLength": 10,
            "dashes": false,
            "datasource": "Prometheus",
            "decimals": 2,
            "editable": true,
            "error": false,
            "fill": 2,
            "grid": {},
            "gridPos": {
                "h": 7,
                "w": 12,
                "x": 0,
                "y": 7
            },
            "id": 37,
            "legend": {
                "alignAsTable": false,
                "avg": false,
                "current": false,
                "hideEmpty": false,
                "max": false,
                "min": false,
                "rightSide": false,
                "show": true,
                "total": false,
                "values": false
            },
            "lines": true,
            "linewidth": 2,
            "links": [],
            "nullPointMode": "null",
            "percentage": false,
            "pointradius": 5,
            "points": false,
            "renderer": "flot",
            "seriesOverrides": [],
            "spaceLength": 10,
            "stack": false,
            "steppedLine": false,
            "targets": [
                {
                    "calculatedInterval": "2m",
                    "datasourceErrors": {},
                    "errors": {},
                    "expr": "topk(5, rate(mysql_info_schema_user_statistics_rows_fetched_total{instance=\"$host\"}[$interval])>0) or topk(5, irate(mysql_info_schema_user_statistics_rows_fetched_total{instance=\"$host\"}[5m])>0) or topk(5, rate(mysql_info_schema_user_statistics_rows_read_total{instance=\"$host\"}[$interval])>0) or topk(5, irate(mysql_info_schema_user_statistics_rows_read_total{instance=\"$host\"}[5m])>0)",
                    "interval": "$interval",
                    "intervalFactor": 1,
                    "legendFormat": "{{ user }}",
                    "metric": "",
                    "refId": "A",
                    "step": 300
                }
            ],
            "thresholds": [],
            "timeFrom": null,
            "timeShift": null,
            "title": "Top Users by Rows Fetched/Read",
            "tooltip": {
                "msResolution": false,
                "shared": true,
                "sort": 2,
                "value_type": "individual"
            },
            "type": "graph",
            "xaxis": {
                "buckets": null,
                "mode": "time",
                "name": null,
                "show": true,
                "values": []
            },
            "yaxes": [
                {
                    "format": "short",
                    "logBase": 1,
                    "max": null,
                    "min": 0,
                    "show": true
                },
                {
                    "format": "short",
                    "logBase": 1,
                    "max": null,
                    "min": 0,
                    "show": true
                }
            ],
            "yaxis": {
                "align": false,
                "alignLevel": null
            }
        },
        {
            "aliasColors": {},
            "bars": false,
            "dashLength": 10,
            "dashes": false,
            "datasource": "Prometheus",
            "decimals": 2,
            "editable": true,
            "error": false,
            "fill": 2,
            "grid": {},
            "gridPos": {
                "h": 7,
                "w": 12,
                "x": 12,
                "y": 7
            },
            "id": 38,
            "legend": {
                "alignAsTable": false,
                "avg": false,
                "current": false,
                "hideEmpty": false,
                "max": false,
                "min": false,
                "rightSide": false,
                "show": true,
                "total": false,
                "values": false
            },
            "lines": true,
            "linewidth": 2,
            "links": [],
            "nullPointMode": "null",
            "percentage": false,
            "pointradius": 5,
            "points": false,
            "renderer": "flot",
            "seriesOverrides": [],
            "spaceLength": 10,
            "stack": false,
            "steppedLine": false,
            "targets": [
                {
                    "calculatedInterval": "2m",
                    "datasourceErrors": {},
                    "errors": {},
                    "expr": "topk(5, rate(mysql_info_schema_user_statistics_rows_updated_total{instance=\"$host\"}[$interval])>0) or topk(5, irate(mysql_info_schema_user_statistics_rows_updated_total{instance=\"$host\"}[5m])>0)",
                    "interval": "$interval",
                    "intervalFactor": 1,
                    "legendFormat": "{{ user }}",
                    "metric": "",
                    "refId": "A",
                    "step": 300
                }
            ],
            "thresholds": [],
            "timeFrom": null,
            "timeShift": null,
            "title": "Top Users by Rows Updated",
            "tooltip": {
                "msResolution": false,
                "shared": true,
                "sort": 2,
                "value_type": "individual"
            },
            "type": "graph",
            "xaxis": {
                "buckets": null,
                "mode": "time",
                "name": null,
                "show": true,
                "values": []
            },
            "yaxes": [
                {
                    "format": "short",
                    "logBase": 1,
                    "max": null,
                    "min": 0,
                    "show": true
                },
                {
                    "format": "short",
                    "logBase": 1,
                    "max": null,
                    "min": 0,
                    "show": true
                }
            ],
            "yaxis": {
                "align": false,
                "alignLevel": null
            }
        },
        {
            "aliasColors": {},
            "bars": false,
            "dashLength": 10,
            "dashes": false,
            "datasource": "Prometheus",
            "decimals": 2,
            "editable": true,
            "error": false,
            "fill": 2,
            "grid": {},
            "gridPos": {
                "h": 7,
                "w": 12,
                "x": 0,
                "y": 14
            },
            "id": 40,
            "legend": {
                "alignAsTable": false,
                "avg": false,
                "current": false,
                "hideEmpty": false,
                "max": false,
                "min": false,
                "rightSide": false,
                "show": true,
                "total": false,
                "values": false
            },
            "lines": true,
            "linewidth": 2,
            "links": [],
            "nullPointMode": "null",
            "percentage": false,
            "pointradius": 5,
            "points": false,
            "renderer": "flot",
            "seriesOverrides": [],
            "spaceLength": 10,
            "stack": false,
            "steppedLine": false,
            "targets": [
                {
                    "calculatedInterval": "2m",
                    "datasourceErrors": {},
                    "errors": {},
                    "expr": "topk(5, rate(mysql_info_schema_user_statistics_busy_seconds_total{instance=\"$host\"}[$interval])>0) or topk(5, irate(mysql_info_schema_user_statistics_busy_seconds_total{instance=\"$host\"}[5m])>0)",
                    "interval": "$interval",
                    "intervalFactor": 1,
                    "legendFormat": "{{ user }}",
                    "metric": "",
                    "refId": "A",
                    "step": 300
                }
            ],
            "thresholds": [],
            "timeFrom": null,
            "timeShift": null,
            "title": "Top Users by Busy Time",
            "tooltip": {
                "msResolution": false,
                "shared": true,
                "sort": 2,
                "value_type": "individual"
            },
            "type": "graph",
            "xaxis": {
                "buckets": null,
                "mode": "time",
                "name": null,
                "show": true,
                "values": []
            },
            "yaxes": [
                {
                    "format": "s",
                    "logBase": 1,
                    "max": null,
                    "min": 0,
                    "show": true
                },
                {
                    "format": "short",
                    "logBase": 1,
                    "max": null,
                    "min": 0,
                    "show": true
                }
            ],
            "yaxis": {
                "align": false,
                "alignLevel": null
            }
        },
        {
            "aliasColors": {},
            "bars": false,
            "dashLength": 10,
            "dashes": false,
            "datasource": "Prometheus",
            "decimals": 2,
            "editable": true,
            "error": false,
            "fill": 2,
            "grid": {},
            "gridPos": {
                "h": 7,
                "w": 12,
                "x": 12,
                "y": 14
            },
            "id": 41,
            "legend": {
                "alignAsTable": false,
                "avg": false,
                "current": false,
                "hideEmpty": false,
                "max": false,
                "min": false,
                "rightSide": false,
                "show": true,
                "total": false,
                "values": false
            },
            "lines": true,
            "linewidth": 2,
            "links": [],
            "nullPointMode": "null",
            "percentage": false,
            "pointradius": 5,
            "points": false,
            "renderer": "flot",
            "seriesOverrides": [],
            "spaceLength": 10,
            "stack": false,
            "steppedLine": false,
            "targets": [
                {
                    "calculatedInterval": "2m",
                    "datasourceErrors": {},
                    "errors": {},
                    "expr": "topk(5, rate(mysql_info_schema_user_statistics_cpu_time_seconds_total{instance=\"$host\"}[$interval])>0) or topk(5, irate(mysql_info_schema_user_statistics_cpu_time_seconds_total{instance=\"$host\"}[5m])>0)",
                    "interval": "$interval",
                    "intervalFactor": 1,
                    "legendFormat": "{{ user }}",
                    "metric": "",
                    "refId": "A",
                    "step": 300
                }
            ],
            "thresholds": [],
            "timeFrom": null,
            "timeShift": null,
            "title": "Top Users by CPU Time",
            "tooltip": {
                "msResolution": false,
                "shared": true,
                "sort": 2,
                "value_type": "individual"
            },
            "type": "graph",
            "xaxis": {
                "buckets": null,
                "mode": "time",
                "name": null,
                "show": true,
                "values": []
            },
            "yaxes": [
                {
                    "format": "s",
                    "logBase": 1,
                    "max": null,
                    "min": 0,
                    "show": true
                },
                {
                    "format": "short",
                    "logBase": 1,
                    "max": null,
                    "min": 0,
                    "show": true
                }
            ],
            "yaxis": {
                "align": false,
                "alignLevel": null
            }
        },
        {
            "content": "These graphs are available only for [Percona Server](https://www.percona.com/doc/percona-server/5.6/diagnostics/user_stats.html) and [MariaDB](https://mariadb.com/kb/en/mariadb/user-statistics/) and require `userstat` variable turned on.",
            "datasource": "Prometheus",
            "editable": true,
            "error": false,
            "gridPos": {
                "h": 3,
                "w": 24,
                "x": 0,
                "y": 21
            },
            "height": "50px",
            "id": 36,
            "links": [],
            "mode": "markdown",
            "style": {},
            "title": "",
            "transparent": true,
            "type": "text"
        }
    ],
    "refresh": "1m",
    "schemaVersion": 16,
    "style": "dark",
    "tags": [
        "MySQL",
        "Percona"
    ],
    "templating": {
        "list": [
            {
                "allFormat": "glob",
                "auto": true,
                "auto_count": 200,
                "auto_min": "1s",
                "current": {
                    "text": "auto",
                    "value": "$__auto_interval_interval"
                },
                "datasource": "Prometheus",
                "hide": 0,
                "includeAll": false,
                "label": "Interval",
                "multi": false,
                "multiFormat": "glob",
                "name": "interval",
                "options": [
                    {
                        "selected": true,
                        "text": "auto",
                        "value": "$__auto_interval_interval"
                    },
                    {
                        "selected": false,
                        "text": "1s",
                        "value": "1s"
                    },
                    {
                        "selected": false,
                        "text": "5s",
                        "value": "5s"
                    },
                    {
                        "selected": false,
                        "text": "1m",
                        "value": "1m"
                    },
                    {
                        "selected": false,
                        "text": "5m",
                        "value": "5m"
                    },
                    {
                        "selected": false,
                        "text": "1h",
                        "value": "1h"
                    },
                    {
                        "selected": false,
                        "text": "6h",
                        "value": "6h"
                    },
                    {
                        "selected": false,
                        "text": "1d",
                        "value": "1d"
                    }
                ],
                "query": "1s,5s,1m,5m,1h,6h,1d",
                "refresh": 2,
                "type": "interval"
            },
            {
                "allFormat": "glob",
                "allValue": null,
                "current": {},
                "datasource": "Prometheus",
                "hide": 0,
                "includeAll": false,
                "label": "Host",
                "multi": false,
                "multiFormat": "regex values",
                "name": "host",
                "options": [],
                "query": "label_values(mysql_info_schema_user_statistics_bytes_sent_total, instance)",
                "refresh": 1,
                "refresh_on_load": false,
                "regex": "",
                "sort": 1,
                "tagValuesQuery": null,
                "tags": [],
                "tagsQuery": null,
                "type": "query",
                "useTags": false
            }
        ]
    },
    "time": {
        "from": "now-12h",
        "to": "now"
    },
    "timepicker": {
        "collapse": false,
        "enable": true,
        "hidden": false,
        "notice": false,
        "now": true,
        "refresh_intervals": [
            "5s",
            "10s",
            "30s",
            "1m",
            "5m",
            "15m",
            "30m",
            "1h",
            "2h",
            "1d"
        ],
        "status": "Stable",
        "time_options": [
            "5m",
            "15m",
            "1h",
            "6h",
            "12h",
            "24h",
            "2d",
            "7d",
            "30d"
        ],
        "type": "timepicker"
    },
    "timezone": "browser",
    "title": "MySQL User Statistics",
    "uid": "EEkrQGNmk",
    "version": 1
}
