{
    "annotations": {
        "list": [
            {
                "builtIn": 1,
                "datasource": "-- Grafana --",
                "enable": true,
                "hide": false,
                "iconColor": "#e0752d",
                "limit": 100,
                "name": "PMM Annotations",
                "showIn": 0,
                "tags": [
                    "pmm_annotation"
                ],
                "type": "tags"
            }
        ]
    },
    "editable": true,
    "gnetId": null,
    "graphTooltip": 1,
    "id": null,
    "iteration": 1529322410257,
    "links": [
        {
            "icon": "dashboard",
            "includeVars": true,
            "keepTime": true,
            "tags": [
                "QAN"
            ],
            "targetBlank": false,
            "title": "Query Analytics",
            "type": "link",
            "url": "/graph/dashboard/db/_pmm-query-analytics"
        },
        {
            "asDropdown": true,
            "includeVars": true,
            "keepTime": true,
            "tags": [
                "OS"
            ],
            "targetBlank": false,
            "title": "OS",
            "type": "dashboards"
        },
        {
            "asDropdown": true,
            "includeVars": true,
            "keepTime": true,
            "tags": [
                "MySQL"
            ],
            "targetBlank": false,
            "title": "MySQL",
            "type": "dashboards"
        },
        {
            "asDropdown": true,
            "includeVars": true,
            "keepTime": true,
            "tags": [
                "MongoDB"
            ],
            "targetBlank": false,
            "title": "MongoDB",
            "type": "dashboards"
        },
        {
            "asDropdown": true,
            "includeVars": true,
            "keepTime": true,
            "tags": [
                "HA"
            ],
            "targetBlank": false,
            "title": "HA",
            "type": "dashboards"
        },
        {
            "asDropdown": true,
            "includeVars": true,
            "keepTime": true,
            "tags": [
                "Cloud"
            ],
            "targetBlank": false,
            "title": "Cloud",
            "type": "dashboards"
        },
        {
            "asDropdown": true,
            "includeVars": true,
            "keepTime": true,
            "tags": [
                "Insight"
            ],
            "targetBlank": false,
            "title": "Insight",
            "type": "dashboards"
        },
        {
            "asDropdown": true,
            "includeVars": true,
            "keepTime": true,
            "tags": [
                "PMM"
            ],
            "targetBlank": false,
            "title": "PMM",
            "type": "dashboards"
        }
    ],
    "panels": [
        {
            "aliasColors": {},
            "bars": false,
            "dashLength": 10,
            "dashes": false,
            "datasource": "Prometheus",
            "decimals": 2,
            "editable": true,
            "error": false,
            "fill": 6,
            "grid": {
                "leftLogBase": 1,
                "leftMax": null,
                "leftMin": 0,
                "rightLogBase": 1,
                "rightMax": null,
                "rightMin": 0
            },
            "gridPos": {
                "h": 7,
                "w": 12,
                "x": 0,
                "y": 0
            },
            "id": 43,
            "legend": {
                "alignAsTable": true,
                "avg": true,
                "current": false,
                "max": true,
                "min": true,
                "rightSide": false,
                "show": true,
                "sort": "avg",
                "sortDesc": true,
                "total": false,
                "values": true
            },
            "lines": false,
            "linewidth": 1,
            "links": [],
            "nullPointMode": "null",
            "percentage": false,
            "pointradius": 1,
            "points": true,
            "renderer": "flot",
            "seriesOverrides": [
                {
                    "alias": "Ibuf Merge Ratio",
                    "yaxis": 2
                }
            ],
            "spaceLength": 10,
            "stack": false,
            "steppedLine": false,
            "targets": [
                {
                    "calculatedInterval": "2m",
                    "datasourceErrors": {},
                    "errors": {},
                    "expr": "rate(mysql_info_schema_innodb_metrics_change_buffer_ibuf_merges_insert_total{instance=\"$host\"}[$interval]) or irate(mysql_info_schema_innodb_metrics_change_buffer_ibuf_merges_insert_total{instance=\"$host\"}[5m])",
                    "interval": "$interval",
                    "intervalFactor": 1,
                    "legendFormat": "Ibuf Insert",
                    "metric": "",
                    "refId": "B",
                    "step": 300
                },
                {
                    "expr": "rate(mysql_info_schema_innodb_metrics_change_buffer_ibuf_merges_delete_total{instance=\"$host\"}[$interval]) or irate(mysql_info_schema_innodb_metrics_change_buffer_ibuf_merges_delete_total{instance=\"$host\"}[5m])",
                    "interval": "$interval",
                    "intervalFactor": 1,
                    "legendFormat": "Ibuf Delete",
                    "metric": "",
                    "refId": "A",
                    "step": 300
                },
                {
                    "expr": "rate(mysql_info_schema_innodb_metrics_change_buffer_ibuf_merges_delete_mark_total{instance=\"$host\"}[$interval]) or irate(mysql_info_schema_innodb_metrics_change_buffer_ibuf_merges_delete_mark_total{instance=\"$host\"}[5m])",
                    "interval": "$interval",
                    "intervalFactor": 1,
                    "legendFormat": "Ibuf Delete Mark",
                    "refId": "C",
                    "step": 300
                },
                {
                    "expr": "rate(mysql_info_schema_innodb_metrics_change_buffer_ibuf_merges_total{instance=\"$host\"}[$interval]) or irate(mysql_info_schema_innodb_metrics_change_buffer_ibuf_merges_total{instance=\"$host\"}[5m])",
                    "interval": "$interval",
                    "intervalFactor": 1,
                    "legendFormat": "Ibuf Merges",
                    "refId": "D",
                    "step": 300
                },
                {
                    "expr": "(rate(mysql_info_schema_innodb_metrics_change_buffer_ibuf_merges_insert_total{instance=\"$host\"}[$interval])+rate(mysql_info_schema_innodb_metrics_change_buffer_ibuf_merges_delete_total{instance=\"$host\"}[$interval])+rate(mysql_info_schema_innodb_metrics_change_buffer_ibuf_merges_delete_mark_total{instance=\"$host\"}[$interval]))/rate(mysql_info_schema_innodb_metrics_change_buffer_ibuf_merges_total{instance=\"$host\"}[$interval]) or (irate(mysql_info_schema_innodb_metrics_change_buffer_ibuf_merges_insert_total{instance=\"$host\"}[5m])+irate(mysql_info_schema_innodb_metrics_change_buffer_ibuf_merges_delete_total{instance=\"$host\"}[5m])+irate(mysql_info_schema_innodb_metrics_change_buffer_ibuf_merges_delete_mark_total{instance=\"$host\"}[5m]))/irate(mysql_info_schema_innodb_metrics_change_buffer_ibuf_merges_total{instance=\"$host\"}[5m])",
                    "interval": "$interval",
                    "intervalFactor": 1,
                    "legendFormat": "Ibuf Merge Ratio",
                    "refId": "E",
                    "step": 300
                }
            ],
            "thresholds": [],
            "timeFrom": null,
            "timeShift": null,
            "title": "Change Buffer Performance",
            "tooltip": {
                "msResolution": false,
                "shared": true,
                "sort": 0,
                "value_type": "individual"
            },
            "type": "graph",
            "x-axis": true,
            "xaxis": {
                "buckets": null,
                "mode": "time",
                "name": null,
                "show": true,
                "values": []
            },
            "y-axis": true,
            "y_formats": [
                "short",
                "short"
            ],
            "yaxes": [
                {
                    "format": "short",
                    "label": null,
                    "logBase": 1,
                    "max": null,
                    "min": 0,
                    "show": true
                },
                {
                    "format": "short",
                    "label": null,
                    "logBase": 1,
                    "max": null,
                    "min": 0,
                    "show": true
                }
            ],
            "yaxis": {
                "align": false,
                "alignLevel": null
            }
        },
        {
            "aliasColors": {},
            "bars": false,
            "dashLength": 10,
            "dashes": false,
            "datasource": "Prometheus",
            "decimals": 2,
            "editable": true,
            "error": false,
            "fill": 2,
            "grid": {
                "leftLogBase": 1,
                "leftMax": null,
                "leftMin": 0,
                "rightLogBase": 1,
                "rightMax": null,
                "rightMin": 0
            },
            "gridPos": {
                "h": 7,
                "w": 12,
                "x": 12,
                "y": 0
            },
            "id": 44,
            "legend": {
                "alignAsTable": true,
                "avg": true,
                "current": false,
                "max": true,
                "min": true,
                "rightSide": false,
                "show": true,
                "sort": "avg",
                "sortDesc": true,
                "total": false,
                "values": true
            },
            "lines": true,
            "linewidth": 2,
            "links": [],
            "nullPointMode": "null",
            "percentage": false,
            "pointradius": 1,
            "points": false,
            "renderer": "flot",
            "seriesOverrides": [],
            "spaceLength": 10,
            "stack": false,
            "steppedLine": false,
            "targets": [
                {
                    "calculatedInterval": "2m",
                    "datasourceErrors": {},
                    "errors": {},
                    "expr": "mysql_info_schema_innodb_metrics_recovery_log_lsn_current{instance=\"$host\"}*0 + on (instance) mysql_global_variables_innodb_log_buffer_size{instance=\"$host\"}",
                    "interval": "$interval",
                    "intervalFactor": 1,
                    "legendFormat": "Size",
                    "metric": "",
                    "refId": "B",
                    "step": 300
                },
                {
                    "expr": "mysql_info_schema_innodb_metrics_recovery_log_lsn_current{instance=\"$host\"} - mysql_info_schema_innodb_metrics_recovery_log_lsn_last_flush{instance=\"$host\"}",
                    "interval": "$interval",
                    "intervalFactor": 1,
                    "legendFormat": "Used",
                    "metric": "",
                    "refId": "A",
                    "step": 300
                }
            ],
            "thresholds": [],
            "timeFrom": null,
            "timeShift": null,
            "title": "InnoDB Log Buffer Performance",
            "tooltip": {
                "msResolution": false,
                "shared": true,
                "sort": 0,
                "value_type": "individual"
            },
            "type": "graph",
            "x-axis": true,
            "xaxis": {
                "buckets": null,
                "mode": "time",
                "name": null,
                "show": true,
                "values": []
            },
            "y-axis": true,
            "y_formats": [
                "bytes",
                "short"
            ],
            "yaxes": [
                {
                    "format": "bytes",
                    "label": null,
                    "logBase": 1,
                    "max": null,
                    "min": 0,
                    "show": true
                },
                {
                    "format": "short",
                    "label": null,
                    "logBase": 1,
                    "max": null,
                    "min": null,
                    "show": true
                }
            ],
            "yaxis": {
                "align": false,
                "alignLevel": null
            }
        },
        {
            "aliasColors": {},
            "bars": false,
            "dashLength": 10,
            "dashes": false,
            "datasource": "Prometheus",
            "decimals": 0,
            "description": "The ratio of Successes over Attempts",
            "editable": true,
            "error": false,
            "fill": 2,
            "grid": {
                "leftLogBase": 1,
                "leftMax": null,
                "leftMin": 0,
                "rightLogBase": 1,
                "rightMax": null,
                "rightMin": 0
            },
            "gridPos": {
                "h": 7,
                "w": 12,
                "x": 0,
                "y": 7
            },
            "id": 58,
            "legend": {
                "alignAsTable": true,
                "avg": true,
                "current": true,
                "hideEmpty": true,
                "hideZero": true,
                "max": true,
                "min": true,
                "rightSide": false,
                "show": true,
                "sort": "avg",
                "sortDesc": true,
                "total": false,
                "values": true
            },
            "lines": true,
            "linewidth": 2,
            "links": [],
            "nullPointMode": "null",
            "percentage": false,
            "pointradius": 1,
            "points": false,
            "renderer": "flot",
            "seriesOverrides": [
                {
                    "alias": "Page Merge Successes / Page Merge Attempts",
                    "yaxis": 2
                }
            ],
            "spaceLength": 10,
            "stack": false,
            "steppedLine": true,
            "targets": [
                {
                    "calculatedInterval": "2m",
                    "datasourceErrors": {},
                    "errors": {},
                    "expr": "rate(mysql_info_schema_innodb_metrics_index_index_page_merge_attempts_total{instance=\"$host\"}[$interval]) or irate(mysql_info_schema_innodb_metrics_index_index_page_merge_attempts_total{instance=\"$host\"}[5m])",
                    "interval": "$interval",
                    "intervalFactor": 1,
                    "legendFormat": "Index Page Merge Attempts",
                    "metric": "",
                    "refId": "B",
                    "step": 300
                },
                {
                    "expr": "rate(mysql_info_schema_innodb_metrics_index_index_page_merge_successful_total{instance=\"$host\"}[$interval]) or irate(mysql_info_schema_innodb_metrics_index_index_page_merge_successful_total{instance=\"$host\"}[5m])",
                    "hide": false,
                    "interval": "$interval",
                    "intervalFactor": 1,
                    "legendFormat": "Index Page Merge Successful",
                    "refId": "A",
                    "step": 300
                },
                {
                    "expr": "rate(mysql_info_schema_innodb_metrics_index_index_page_splits_total{instance=\"$host\"}[$interval]) or irate(mysql_info_schema_innodb_metrics_index_index_page_splits_total{instance=\"$host\"}[5m])",
                    "hide": false,
                    "interval": "$interval",
                    "intervalFactor": 1,
                    "legendFormat": "Index Page Splits",
                    "refId": "C",
                    "step": 300
                },
                {
                    "expr": "(rate(mysql_info_schema_innodb_metrics_index_index_page_merge_successful_total{instance=\"$host\"}[$interval]) or irate(mysql_info_schema_innodb_metrics_index_index_page_merge_successful_total{instance=\"$host\"}[5m])) / (rate(mysql_info_schema_innodb_metrics_index_index_page_merge_attempts_total{instance=\"$host\"}[$interval]) or irate(mysql_info_schema_innodb_metrics_index_index_page_merge_attempts_total{instance=\"$host\"}[5m])) * 100",
                    "hide": false,
                    "interval": "$interval",
                    "intervalFactor": 1,
                    "legendFormat": "Page Merge Successes / Page Merge Attempts",
                    "refId": "D",
                    "step": 300
                }
            ],
            "thresholds": [],
            "timeFrom": null,
            "timeShift": null,
            "title": "InnoDB Page Splits",
            "tooltip": {
                "msResolution": false,
                "shared": true,
                "sort": 1,
                "value_type": "individual"
            },
            "type": "graph",
            "x-axis": true,
            "xaxis": {
                "buckets": null,
                "mode": "time",
                "name": null,
                "show": true,
                "values": []
            },
            "y-axis": true,
            "y_formats": [
                "short",
                "percentunit"
            ],
            "yaxes": [
                {
                    "format": "short",
                    "label": "Pages",
                    "logBase": 1,
                    "max": null,
                    "min": 0,
                    "show": true
                },
                {
                    "format": "percent",
                    "label": " Successes  /  Attempts",
                    "logBase": 1,
                    "max": null,
                    "min": 0,
                    "show": true
                }
            ],
            "yaxis": {
                "align": false,
                "alignLevel": null
            }
        },
        {
            "aliasColors": {},
            "bars": false,
            "dashLength": 10,
            "dashes": false,
            "datasource": "Prometheus",
            "decimals": 0,
            "description": "The ratio of Page Reorgs Successful / Attempts",
            "editable": true,
            "error": false,
            "fill": 2,
            "grid": {
                "leftLogBase": 1,
                "leftMax": null,
                "leftMin": 0,
                "rightLogBase": 1,
                "rightMax": null,
                "rightMin": 0
            },
            "gridPos": {
                "h": 7,
                "w": 12,
                "x": 12,
                "y": 7
            },
            "id": 59,
            "legend": {
                "alignAsTable": true,
                "avg": true,
                "current": true,
                "hideEmpty": true,
                "hideZero": true,
                "max": true,
                "min": true,
                "rightSide": false,
                "show": true,
                "sort": "avg",
                "sortDesc": true,
                "total": false,
                "values": true
            },
            "lines": true,
            "linewidth": 2,
            "links": [],
            "nullPointMode": "null",
            "percentage": false,
            "pointradius": 1,
            "points": false,
            "renderer": "flot",
            "seriesOverrides": [
                {
                    "alias": "Reorg Successes / Reorg Attempts",
                    "yaxis": 2
                },
                {
                    "alias": "Reorg Attempts / Reorg Successes",
                    "yaxis": 2
                }
            ],
            "spaceLength": 10,
            "stack": false,
            "steppedLine": true,
            "targets": [
                {
                    "expr": "rate(mysql_info_schema_innodb_metrics_index_index_page_reorg_attempts_total{instance=\"$host\"}[$interval]) or irate(mysql_info_schema_innodb_metrics_index_index_page_reorg_attempts_total{instance=\"$host\"}[5m])",
                    "interval": "$interval",
                    "intervalFactor": 1,
                    "legendFormat": "Index Page Reorg Attempts",
                    "refId": "E",
                    "step": 300
                },
                {
                    "expr": "rate(mysql_info_schema_innodb_metrics_index_index_page_reorg_successful_total{instance=\"$host\"}[$interval]) or irate(mysql_info_schema_innodb_metrics_index_index_page_reorg_successful_total{instance=\"$host\"}[5m])",
                    "interval": "$interval",
                    "intervalFactor": 1,
                    "legendFormat": "Index Page Reorg Successful",
                    "refId": "F",
                    "step": 300
                },
                {
                    "expr": "(rate(mysql_info_schema_innodb_metrics_index_index_page_reorg_successful_total{instance=\"$host\"}[$interval]) or irate(mysql_info_schema_innodb_metrics_index_index_page_reorg_successful_total{instance=\"$host\"}[5m])) / (rate(mysql_info_schema_innodb_metrics_index_index_page_reorg_attempts_total{instance=\"$host\"}[$interval]) or irate(mysql_info_schema_innodb_metrics_index_index_page_reorg_attempts_total{instance=\"$host\"}[5m])) * 100",
                    "interval": "$interval",
                    "intervalFactor": 1,
                    "legendFormat": "Reorg Successes / Reorg Attempts",
                    "refId": "G",
                    "step": 300
                }
            ],
            "thresholds": [],
            "timeFrom": null,
            "timeShift": null,
            "title": "InnoDB Page Reorgs",
            "tooltip": {
                "msResolution": false,
                "shared": true,
                "sort": 1,
                "value_type": "individual"
            },
            "type": "graph",
            "x-axis": true,
            "xaxis": {
                "buckets": null,
                "mode": "time",
                "name": null,
                "show": true,
                "values": []
            },
            "y-axis": true,
            "y_formats": [
                "short",
                "percentunit"
            ],
            "yaxes": [
                {
                    "format": "short",
                    "label": null,
                    "logBase": 1,
                    "max": null,
                    "min": 0,
                    "show": true
                },
                {
                    "format": "percent",
                    "label": "",
                    "logBase": 1,
                    "max": "100",
                    "min": 0,
                    "show": true
                }
            ],
            "yaxis": {
                "align": false,
                "alignLevel": null
            }
        },
        {
            "aliasColors": {},
            "bars": false,
            "dashLength": 10,
            "dashes": false,
            "datasource": "Prometheus",
            "decimals": 2,
            "editable": true,
            "error": false,
            "fill": 2,
            "grid": {
                "leftLogBase": 1,
                "leftMax": null,
                "leftMin": 0,
                "rightLogBase": 1,
                "rightMax": null,
                "rightMin": 0
            },
            "gridPos": {
                "h": 7,
                "w": 12,
                "x": 0,
                "y": 14
            },
            "id": 45,
            "legend": {
                "alignAsTable": true,
                "avg": true,
                "current": false,
                "max": true,
                "min": true,
                "rightSide": false,
                "show": true,
                "sort": "avg",
                "sortDesc": true,
                "total": false,
                "values": true
            },
            "lines": true,
            "linewidth": 2,
            "links": [],
            "nullPointMode": "null",
            "percentage": false,
            "pointradius": 1,
            "points": false,
            "renderer": "flot",
            "seriesOverrides": [],
            "spaceLength": 10,
            "stack": false,
            "steppedLine": true,
            "targets": [
                {
                    "calculatedInterval": "2m",
                    "datasourceErrors": {},
                    "errors": {},
                    "expr": "rate(mysql_info_schema_innodb_metrics_purge_purge_upd_exist_or_extern_records_total{instance=\"$host\"}[$interval]) or irate(mysql_info_schema_innodb_metrics_purge_purge_upd_exist_or_extern_records_total{instance=\"$host\"}[5m])",
                    "interval": "$interval",
                    "intervalFactor": 1,
                    "legendFormat": "Updates Purged",
                    "metric": "",
                    "refId": "B",
                    "step": 300
                },
                {
                    "expr": "rate(mysql_info_schema_innodb_metrics_purge_purge_del_mark_records_total{instance=\"$host\"}[$interval]) or irate(mysql_info_schema_innodb_metrics_purge_purge_del_mark_records_total{instance=\"$host\"}[5m])",
                    "interval": "$interval",
                    "intervalFactor": 1,
                    "legendFormat": "Deletes Purged",
                    "metric": "",
                    "refId": "A",
                    "step": 300
                },
                {
                    "expr": "rate(mysql_info_schema_innodb_metrics_purge_purge_undo_log_pages_total{instance=\"$host\"}[$interval]) or irate(mysql_info_schema_innodb_metrics_purge_purge_undo_log_pages_total{instance=\"$host\"}[5m])",
                    "interval": "$interval",
                    "intervalFactor": 1,
                    "legendFormat": "Pages Purged",
                    "refId": "C",
                    "step": 300
                }
            ],
            "thresholds": [],
            "timeFrom": null,
            "timeShift": null,
            "title": "InnoDB Purge Performance",
            "tooltip": {
                "msResolution": false,
                "shared": true,
                "sort": 0,
                "value_type": "individual"
            },
            "type": "graph",
            "x-axis": true,
            "xaxis": {
                "buckets": null,
                "mode": "time",
                "name": null,
                "show": true,
                "values": []
            },
            "y-axis": true,
            "y_formats": [
                "short",
                "short"
            ],
            "yaxes": [
                {
                    "format": "short",
                    "label": null,
                    "logBase": 1,
                    "max": null,
                    "min": 0,
                    "show": true
                },
                {
                    "format": "short",
                    "label": null,
                    "logBase": 1,
                    "max": null,
                    "min": null,
                    "show": true
                }
            ],
            "yaxis": {
                "align": false,
                "alignLevel": null
            }
        },
        {
            "aliasColors": {},
            "bars": false,
            "dashLength": 10,
            "dashes": false,
            "datasource": "Prometheus",
            "decimals": 2,
            "editable": true,
            "error": false,
            "fill": 2,
            "grid": {
                "leftLogBase": 1,
                "leftMax": null,
                "leftMin": 0,
                "rightLogBase": 1,
                "rightMax": null,
                "rightMin": 0
            },
            "gridPos": {
                "h": 7,
                "w": 12,
                "x": 12,
                "y": 14
            },
            "id": 48,
            "legend": {
                "alignAsTable": true,
                "avg": true,
                "current": false,
                "max": true,
                "min": true,
                "rightSide": false,
                "show": true,
                "sort": "avg",
                "sortDesc": true,
                "total": false,
                "values": true
            },
            "lines": true,
            "linewidth": 2,
            "links": [],
            "nullPointMode": "null",
            "percentage": false,
            "pointradius": 1,
            "points": false,
            "renderer": "flot",
            "seriesOverrides": [],
            "spaceLength": 10,
            "stack": false,
            "steppedLine": true,
            "targets": [
                {
                    "calculatedInterval": "2m",
                    "datasourceErrors": {},
                    "errors": {},
                    "expr": "rate(mysql_info_schema_innodb_metrics_lock_lock_rec_lock_created_total{instance=\"$host\"}[$interval]) or irate(mysql_info_schema_innodb_metrics_lock_lock_rec_lock_created_total{instance=\"$host\"}[5m])",
                    "interval": "$interval",
                    "intervalFactor": 1,
                    "legendFormat": "Locks Created",
                    "metric": "",
                    "refId": "B",
                    "step": 300
                },
                {
                    "expr": "rate(mysql_info_schema_innodb_metrics_lock_lock_rec_lock_removed_total{instance=\"$host\"}[$interval]) or irate(mysql_info_schema_innodb_metrics_lock_lock_rec_lock_removed_total{instance=\"$host\"}[5m])",
                    "interval": "$interval",
                    "intervalFactor": 1,
                    "legendFormat": "Locks Removed",
                    "metric": "",
                    "refId": "A",
                    "step": 300
                },
                {
                    "expr": "rate(mysql_info_schema_innodb_metrics_lock_lock_rec_lock_requests_total{instance=\"$host\"}[$interval]) or irate(mysql_info_schema_innodb_metrics_lock_lock_rec_lock_requests_total{instance=\"$host\"}[5m])",
                    "interval": "$interval",
                    "intervalFactor": 1,
                    "legendFormat": "Locks Requested",
                    "refId": "C",
                    "step": 300
                }
            ],
            "thresholds": [],
            "timeFrom": null,
            "timeShift": null,
            "title": "InnoDB Locking",
            "tooltip": {
                "msResolution": false,
                "shared": true,
                "sort": 0,
                "value_type": "individual"
            },
            "type": "graph",
            "x-axis": true,
            "xaxis": {
                "buckets": null,
                "mode": "time",
                "name": null,
                "show": true,
                "values": []
            },
            "y-axis": true,
            "y_formats": [
                "short",
                "short"
            ],
            "yaxes": [
                {
                    "format": "short",
                    "label": null,
                    "logBase": 1,
                    "max": null,
                    "min": 0,
                    "show": true
                },
                {
                    "format": "short",
                    "label": null,
                    "logBase": 1,
                    "max": null,
                    "min": null,
                    "show": true
                }
            ],
            "yaxis": {
                "align": false,
                "alignLevel": null
            }
        },
        {
            "aliasColors": {},
            "bars": false,
            "dashLength": 10,
            "dashes": false,
            "datasource": "Prometheus",
            "decimals": 2,
            "editable": true,
            "error": false,
            "fill": 2,
            "grid": {
                "leftLogBase": 1,
                "leftMax": null,
                "leftMin": 0,
                "rightLogBase": 1,
                "rightMax": null,
                "rightMin": 0
            },
            "gridPos": {
                "h": 7,
                "w": 12,
                "x": 0,
                "y": 21
            },
            "id": 51,
            "legend": {
                "alignAsTable": true,
                "avg": true,
                "current": false,
                "max": true,
                "min": true,
                "rightSide": false,
                "show": true,
                "sort": "avg",
                "sortDesc": true,
                "total": false,
                "values": true
            },
            "lines": true,
            "linewidth": 2,
            "links": [],
            "nullPointMode": "null",
            "percentage": false,
            "pointradius": 1,
            "points": false,
            "renderer": "flot",
            "seriesOverrides": [],
            "spaceLength": 10,
            "stack": false,
            "steppedLine": true,
            "targets": [
                {
                    "calculatedInterval": "2m",
                    "datasourceErrors": {},
                    "errors": {},
                    "expr": "rate(mysql_info_schema_innodb_metrics_server_innodb_log_flush_usec_total{instance=\"$host\"}[$interval])/1000000 or irate(mysql_info_schema_innodb_metrics_server_innodb_log_flush_usec_total{instance=\"$host\"}[5m])/1000000",
                    "interval": "$interval",
                    "intervalFactor": 1,
                    "legendFormat": "Log Flushing",
                    "metric": "",
                    "refId": "B",
                    "step": 300
                },
                {
                    "expr": "rate(mysql_info_schema_innodb_metrics_server_innodb_ibuf_merge_usec_total{instance=\"$host\"}[$interval])/1000000 or irate(mysql_info_schema_innodb_metrics_server_innodb_ibuf_merge_usec_total{instance=\"$host\"}[5m])/1000000",
                    "interval": "$interval",
                    "intervalFactor": 1,
                    "legendFormat": "Insert Buffer Merging",
                    "refId": "A",
                    "step": 300
                },
                {
                    "expr": "rate(mysql_info_schema_innodb_metrics_server_innodb_checkpoint_usec_total{instance=\"$host\"}[$interval])/1000000 or irate(mysql_info_schema_innodb_metrics_server_innodb_checkpoint_usec_total{instance=\"$host\"}[5m])/1000000",
                    "interval": "$interval",
                    "intervalFactor": 1,
                    "legendFormat": "Checkpointing",
                    "refId": "C",
                    "step": 300
                }
            ],
            "thresholds": [],
            "timeFrom": null,
            "timeShift": null,
            "title": "InnoDB Main Thread Utilization",
            "tooltip": {
                "msResolution": false,
                "shared": true,
                "sort": 0,
                "value_type": "individual"
            },
            "type": "graph",
            "x-axis": true,
            "xaxis": {
                "buckets": null,
                "mode": "time",
                "name": null,
                "show": true,
                "values": []
            },
            "y-axis": true,
            "y_formats": [
                "percentunit",
                "short"
            ],
            "yaxes": [
                {
                    "format": "percentunit",
                    "label": null,
                    "logBase": 1,
                    "max": null,
                    "min": 0,
                    "show": true
                },
                {
                    "format": "short",
                    "label": null,
                    "logBase": 1,
                    "max": null,
                    "min": null,
                    "show": true
                }
            ],
            "yaxis": {
                "align": false,
                "alignLevel": null
            }
        },
        {
            "aliasColors": {},
            "bars": false,
            "dashLength": 10,
            "dashes": false,
            "datasource": "Prometheus",
            "decimals": 2,
            "editable": true,
            "error": false,
            "fill": 2,
            "grid": {
                "leftLogBase": 1,
                "leftMax": null,
                "leftMin": 0,
                "rightLogBase": 1,
                "rightMax": null,
                "rightMin": 0
            },
            "gridPos": {
                "h": 7,
                "w": 12,
                "x": 12,
                "y": 21
            },
            "id": 50,
            "legend": {
                "alignAsTable": true,
                "avg": true,
                "current": false,
                "max": true,
                "min": true,
                "rightSide": false,
                "show": true,
                "sort": "avg",
                "sortDesc": true,
                "total": false,
                "values": true
            },
            "lines": true,
            "linewidth": 2,
            "links": [],
            "nullPointMode": "null",
            "percentage": false,
            "pointradius": 1,
            "points": false,
            "renderer": "flot",
            "seriesOverrides": [],
            "spaceLength": 10,
            "stack": false,
            "steppedLine": true,
            "targets": [
                {
                    "calculatedInterval": "2m",
                    "datasourceErrors": {},
                    "errors": {},
                    "expr": "rate(mysql_info_schema_innodb_metrics_transaction_trx_rw_commits_total{instance=\"$host\"}[$interval]) or irate(mysql_info_schema_innodb_metrics_transaction_trx_rw_commits_total{instance=\"$host\"}[5m])",
                    "interval": "$interval",
                    "intervalFactor": 1,
                    "legendFormat": "RW Transacton Commits ",
                    "metric": "",
                    "refId": "B",
                    "step": 300
                },
                {
                    "expr": "rate(mysql_info_schema_innodb_metrics_transaction_trx_rollbacks_total{instance=\"$host\"}[$interval]) or irate(mysql_info_schema_innodb_metrics_transaction_trx_rollbacks_total{instance=\"$host\"}[5m])",
                    "interval": "$interval",
                    "intervalFactor": 1,
                    "legendFormat": "Transaction Rollbacks",
                    "refId": "A",
                    "step": 300
                },
                {
                    "expr": "rate(mysql_info_schema_innodb_metrics_transaction_trx_ro_commits_total{instance=\"$host\"}[$interval]) or irate(mysql_info_schema_innodb_metrics_transaction_trx_ro_commits_total{instance=\"$host\"}[5m])",
                    "interval": "$interval",
                    "intervalFactor": 1,
                    "legendFormat": "RO Transaction Commits",
                    "refId": "C",
                    "step": 300
                },
                {
                    "expr": "rate(mysql_info_schema_innodb_metrics_transaction_trx_nl_ro_commits_total{instance=\"$host\"}[$interval]) or irate(mysql_info_schema_innodb_metrics_transaction_trx_nl_ro_commits_total{instance=\"$host\"}[5m])",
                    "interval": "$interval",
                    "intervalFactor": 1,
                    "legendFormat": "Non Locking RO Transaction Commits",
                    "refId": "D",
                    "step": 300
                },
                {
                    "expr": "rate(mysql_info_schema_innodb_metrics_transaction_trx_commits_insert_update_total{instance=\"$host\"}[$interval]) or irate(mysql_info_schema_innodb_metrics_transaction_trx_commits_insert_update_total{instance=\"$host\"}[5m])",
                    "interval": "$interval",
                    "intervalFactor": 1,
                    "legendFormat": "Insert-Update Transaction Commits",
                    "refId": "E",
                    "step": 300
                },
                {
                    "expr": "rate(mysql_global_status_innodb_max_trx_id{instance=\"$host\"}[$interval]) or irate(mysql_global_status_innodb_max_trx_id{instance=\"$host\"}[5m])",
                    "interval": "$interval",
                    "intervalFactor": 1,
                    "legendFormat": "Transaction IDs Assigned",
                    "refId": "F",
                    "step": 300
                }
            ],
            "thresholds": [],
            "timeFrom": null,
            "timeShift": null,
            "title": "InnoDB Transactions Information",
            "tooltip": {
                "msResolution": false,
                "shared": true,
                "sort": 0,
                "value_type": "individual"
            },
            "type": "graph",
            "x-axis": true,
            "xaxis": {
                "buckets": null,
                "mode": "time",
                "name": null,
                "show": true,
                "values": []
            },
            "y-axis": true,
            "y_formats": [
                "short",
                "short"
            ],
            "yaxes": [
                {
                    "format": "short",
                    "label": null,
                    "logBase": 1,
                    "max": null,
                    "min": 0,
                    "show": true
                },
                {
                    "format": "short",
                    "label": null,
                    "logBase": 1,
                    "max": null,
                    "min": null,
                    "show": true
                }
            ],
            "yaxis": {
                "align": false,
                "alignLevel": null
            }
        },
        {
            "aliasColors": {},
            "bars": false,
            "dashLength": 10,
            "dashes": false,
            "datasource": "Prometheus",
            "decimals": 2,
            "editable": true,
            "error": false,
            "fill": 2,
            "grid": {
                "leftLogBase": 1,
                "leftMax": null,
                "leftMin": 0,
                "rightLogBase": 1,
                "rightMax": null,
                "rightMin": 0
            },
            "gridPos": {
                "h": 7,
                "w": 12,
                "x": 0,
                "y": 28
            },
            "id": 49,
            "legend": {
                "alignAsTable": true,
                "avg": true,
                "current": false,
                "max": true,
                "min": true,
                "rightSide": false,
                "show": true,
                "sort": "avg",
                "sortDesc": true,
                "total": false,
                "values": true
            },
            "lines": true,
            "linewidth": 2,
            "links": [],
            "nullPointMode": "null",
            "percentage": false,
            "pointradius": 1,
            "points": false,
            "renderer": "flot",
            "seriesOverrides": [],
            "spaceLength": 10,
            "stack": false,
            "steppedLine": true,
            "targets": [
                {
                    "calculatedInterval": "2m",
                    "datasourceErrors": {},
                    "errors": {},
                    "expr": "mysql_info_schema_innodb_metrics_transaction_trx_rseg_current_size{instance=\"$host\"}*mysql_global_status_innodb_page_size{instance=\"$host\"}",
                    "interval": "$interval",
                    "intervalFactor": 1,
                    "legendFormat": "Innodb Undo Space Used ",
                    "metric": "",
                    "refId": "B",
                    "step": 300
                }
            ],
            "thresholds": [],
            "timeFrom": null,
            "timeShift": null,
            "title": "InnoDB Undo Space Usage",
            "tooltip": {
                "msResolution": false,
                "shared": true,
                "sort": 0,
                "value_type": "individual"
            },
            "type": "graph",
            "x-axis": true,
            "xaxis": {
                "buckets": null,
                "mode": "time",
                "name": null,
                "show": true,
                "values": []
            },
            "y-axis": true,
            "y_formats": [
                "bytes",
                "short"
            ],
            "yaxes": [
                {
                    "format": "bytes",
                    "label": null,
                    "logBase": 1,
                    "max": null,
                    "min": 0,
                    "show": true
                },
                {
                    "format": "short",
                    "label": null,
                    "logBase": 1,
                    "max": null,
                    "min": null,
                    "show": true
                }
            ],
            "yaxis": {
                "align": false,
                "alignLevel": null
            }
        },
        {
            "aliasColors": {
                "Innodb Activity": "#BA43A9"
            },
            "bars": false,
            "dashLength": 10,
            "dashes": false,
            "datasource": "Prometheus",
            "decimals": 2,
            "editable": true,
            "error": false,
            "fill": 2,
            "grid": {
                "leftLogBase": 1,
                "leftMax": null,
                "leftMin": 0,
                "rightLogBase": 1,
                "rightMax": null,
                "rightMin": 0
            },
            "gridPos": {
                "h": 7,
                "w": 12,
                "x": 12,
                "y": 28
            },
            "id": 53,
            "legend": {
                "alignAsTable": true,
                "avg": true,
                "current": false,
                "max": true,
                "min": true,
                "rightSide": false,
                "show": true,
                "sort": "avg",
                "sortDesc": true,
                "total": false,
                "values": true
            },
            "lines": true,
            "linewidth": 2,
            "links": [],
            "nullPointMode": "null",
            "percentage": false,
            "pointradius": 1,
            "points": false,
            "renderer": "flot",
            "seriesOverrides": [],
            "spaceLength": 10,
            "stack": false,
            "steppedLine": true,
            "targets": [
                {
                    "calculatedInterval": "2m",
                    "datasourceErrors": {},
                    "errors": {},
                    "expr": "rate(mysql_info_schema_innodb_metrics_server_innodb_activity_count_total{instance=\"$host\"}[$interval]) or irate(mysql_info_schema_innodb_metrics_server_innodb_activity_count_total{instance=\"$host\"}[5m])",
                    "interval": "$interval",
                    "intervalFactor": 1,
                    "legendFormat": "InnoDB Activity",
                    "metric": "",
                    "refId": "B",
                    "step": 300
                }
            ],
            "thresholds": [],
            "timeFrom": null,
            "timeShift": null,
            "title": "InnoDB Activity",
            "tooltip": {
                "msResolution": false,
                "shared": true,
                "sort": 0,
                "value_type": "individual"
            },
            "type": "graph",
            "x-axis": true,
            "xaxis": {
                "buckets": null,
                "mode": "time",
                "name": null,
                "show": true,
                "values": []
            },
            "y-axis": true,
            "y_formats": [
                "short",
                "short"
            ],
            "yaxes": [
                {
                    "format": "short",
                    "label": null,
                    "logBase": 1,
                    "max": null,
                    "min": 0,
                    "show": true
                },
                {
                    "format": "short",
                    "label": null,
                    "logBase": 1,
                    "max": null,
                    "min": null,
                    "show": true
                }
            ],
            "yaxis": {
                "align": false,
                "alignLevel": null
            }
        },
        {
            "aliasColors": {},
            "bars": false,
            "dashLength": 10,
            "dashes": false,
            "datasource": "Prometheus",
            "decimals": 2,
            "editable": true,
            "error": false,
            "fill": 2,
            "grid": {
                "leftLogBase": 1,
                "leftMax": null,
                "leftMin": 0,
                "rightLogBase": 1,
                "rightMax": null,
                "rightMin": 0
            },
            "gridPos": {
                "h": 7,
                "w": 12,
                "x": 0,
                "y": 35
            },
            "id": 55,
            "legend": {
                "alignAsTable": true,
                "avg": true,
                "current": false,
                "hideEmpty": false,
                "hideZero": false,
                "max": true,
                "min": true,
                "rightSide": false,
                "show": true,
                "sort": "avg",
                "sortDesc": true,
                "total": false,
                "values": true
            },
            "lines": true,
            "linewidth": 2,
            "links": [],
            "nullPointMode": "null",
            "percentage": false,
            "pointradius": 1,
            "points": false,
            "renderer": "flot",
            "seriesOverrides": [],
            "spaceLength": 10,
            "stack": false,
            "steppedLine": true,
            "targets": [
                {
                    "calculatedInterval": "2m",
                    "datasourceErrors": {},
                    "errors": {},
                    "expr": "rate(mysql_info_schema_innodb_metrics_server_innodb_rwlock_s_os_waits_total{instance=\"$host\"}[$interval]) or irate(mysql_info_schema_innodb_metrics_server_innodb_rwlock_s_os_waits_total{instance=\"$host\"}[5m])",
                    "interval": "$interval",
                    "intervalFactor": 1,
                    "legendFormat": "RW Locks S OS Waits",
                    "metric": "",
                    "refId": "B",
                    "step": 300
                },
                {
                    "expr": "rate(mysql_info_schema_innodb_metrics_server_innodb_rwlock_sx_os_waits_total{instance=\"$host\"}[$interval]) or irate(mysql_info_schema_innodb_metrics_server_innodb_rwlock_sx_os_waits_total{instance=\"$host\"}[5m])",
                    "interval": "$interval",
                    "intervalFactor": 1,
                    "legendFormat": "RW Locks SX OS Waits",
                    "refId": "A",
                    "step": 300
                },
                {
                    "expr": "rate(mysql_info_schema_innodb_metrics_server_innodb_rwlock_x_os_waits_total{instance=\"$host\"}[$interval]) or irate(mysql_info_schema_innodb_metrics_server_innodb_rwlock_x_os_waits_total{instance=\"$host\"}[5m])",
                    "interval": "$interval",
                    "intervalFactor": 1,
                    "legendFormat": "RW Locks X OS Waits",
                    "refId": "C",
                    "step": 300
                }
            ],
            "thresholds": [],
            "timeFrom": null,
            "timeShift": null,
            "title": "InnoDB Contention - OS Waits",
            "tooltip": {
                "msResolution": false,
                "shared": true,
                "sort": 0,
                "value_type": "individual"
            },
            "type": "graph",
            "x-axis": true,
            "xaxis": {
                "buckets": null,
                "mode": "time",
                "name": null,
                "show": true,
                "values": []
            },
            "y-axis": true,
            "y_formats": [
                "short",
                "short"
            ],
            "yaxes": [
                {
                    "format": "short",
                    "label": null,
                    "logBase": 1,
                    "max": null,
                    "min": 0,
                    "show": true
                },
                {
                    "format": "short",
                    "label": null,
                    "logBase": 1,
                    "max": null,
                    "min": null,
                    "show": true
                }
            ],
            "yaxis": {
                "align": false,
                "alignLevel": null
            }
        },
        {
            "aliasColors": {},
            "bars": false,
            "dashLength": 10,
            "dashes": false,
            "datasource": "Prometheus",
            "decimals": 2,
            "editable": true,
            "error": false,
            "fill": 2,
            "grid": {
                "leftLogBase": 1,
                "leftMax": null,
                "leftMin": 0,
                "rightLogBase": 1,
                "rightMax": null,
                "rightMin": 0
            },
            "gridPos": {
                "h": 7,
                "w": 12,
                "x": 12,
                "y": 35
            },
            "id": 54,
            "legend": {
                "alignAsTable": true,
                "avg": true,
                "current": false,
                "hideEmpty": false,
                "hideZero": false,
                "max": true,
                "min": true,
                "rightSide": false,
                "show": true,
                "sort": "avg",
                "sortDesc": true,
                "total": false,
                "values": true
            },
            "lines": true,
            "linewidth": 2,
            "links": [],
            "nullPointMode": "null",
            "percentage": false,
            "pointradius": 1,
            "points": false,
            "renderer": "flot",
            "seriesOverrides": [],
            "spaceLength": 10,
            "stack": false,
            "steppedLine": true,
            "targets": [
                {
                    "calculatedInterval": "2m",
                    "datasourceErrors": {},
                    "errors": {},
                    "expr": "rate(mysql_info_schema_innodb_metrics_server_innodb_rwlock_s_spin_rounds_total{instance=\"$host\"}[$interval]) or irate(mysql_info_schema_innodb_metrics_server_innodb_rwlock_s_spin_rounds_total{instance=\"$host\"}[5m])",
                    "interval": "$interval",
                    "intervalFactor": 1,
                    "legendFormat": "RW Locks S Spin Rounds",
                    "metric": "",
                    "refId": "B",
                    "step": 300
                },
                {
                    "expr": "rate(mysql_info_schema_innodb_metrics_server_innodb_rwlock_sx_spin_rounds_total{instance=\"$host\"}[$interval]) or irate(mysql_info_schema_innodb_metrics_server_innodb_rwlock_sx_spin_rounds_total{instance=\"$host\"}[5m])",
                    "interval": "$interval",
                    "intervalFactor": 1,
                    "legendFormat": "RW Locks SX Spin Rounds",
                    "refId": "A",
                    "step": 300
                },
                {
                    "expr": "rate(mysql_info_schema_innodb_metrics_server_innodb_rwlock_x_spin_rounds_total{instance=\"$host\"}[$interval]) or irate(mysql_info_schema_innodb_metrics_server_innodb_rwlock_x_spin_rounds_total{instance=\"$host\"}[5m])",
                    "interval": "$interval",
                    "intervalFactor": 1,
                    "legendFormat": "RW Locks X Spin Rounds",
                    "refId": "C",
                    "step": 300
                }
            ],
            "thresholds": [],
            "timeFrom": null,
            "timeShift": null,
            "title": "InnoDB Contention - Spin Rounds",
            "tooltip": {
                "msResolution": false,
                "shared": true,
                "sort": 0,
                "value_type": "individual"
            },
            "type": "graph",
            "x-axis": true,
            "xaxis": {
                "buckets": null,
                "mode": "time",
                "name": null,
                "show": true,
                "values": []
            },
            "y-axis": true,
            "y_formats": [
                "short",
                "short"
            ],
            "yaxes": [
                {
                    "format": "short",
                    "label": null,
                    "logBase": 1,
                    "max": null,
                    "min": 0,
                    "show": true
                },
                {
                    "format": "short",
                    "label": null,
                    "logBase": 1,
                    "max": null,
                    "min": null,
                    "show": true
                }
            ],
            "yaxis": {
                "align": false,
                "alignLevel": null
            }
        },
        {
            "aliasColors": {
                "Avg Row Lock Wait Time": "#BF1B00"
            },
            "bars": false,
            "dashLength": 10,
            "dashes": false,
            "datasource": "Prometheus",
            "decimals": 2,
            "editable": true,
            "error": false,
            "fill": 1,
            "grid": {
                "leftLogBase": 1,
                "leftMax": null,
                "leftMin": 0,
                "rightLogBase": 1,
                "rightMax": null,
                "rightMin": 0
            },
            "gridPos": {
                "h": 7,
                "w": 12,
                "x": 0,
                "y": 42
            },
            "id": 47,
            "legend": {
                "alignAsTable": true,
                "avg": true,
                "current": false,
                "max": true,
                "min": true,
                "rightSide": false,
                "show": true,
                "sort": "avg",
                "sortDesc": true,
                "total": false,
                "values": true
            },
            "lines": false,
            "linewidth": 2,
            "links": [],
            "nullPointMode": "null",
            "percentage": false,
            "pointradius": 1,
            "points": true,
            "renderer": "flot",
            "seriesOverrides": [],
            "spaceLength": 10,
            "stack": false,
            "steppedLine": true,
            "targets": [
                {
                    "calculatedInterval": "2m",
                    "datasourceErrors": {},
                    "errors": {},
                    "expr": "rate(mysql_info_schema_innodb_metrics_transaction_trx_rw_commits_total{instance=\"$host\"}[$interval])/rate(mysql_global_status_innodb_log_writes{instance=\"$host\"}[$interval]) or irate(mysql_info_schema_innodb_metrics_transaction_trx_rw_commits_total{instance=\"$host\"}[5m])/irate(mysql_global_status_innodb_log_writes{instance=\"$host\"}[5m])",
                    "interval": "$interval",
                    "intervalFactor": 1,
                    "legendFormat": "Group Commit Batch Size",
                    "metric": "",
                    "refId": "B",
                    "step": 300
                }
            ],
            "thresholds": [],
            "timeFrom": null,
            "timeShift": null,
            "title": "InnoDB Group Commit Batch Size",
            "tooltip": {
                "msResolution": false,
                "shared": true,
                "sort": 0,
                "value_type": "individual"
            },
            "type": "graph",
            "x-axis": true,
            "xaxis": {
                "buckets": null,
                "mode": "time",
                "name": null,
                "show": true,
                "values": []
            },
            "y-axis": true,
            "y_formats": [
                "short",
                "ms"
            ],
            "yaxes": [
                {
                    "format": "short",
                    "label": null,
                    "logBase": 1,
                    "max": null,
                    "min": 0,
                    "show": true
                },
                {
                    "format": "short",
                    "label": null,
                    "logBase": 1,
                    "max": null,
                    "min": null,
                    "show": true
                }
            ],
            "yaxis": {
                "align": false,
                "alignLevel": null
            }
        },
        {
            "aliasColors": {},
            "bars": false,
            "dashLength": 10,
            "dashes": false,
            "datasource": "Prometheus",
            "decimals": 2,
            "editable": true,
            "error": false,
            "fill": 2,
            "grid": {
                "leftLogBase": 1,
                "leftMax": null,
                "leftMin": 0,
                "rightLogBase": 1,
                "rightMax": null,
                "rightMin": 0
            },
            "gridPos": {
                "h": 7,
                "w": 12,
                "x": 12,
                "y": 42
            },
            "id": 52,
            "legend": {
                "alignAsTable": true,
                "avg": true,
                "current": false,
                "max": true,
                "min": true,
                "rightSide": false,
                "show": true,
                "sort": "avg",
                "sortDesc": true,
                "total": false,
                "values": true
            },
            "lines": true,
            "linewidth": 2,
            "links": [],
            "nullPointMode": "null",
            "percentage": false,
            "pointradius": 1,
            "points": false,
            "renderer": "flot",
            "seriesOverrides": [],
            "spaceLength": 10,
            "stack": false,
            "steppedLine": true,
            "targets": [
                {
                    "calculatedInterval": "2m",
                    "datasourceErrors": {},
                    "errors": {},
                    "expr": "mysql_info_schema_innodb_metrics_purge_purge_dml_delay_usec{instance=\"$host\"}",
                    "interval": "$interval",
                    "intervalFactor": 1,
                    "legendFormat": "Current Purge Delay",
                    "metric": "",
                    "refId": "B",
                    "step": 300
                },
                {
                    "expr": "mysql_global_variables_innodb_max_purge_lag_delay{instance=\"$host\"}",
                    "interval": "$interval",
                    "intervalFactor": 1,
                    "legendFormat": "Max Purge Delay",
                    "refId": "A",
                    "step": 300
                }
            ],
            "thresholds": [],
            "timeFrom": null,
            "timeShift": null,
            "title": "InnoDB Purge Throttling",
            "tooltip": {
                "msResolution": false,
                "shared": true,
                "sort": 0,
                "value_type": "individual"
            },
            "type": "graph",
            "x-axis": true,
            "xaxis": {
                "buckets": null,
                "mode": "time",
                "name": null,
                "show": true,
                "values": []
            },
            "y-axis": true,
            "y_formats": [
                "\u00b5s",
                "short"
            ],
            "yaxes": [
                {
                    "format": "\u00b5s",
                    "label": null,
                    "logBase": 1,
                    "max": null,
                    "min": 0,
                    "show": true
                },
                {
                    "format": "short",
                    "label": null,
                    "logBase": 1,
                    "max": null,
                    "min": null,
                    "show": true
                }
            ],
            "yaxis": {
                "align": false,
                "alignLevel": null
            }
        },
        {
            "aliasColors": {},
            "bars": false,
            "dashLength": 10,
            "dashes": false,
            "datasource": "Prometheus",
            "decimals": 2,
            "editable": true,
            "error": false,
            "fill": 2,
            "grid": {
                "leftLogBase": 1,
                "leftMax": null,
                "leftMin": 0,
                "rightLogBase": 1,
                "rightMax": null,
                "rightMin": 0
            },
            "gridPos": {
                "h": 7,
                "w": 12,
                "x": 0,
                "y": 49
            },
            "id": 57,
            "legend": {
                "alignAsTable": true,
                "avg": true,
                "current": false,
                "hideEmpty": false,
                "hideZero": false,
                "max": true,
                "min": true,
                "rightSide": false,
                "show": true,
                "sort": "avg",
                "sortDesc": true,
                "total": false,
                "values": true
            },
            "lines": true,
            "linewidth": 2,
            "links": [],
            "nullPointMode": "null",
            "percentage": false,
            "pointradius": 1,
            "points": false,
            "renderer": "flot",
            "seriesOverrides": [
                {
                    "alias": "AHI - Hit Ratio",
                    "yaxis": 2
                }
            ],
            "spaceLength": 10,
            "stack": false,
            "steppedLine": true,
            "targets": [
                {
                    "calculatedInterval": "2m",
                    "datasourceErrors": {},
                    "errors": {},
                    "expr": "rate(mysql_info_schema_innodb_metrics_adaptive_hash_index_adaptive_hash_searches_btree_total{instance=\"$host\"}[$interval])+\nrate(mysql_info_schema_innodb_metrics_adaptive_hash_index_adaptive_hash_searches_total{instance=\"$host\"}[$interval]) or\nirate(mysql_info_schema_innodb_metrics_adaptive_hash_index_adaptive_hash_searches_btree_total{instance=\"$host\"}[5m])+\nirate(mysql_info_schema_innodb_metrics_adaptive_hash_index_adaptive_hash_searches_total{instance=\"$host\"}[5m])",
                    "format": "time_series",
                    "interval": "$interval",
                    "intervalFactor": 1,
                    "legendFormat": "AHI - Total Searches",
                    "metric": "",
                    "refId": "B",
                    "step": 300
                },
                {
                    "expr": "rate(mysql_info_schema_innodb_metrics_adaptive_hash_index_adaptive_hash_searches_total{instance=\"$host\"}[$interval]) or\nirate(mysql_info_schema_innodb_metrics_adaptive_hash_index_adaptive_hash_searches_total{instance=\"$host\"}[5m])",
                    "format": "time_series",
                    "interval": "$interval",
                    "intervalFactor": 1,
                    "legendFormat": "AHI - Misses",
                    "refId": "A",
                    "step": 300
                },
                {
                    "expr": "1 - (rate(mysql_info_schema_innodb_metrics_adaptive_hash_index_adaptive_hash_searches_total{instance=\"$host\"}[$interval]))/\n(rate(mysql_info_schema_innodb_metrics_adaptive_hash_index_adaptive_hash_searches_total{instance=\"$host\"}[$interval])+\nrate(mysql_info_schema_innodb_metrics_adaptive_hash_index_adaptive_hash_searches_btree_total{instance=\"$host\"}[$interval])) or\n1 - (irate(mysql_info_schema_innodb_metrics_adaptive_hash_index_adaptive_hash_searches_total{instance=\"$host\"}[5m]))/\n(irate(mysql_info_schema_innodb_metrics_adaptive_hash_index_adaptive_hash_searches_total{instance=\"$host\"}[5m])+\nirate(mysql_info_schema_innodb_metrics_adaptive_hash_index_adaptive_hash_searches_btree_total{instance=\"$host\"}[5m]))",
                    "format": "time_series",
                    "interval": "$interval",
                    "intervalFactor": 1,
                    "legendFormat": "AHI - Hit Ratio",
                    "refId": "C",
                    "step": 300
                }
            ],
            "thresholds": [],
            "timeFrom": null,
            "timeShift": null,
            "title": "InnoDB AHI Usage",
            "tooltip": {
                "msResolution": false,
                "shared": true,
                "sort": 0,
                "value_type": "individual"
            },
            "type": "graph",
            "x-axis": true,
            "xaxis": {
                "buckets": null,
                "mode": "time",
                "name": null,
                "show": true,
                "values": []
            },
            "y-axis": true,
            "y_formats": [
                "short",
                "percentunit"
            ],
            "yaxes": [
                {
                    "format": "short",
                    "label": null,
                    "logBase": 1,
                    "max": null,
                    "min": 0,
                    "show": true
                },
                {
                    "format": "percentunit",
                    "label": "",
                    "logBase": 1,
                    "max": null,
                    "min": 0,
                    "show": true
                }
            ],
            "yaxis": {
                "align": false,
                "alignLevel": null
            }
        },
        {
            "aliasColors": {},
            "bars": false,
            "dashLength": 10,
            "dashes": false,
            "datasource": "Prometheus",
            "decimals": 2,
            "editable": true,
            "error": false,
            "fill": 2,
            "grid": {
                "leftLogBase": 1,
                "leftMax": null,
                "leftMin": 0,
                "rightLogBase": 1,
                "rightMax": null,
                "rightMin": 0
            },
            "gridPos": {
                "h": 7,
                "w": 12,
                "x": 12,
                "y": 49
            },
            "id": 56,
            "legend": {
                "alignAsTable": true,
                "avg": true,
                "current": false,
                "hideEmpty": false,
                "hideZero": false,
                "max": true,
                "min": true,
                "rightSide": false,
                "show": true,
                "sort": "avg",
                "sortDesc": true,
                "total": false,
                "values": true
            },
            "lines": true,
            "linewidth": 2,
            "links": [],
            "nullPointMode": "null",
            "percentage": false,
            "pointradius": 1,
            "points": false,
            "renderer": "flot",
            "seriesOverrides": [],
            "spaceLength": 10,
            "stack": false,
            "steppedLine": true,
            "targets": [
                {
                    "calculatedInterval": "2m",
                    "datasourceErrors": {},
                    "errors": {},
                    "expr": "rate(mysql_info_schema_innodb_metrics_adaptive_hash_index_adaptive_hash_pages_added_total{instance=\"$host\"}[$interval]) or irate(mysql_info_schema_innodb_metrics_adaptive_hash_index_adaptive_hash_pages_added_total{instance=\"$host\"}[5m])",
                    "interval": "$interval",
                    "intervalFactor": 1,
                    "legendFormat": "AHI - Pages Added",
                    "metric": "",
                    "refId": "B",
                    "step": 300
                },
                {
                    "expr": "rate(mysql_info_schema_innodb_metrics_adaptive_hash_index_adaptive_hash_pages_removed_total{instance=\"$host\"}[$interval]) or irate(mysql_info_schema_innodb_metrics_adaptive_hash_index_adaptive_hash_pages_removed_total{instance=\"$host\"}[5m])",
                    "interval": "$interval",
                    "intervalFactor": 1,
                    "legendFormat": "AHI - Pages Removed",
                    "refId": "A",
                    "step": 300
                },
                {
                    "expr": "rate( mysql_info_schema_innodb_metrics_adaptive_hash_index_adaptive_hash_rows_added_total{instance=\"$host\"}[$interval]) or irate( mysql_info_schema_innodb_metrics_adaptive_hash_index_adaptive_hash_rows_added_total{instance=\"$host\"}[5m])",
                    "interval": "$interval",
                    "intervalFactor": 1,
                    "legendFormat": "AHI - Rows Added",
                    "refId": "C",
                    "step": 300
                },
                {
                    "expr": "rate(mysql_info_schema_innodb_metrics_adaptive_hash_index_adaptive_hash_rows_removed_total{instance=\"$host\"}[$interval]) or irate(mysql_info_schema_innodb_metrics_adaptive_hash_index_adaptive_hash_rows_removed_total{instance=\"$host\"}[5m])",
                    "interval": "$interval",
                    "intervalFactor": 1,
                    "legendFormat": "AHI - Rows Removed",
                    "refId": "D",
                    "step": 300
                },
                {
                    "expr": "rate(mysql_info_schema_innodb_metrics_adaptive_hash_index_adaptive_hash_rows_updated_total{instance=\"$host\"}[$interval]) or irate(mysql_info_schema_innodb_metrics_adaptive_hash_index_adaptive_hash_rows_updated_total{instance=\"$host\"}[5m])",
                    "interval": "$interval",
                    "intervalFactor": 1,
                    "legendFormat": "AHI - Rows Updated",
                    "refId": "E",
                    "step": 300
                }
            ],
            "thresholds": [],
            "timeFrom": null,
            "timeShift": null,
            "title": "InnoDB AHI Maintenance",
            "tooltip": {
                "msResolution": false,
                "shared": true,
                "sort": 0,
                "value_type": "individual"
            },
            "type": "graph",
            "x-axis": true,
            "xaxis": {
                "buckets": null,
                "mode": "time",
                "name": null,
                "show": true,
                "values": []
            },
            "y-axis": true,
            "y_formats": [
                "short",
                "short"
            ],
            "yaxes": [
                {
                    "format": "short",
                    "label": null,
                    "logBase": 1,
                    "max": null,
                    "min": 0,
                    "show": true
                },
                {
                    "format": "short",
                    "label": null,
                    "logBase": 1,
                    "max": null,
                    "min": null,
                    "show": true
                }
            ],
            "yaxis": {
                "align": false,
                "alignLevel": null
            }
        },
        {
            "aliasColors": {},
            "bars": false,
            "dashLength": 10,
            "dashes": false,
            "datasource": "Prometheus",
            "decimals": 0,
            "editable": true,
            "error": false,
            "fill": 2,
            "grid": {},
            "gridPos": {
                "h": 7,
                "w": 12,
                "x": 0,
                "y": 56
            },
            "id": 60,
            "legend": {
                "alignAsTable": true,
                "avg": false,
                "current": true,
                "max": false,
                "min": false,
                "rightSide": false,
                "show": true,
                "sort": "avg",
                "sortDesc": true,
                "total": false,
                "values": true
            },
            "lines": true,
            "linewidth": 2,
            "links": [],
            "nullPointMode": "null",
            "percentage": false,
            "pointradius": 5,
            "points": false,
            "renderer": "flot",
            "seriesOverrides": [
                {
                    "alias": "% Progress",
                    "yaxis": 2
                }
            ],
            "spaceLength": 10,
            "stack": false,
            "steppedLine": false,
            "targets": [
                {
                    "calculatedInterval": "2m",
                    "datasourceErrors": {},
                    "errors": {},
                    "expr": "mysql_global_status_innodb_onlineddl_pct_progress{instance=\"$host\"}/100",
                    "format": "time_series",
                    "hide": false,
                    "interval": "",
                    "intervalFactor": 1,
                    "legendFormat": "% Progress",
                    "metric": "",
                    "refId": "D",
                    "step": 5
                },
                {
                    "calculatedInterval": "2m",
                    "datasourceErrors": {},
                    "errors": {},
                    "expr": "rate(mysql_global_status_innodb_onlineddl_rowlog_pct_used{instance=\"$host\"}[$interval]) or irate(mysql_global_status_innodb_onlineddl_rowlog_pct_used{instance=\"$host\"}[5m])",
                    "format": "time_series",
                    "interval": "$interval",
                    "intervalFactor": 1,
                    "legendFormat": "Row Log % Used",
                    "metric": "",
                    "refId": "C",
                    "step": 20
                },
                {
                    "calculatedInterval": "2m",
                    "datasourceErrors": {},
                    "errors": {},
                    "expr": "rate(mysql_global_status_innodb_onlineddl_rowlog_rows{instance=\"$host\"}[$interval]) or irate(mysql_global_status_innodb_onlineddl_rowlog_rows{instance=\"$host\"}[5m])",
                    "format": "time_series",
                    "interval": "$interval",
                    "intervalFactor": 1,
                    "legendFormat": "Row Log Rows",
                    "metric": "",
                    "refId": "A",
                    "step": 20
                }
            ],
            "thresholds": [],
            "timeFrom": null,
            "timeShift": null,
            "title": "InnoDB Online DDL",
            "tooltip": {
                "msResolution": false,
                "shared": true,
                "sort": 0,
                "value_type": "individual"
            },
            "transparent": false,
            "type": "graph",
            "xaxis": {
                "buckets": null,
                "mode": "time",
                "name": null,
                "show": true,
                "values": []
            },
            "yaxes": [
                {
                    "format": "short",
                    "logBase": 1,
                    "max": null,
                    "min": 0,
                    "show": true
                },
                {
                    "format": "percent",
                    "label": "",
                    "logBase": 1,
                    "max": "100",
                    "min": 0,
                    "show": true
                }
            ],
            "yaxis": {
                "align": false,
                "alignLevel": null
            }
        },
        {
            "aliasColors": {},
            "bars": false,
            "dashLength": 10,
            "dashes": false,
            "datasource": "Prometheus",
            "decimals": 2,
            "editable": true,
            "error": false,
            "fill": 2,
            "grid": {},
            "gridPos": {
                "h": 7,
                "w": 12,
                "x": 12,
                "y": 56
            },
            "id": 61,
            "legend": {
                "alignAsTable": true,
                "avg": true,
                "current": false,
                "max": true,
                "min": true,
                "rightSide": false,
                "show": true,
                "sort": "avg",
                "sortDesc": true,
                "total": false,
                "values": true
            },
            "lines": true,
            "linewidth": 2,
            "links": [],
            "nullPointMode": "null",
            "percentage": false,
            "pointradius": 5,
            "points": false,
            "renderer": "flot",
            "seriesOverrides": [],
            "spaceLength": 10,
            "stack": false,
            "steppedLine": false,
            "targets": [
                {
                    "calculatedInterval": "2m",
                    "datasourceErrors": {},
                    "errors": {},
                    "expr": "rate(mysql_global_status_innodb_defragment_count{instance=\"$host\"}[$interval]) or irate(mysql_global_status_innodb_defragment_count{instance=\"$host\"}[5m])",
                    "format": "time_series",
                    "interval": "$interval",
                    "intervalFactor": 1,
                    "legendFormat": "Count",
                    "metric": "",
                    "refId": "D",
                    "step": 20
                },
                {
                    "calculatedInterval": "2m",
                    "datasourceErrors": {},
                    "errors": {},
                    "expr": "rate(mysql_global_status_innodb_defragment_compression_failures{instance=\"$host\"}[$interval]) or irate(mysql_global_status_innodb_defragment_compression_failures{instance=\"$host\"}[5m])",
                    "format": "time_series",
                    "interval": "$interval",
                    "intervalFactor": 1,
                    "legendFormat": "Re-Compression Failures",
                    "metric": "",
                    "refId": "C",
                    "step": 20
                },
                {
                    "calculatedInterval": "2m",
                    "datasourceErrors": {},
                    "errors": {},
                    "expr": "rate(mysql_global_status_innodb_defragment_failures{instance=\"$host\"}[$interval]) or irate(mysql_global_status_innodb_defragment_failures{instance=\"$host\"}[5m])",
                    "format": "time_series",
                    "interval": "$interval",
                    "intervalFactor": 1,
                    "legendFormat": "Failures",
                    "metric": "",
                    "refId": "A",
                    "step": 20
                }
            ],
            "thresholds": [],
            "timeFrom": null,
            "timeShift": null,
            "title": "InnoDB Defragmentation",
            "tooltip": {
                "msResolution": false,
                "shared": true,
                "sort": 0,
                "value_type": "individual"
            },
            "type": "graph",
            "xaxis": {
                "buckets": null,
                "mode": "time",
                "name": null,
                "show": true,
                "values": []
            },
            "yaxes": [
                {
                    "format": "short",
                    "logBase": 1,
                    "max": null,
                    "min": 0,
                    "show": true
                },
                {
                    "format": "short",
                    "logBase": 1,
                    "max": null,
                    "min": 0,
                    "show": true
                }
            ],
            "yaxis": {
                "align": false,
                "alignLevel": null
            }
        }
    ],
    "refresh": "1m",
    "schemaVersion": 16,
    "style": "dark",
    "tags": [
        "MySQL",
        "Percona"
    ],
    "templating": {
        "list": [
            {
                "allFormat": "glob",
                "auto": true,
                "auto_count": 200,
                "auto_min": "1s",
                "current": {
                    "text": "auto",
                    "value": "$__auto_interval_interval"
                },
                "datasource": "Prometheus",
                "hide": 0,
                "includeAll": false,
                "label": "Interval",
                "multi": false,
                "multiFormat": "glob",
                "name": "interval",
                "options": [
                    {
                        "selected": true,
                        "text": "auto",
                        "value": "$__auto_interval_interval"
                    },
                    {
                        "selected": false,
                        "text": "1s",
                        "value": "1s"
                    },
                    {
                        "selected": false,
                        "text": "5s",
                        "value": "5s"
                    },
                    {
                        "selected": false,
                        "text": "1m",
                        "value": "1m"
                    },
                    {
                        "selected": false,
                        "text": "5m",
                        "value": "5m"
                    },
                    {
                        "selected": false,
                        "text": "1h",
                        "value": "1h"
                    },
                    {
                        "selected": false,
                        "text": "6h",
                        "value": "6h"
                    },
                    {
                        "selected": false,
                        "text": "1d",
                        "value": "1d"
                    }
                ],
                "query": "1s,5s,1m,5m,1h,6h,1d",
                "refresh": 2,
                "type": "interval"
            },
            {
                "allFormat": "glob",
                "allValue": null,
                "current": {},
                "datasource": "Prometheus",
                "hide": 0,
                "includeAll": false,
                "label": "Host",
                "multi": false,
                "multiFormat": "regex values",
                "name": "host",
                "options": [],
                "query": "label_values(mysql_up, instance)",
                "refresh": 1,
                "refresh_on_load": false,
                "regex": "",
                "sort": 1,
                "tagValuesQuery": null,
                "tags": [],
                "tagsQuery": null,
                "type": "query",
                "useTags": false
            }
        ]
    },
    "time": {
        "from": "now-12h",
        "to": "now"
    },
    "timepicker": {
        "collapse": false,
        "enable": true,
        "hidden": false,
        "notice": false,
        "now": true,
        "refresh_intervals": [
            "5s",
            "10s",
            "30s",
            "1m",
            "5m",
            "15m",
            "30m",
            "1h",
            "2h",
            "1d"
        ],
        "status": "Stable",
        "time_options": [
            "5m",
            "15m",
            "1h",
            "6h",
            "12h",
            "24h",
            "2d",
            "7d",
            "30d"
        ],
        "type": "timepicker"
    },
    "timezone": "browser",
    "title": "MySQL InnoDB Metrics Advanced",
    "uid": "ibkrwGHmz",
    "version": 1
}
