{
    "annotations": {
        "list": [
            {
                "builtIn": 1,
                "datasource": "-- Grafana --",
                "enable": true,
                "hide": false,
                "iconColor": "#e0752d",
                "limit": 100,
                "name": "PMM Annotations",
                "showIn": 0,
                "tags": [
                    "pmm-annotation"
                ],
                "type": "tags"
            }
        ]
    },
    "editable": true,
    "gnetId": null,
    "graphTooltip": 1,
    "id": null,
    "iteration": 1529490337546,
    "links": [
        {
            "icon": "dashboard",
            "includeVars": true,
            "keepTime": true,
            "tags": [
                "QAN"
            ],
            "targetBlank": false,
            "title": "Query Analytics",
            "type": "link",
            "url": "/graph/dashboard/db/_pmm-query-analytics"
        },
        {
            "asDropdown": true,
            "includeVars": true,
            "keepTime": true,
            "tags": [
                "OS"
            ],
            "targetBlank": false,
            "title": "OS",
            "type": "dashboards"
        },
        {
            "asDropdown": true,
            "includeVars": true,
            "keepTime": true,
            "tags": [
                "MySQL"
            ],
            "targetBlank": false,
            "title": "MySQL",
            "type": "dashboards"
        },
        {
            "asDropdown": true,
            "includeVars": true,
            "keepTime": true,
            "tags": [
                "MongoDB"
            ],
            "targetBlank": false,
            "title": "MongoDB",
            "type": "dashboards"
        },
        {
            "asDropdown": true,
            "includeVars": true,
            "keepTime": true,
            "tags": [
                "HA"
            ],
            "targetBlank": false,
            "title": "HA",
            "type": "dashboards"
        },
        {
            "asDropdown": true,
            "includeVars": true,
            "keepTime": true,
            "tags": [
                "Cloud"
            ],
            "targetBlank": false,
            "title": "Cloud",
            "type": "dashboards"
        },
        {
            "asDropdown": true,
            "includeVars": true,
            "keepTime": true,
            "tags": [
                "Insight"
            ],
            "targetBlank": false,
            "title": "Insight",
            "type": "dashboards"
        },
        {
            "asDropdown": true,
            "includeVars": true,
            "keepTime": true,
            "tags": [
                "PMM"
            ],
            "targetBlank": false,
            "title": "PMM",
            "type": "dashboards"
        }
    ],
    "panels": [
        {
            "collapsed": false,
            "gridPos": {
                "h": 1,
                "w": 24,
                "x": 0,
                "y": 0
            },
            "id": 76,
            "panels": [],
            "repeat": null,
            "title": "Compression level and failure rate threshold",
            "type": "row"
        },
        {
            "cacheTimeout": null,
            "colorBackground": false,
            "colorValue": false,
            "colors": [
                "#447ebc",
                "#447ebc",
                "#447ebc"
            ],
            "datasource": "Prometheus",
            "description": "The level of zlib compression to use for InnoDB compressed tables and indexes.",
            "format": "none",
            "gauge": {
                "maxValue": 10,
                "minValue": 0,
                "show": false,
                "thresholdLabels": true,
                "thresholdMarkers": true
            },
            "gridPos": {
                "h": 4,
                "w": 6,
                "x": 0,
                "y": 1
            },
            "height": "125px",
            "id": 51,
            "interval": null,
            "links": [],
            "mappingType": 1,
            "mappingTypes": [
                {
                    "name": "value to text",
                    "value": 1
                },
                {
                    "name": "range to text",
                    "value": 2
                }
            ],
            "maxDataPoints": 100,
            "minSpan": 6,
            "nullPointMode": "connected",
            "nullText": null,
            "postfix": "",
            "postfixFontSize": "50%",
            "prefix": "",
            "prefixFontSize": "50%",
            "rangeMaps": [
                {
                    "from": "null",
                    "text": "N/A",
                    "to": "null"
                }
            ],
            "sparkline": {
                "fillColor": "rgba(31, 118, 189, 0.18)",
                "full": false,
                "lineColor": "rgb(31, 120, 193)",
                "show": false
            },
            "tableColumn": "",
            "targets": [
                {
                    "expr": "mysql_global_variables_innodb_compression_level{instance=\"$host\"}",
                    "format": "time_series",
                    "hide": false,
                    "intervalFactor": 1,
                    "refId": "A"
                }
            ],
            "thresholds": "",
            "title": "InnoDB Compression level",
            "type": "singlestat",
            "valueFontSize": "80%",
            "valueMaps": [
                {
                    "op": "=",
                    "text": "N/A",
                    "value": "null"
                }
            ],
            "valueName": "current"
        },
        {
            "cacheTimeout": null,
            "colorBackground": false,
            "colorValue": false,
            "colors": [
                "#1f78c1",
                "#1f78c1",
                "#1f78c1"
            ],
            "datasource": "Prometheus",
            "description": "The compression failure rate threshold for a table",
            "format": "percent",
            "gauge": {
                "maxValue": 100,
                "minValue": 0,
                "show": false,
                "thresholdLabels": true,
                "thresholdMarkers": true
            },
            "gridPos": {
                "h": 4,
                "w": 6,
                "x": 6,
                "y": 1
            },
            "height": "125px",
            "id": 57,
            "interval": null,
            "links": [],
            "mappingType": 1,
            "mappingTypes": [
                {
                    "name": "value to text",
                    "value": 1
                },
                {
                    "name": "range to text",
                    "value": 2
                }
            ],
            "maxDataPoints": 100,
            "minSpan": 6,
            "nullPointMode": "connected",
            "nullText": null,
            "postfix": "",
            "postfixFontSize": "50%",
            "prefix": "",
            "prefixFontSize": "50%",
            "rangeMaps": [
                {
                    "from": "null",
                    "text": "N/A",
                    "to": "null"
                }
            ],
            "sparkline": {
                "fillColor": "rgba(31, 118, 189, 0.18)",
                "full": false,
                "lineColor": "rgb(31, 120, 193)",
                "show": false
            },
            "tableColumn": "",
            "targets": [
                {
                    "expr": "mysql_global_variables_innodb_compression_failure_threshold_pct{instance=\"$host\"}",
                    "format": "time_series",
                    "interval": "$interval",
                    "intervalFactor": 1,
                    "refId": "A"
                }
            ],
            "thresholds": "",
            "title": "InnoDB Compression Failure Threshold",
            "type": "singlestat",
            "valueFontSize": "80%",
            "valueMaps": [
                {
                    "op": "=",
                    "text": "N/A",
                    "value": "null"
                },
                {
                    "op": "=",
                    "text": "Enabled",
                    "value": "1"
                },
                {
                    "op": "=",
                    "text": "Disabled",
                    "value": "0"
                }
            ],
            "valueName": "current"
        },
        {
            "cacheTimeout": null,
            "colorBackground": false,
            "colorValue": false,
            "colors": [
                "#447ebc",
                "#447ebc",
                "#447ebc"
            ],
            "datasource": "Prometheus",
            "description": "The maximum percentage that can be reserved as free space within each compressed page, allowing room to reorganize the data and modification log within the page when a compressed table or index is updated and the data might be recompressed.",
            "format": "percent",
            "gauge": {
                "maxValue": 75,
                "minValue": 0,
                "show": false,
                "thresholdLabels": true,
                "thresholdMarkers": true
            },
            "gridPos": {
                "h": 4,
                "w": 6,
                "x": 12,
                "y": 1
            },
            "height": "125px",
            "id": 52,
            "interval": null,
            "links": [],
            "mappingType": 1,
            "mappingTypes": [
                {
                    "name": "value to text",
                    "value": 1
                },
                {
                    "name": "range to text",
                    "value": 2
                }
            ],
            "maxDataPoints": 100,
            "minSpan": 6,
            "nullPointMode": "connected",
            "nullText": null,
            "postfix": "",
            "postfixFontSize": "50%",
            "prefix": "",
            "prefixFontSize": "50%",
            "rangeMaps": [
                {
                    "from": "null",
                    "text": "N/A",
                    "to": "null"
                }
            ],
            "sparkline": {
                "fillColor": "rgba(31, 118, 189, 0.18)",
                "full": false,
                "lineColor": "rgb(31, 120, 193)",
                "show": false
            },
            "tableColumn": "",
            "targets": [
                {
                    "expr": "mysql_global_variables_innodb_compression_pad_pct_max{instance=\"$host\"}",
                    "format": "time_series",
                    "hide": false,
                    "intervalFactor": 2,
                    "refId": "A"
                }
            ],
            "thresholds": "",
            "title": "Compression Failure Rate Threshold",
            "type": "singlestat",
            "valueFontSize": "80%",
            "valueMaps": [
                {
                    "op": "=",
                    "text": "N/A",
                    "value": "null"
                }
            ],
            "valueName": "current"
        },
        {
            "cacheTimeout": null,
            "colorBackground": false,
            "colorValue": false,
            "colors": [
                "#299c46",
                "rgba(237, 129, 40, 0.89)",
                "#d44a3a"
            ],
            "datasource": "Prometheus",
            "description": "Specifies whether images of re-compressed pages are written to the redo log. Re-compression may occur when changes are made to compressed data.",
            "format": "none",
            "gauge": {
                "maxValue": 100,
                "minValue": 0,
                "show": false,
                "thresholdLabels": false,
                "thresholdMarkers": true
            },
            "gridPos": {
                "h": 4,
                "w": 6,
                "x": 18,
                "y": 1
            },
            "height": "125px",
            "id": 69,
            "interval": null,
            "links": [],
            "mappingType": 1,
            "mappingTypes": [
                {
                    "name": "value to text",
                    "value": 1
                },
                {
                    "name": "range to text",
                    "value": 2
                }
            ],
            "maxDataPoints": 100,
            "minSpan": 6,
            "nullPointMode": "connected",
            "nullText": null,
            "postfix": "",
            "postfixFontSize": "50%",
            "prefix": "",
            "prefixFontSize": "50%",
            "rangeMaps": [
                {
                    "from": "null",
                    "text": "N/A",
                    "to": "null"
                }
            ],
            "sparkline": {
                "fillColor": "rgba(31, 118, 189, 0.18)",
                "full": false,
                "lineColor": "rgb(31, 120, 193)",
                "show": false
            },
            "tableColumn": "",
            "targets": [
                {
                    "expr": "mysql_global_variables_innodb_log_compressed_pages{instance=\"$host\"}",
                    "format": "time_series",
                    "interval": "$interval",
                    "intervalFactor": 1,
                    "refId": "A"
                }
            ],
            "thresholds": "",
            "title": "Write Pages to The Redo Log",
            "type": "singlestat",
            "valueFontSize": "80%",
            "valueMaps": [
                {
                    "op": "=",
                    "text": "Yes",
                    "value": "1"
                },
                {
                    "op": "=",
                    "text": "No",
                    "value": "0"
                }
            ],
            "valueName": "avg"
        },
        {
            "collapsed": false,
            "gridPos": {
                "h": 1,
                "w": 24,
                "x": 0,
                "y": 5
            },
            "id": 77,
            "panels": [],
            "repeat": null,
            "title": "Statistic of compression operations",
            "type": "row"
        },
        {
            "aliasColors": {
                "Max Checkpoint Age": "#BF1B00",
                "Uncheckpointed Bytes": "#E0752D"
            },
            "bars": false,
            "dashLength": 10,
            "dashes": false,
            "datasource": "Prometheus",
            "decimals": 2,
            "description": "Number of compression operations attempted. Pages are compressed whenever an empty page is created or the space for the uncompressed modification log runs out.",
            "editable": true,
            "error": false,
            "fill": 2,
            "grid": {},
            "gridPos": {
                "h": 7,
                "w": 12,
                "x": 0,
                "y": 6
            },
            "id": 19,
            "legend": {
                "alignAsTable": true,
                "avg": true,
                "current": false,
                "max": true,
                "min": true,
                "rightSide": false,
                "show": true,
                "sort": "avg",
                "sortDesc": true,
                "total": false,
                "values": true
            },
            "lines": true,
            "linewidth": 2,
            "links": [],
            "minSpan": 12,
            "nullPointMode": "null",
            "percentage": false,
            "pointradius": 5,
            "points": false,
            "renderer": "flot",
            "seriesOverrides": [],
            "spaceLength": 10,
            "stack": false,
            "steppedLine": false,
            "targets": [
                {
                    "calculatedInterval": "2m",
                    "datasourceErrors": {},
                    "errors": {},
                    "expr": "rate(mysql_info_schema_innodb_cmp_compress_ops_total{instance=\"$host\"}[$interval]) or irate(mysql_info_schema_innodb_cmp_compress_ops_total{instance=\"$host\"}[5m])",
                    "format": "time_series",
                    "hide": false,
                    "interval": "$interval",
                    "intervalFactor": 1,
                    "legendFormat": "{{ page_size }}",
                    "metric": "",
                    "refId": "A",
                    "step": 300
                }
            ],
            "thresholds": [],
            "timeFrom": null,
            "timeShift": null,
            "title": "Compress Attempts",
            "tooltip": {
                "msResolution": false,
                "shared": true,
                "sort": 0,
                "value_type": "individual"
            },
            "type": "graph",
            "xaxis": {
                "buckets": null,
                "mode": "time",
                "name": null,
                "show": true,
                "values": []
            },
            "yaxes": [
                {
                    "format": "ops",
                    "logBase": 1,
                    "max": null,
                    "min": 0,
                    "show": true
                },
                {
                    "format": "bytes",
                    "logBase": 1,
                    "max": null,
                    "min": 0,
                    "show": true
                }
            ],
            "yaxis": {
                "align": false,
                "alignLevel": null
            }
        },
        {
            "aliasColors": {},
            "bars": false,
            "dashLength": 10,
            "dashes": false,
            "datasource": "Prometheus",
            "decimals": 2,
            "description": "Number of uncompression operations performed. Compressed InnoDB pages are uncompressed whenever compression fails, or the first time a compressed page is accessed in the buffer pool and the uncompressed page does not exist.",
            "editable": true,
            "error": false,
            "fill": 2,
            "grid": {},
            "gridPos": {
                "h": 7,
                "w": 12,
                "x": 12,
                "y": 6
            },
            "id": 20,
            "legend": {
                "alignAsTable": true,
                "avg": true,
                "current": false,
                "hideZero": false,
                "max": true,
                "min": true,
                "rightSide": false,
                "show": true,
                "sort": "avg",
                "sortDesc": true,
                "total": false,
                "values": true
            },
            "lines": true,
            "linewidth": 2,
            "links": [],
            "minSpan": 12,
            "nullPointMode": "null",
            "percentage": false,
            "pointradius": 5,
            "points": false,
            "renderer": "flot",
            "seriesOverrides": [
                {
                    "alias": "InnoDB Transactions",
                    "yaxis": 2
                }
            ],
            "spaceLength": 10,
            "stack": false,
            "steppedLine": false,
            "targets": [
                {
                    "calculatedInterval": "2m",
                    "datasourceErrors": {},
                    "errors": {},
                    "expr": "rate(mysql_info_schema_innodb_cmp_uncompress_ops_total{instance=\"$host\"}[$interval]) or \nirate(mysql_info_schema_innodb_cmp_uncompress_ops_total{instance=\"$host\"}[5m])",
                    "format": "time_series",
                    "hide": false,
                    "instant": false,
                    "interval": "$interval",
                    "intervalFactor": 1,
                    "legendFormat": "{{ page_size }}",
                    "metric": "",
                    "refId": "A",
                    "step": 300
                }
            ],
            "thresholds": [],
            "timeFrom": null,
            "timeShift": null,
            "title": "Uncompressed Attempts",
            "tooltip": {
                "msResolution": false,
                "shared": true,
                "sort": 0,
                "value_type": "individual"
            },
            "type": "graph",
            "xaxis": {
                "buckets": null,
                "mode": "time",
                "name": null,
                "show": true,
                "values": []
            },
            "yaxes": [
                {
                    "format": "ops",
                    "logBase": 1,
                    "max": null,
                    "min": 0,
                    "show": true
                },
                {
                    "format": "short",
                    "logBase": 1,
                    "max": null,
                    "min": 0,
                    "show": false
                }
            ],
            "yaxis": {
                "align": false,
                "alignLevel": null
            }
        },
        {
            "aliasColors": {},
            "bars": false,
            "dashLength": 10,
            "dashes": false,
            "datasource": "Prometheus",
            "decimals": 2,
            "editable": true,
            "error": false,
            "fill": 2,
            "grid": {},
            "gridPos": {
                "h": 7,
                "w": 24,
                "x": 0,
                "y": 13
            },
            "id": 23,
            "legend": {
                "alignAsTable": true,
                "avg": true,
                "current": false,
                "max": true,
                "min": true,
                "rightSide": true,
                "show": true,
                "sort": "avg",
                "sortDesc": true,
                "total": false,
                "values": true
            },
            "lines": true,
            "linewidth": 2,
            "links": [],
            "minSpan": 24,
            "nullPointMode": "null",
            "percentage": false,
            "pointradius": 5,
            "points": false,
            "renderer": "flot",
            "seriesOverrides": [],
            "spaceLength": 10,
            "stack": false,
            "steppedLine": false,
            "targets": [
                {
                    "calculatedInterval": "2m",
                    "datasourceErrors": {},
                    "errors": {},
                    "expr": "sum_over_time(mysql_info_schema_innodb_cmp_compress_ops_ok_total{instance=\"$host\"}[$interval])/\nsum_over_time(mysql_info_schema_innodb_cmp_compress_ops_total{instance=\"$host\"}[$interval]) or \nsum_over_time(mysql_info_schema_innodb_cmp_compress_ops_ok_total{instance=\"$host\"}[5m])/\nsum_over_time(mysql_info_schema_innodb_cmp_compress_ops_total{instance=\"$host\"}[5m])",
                    "format": "time_series",
                    "hide": false,
                    "interval": "$interval",
                    "intervalFactor": 1,
                    "legendFormat": "{{ page_size }}",
                    "metric": "",
                    "refId": "A",
                    "step": 300
                }
            ],
            "thresholds": [],
            "timeFrom": null,
            "timeShift": null,
            "title": "Compression Success Ratio",
            "tooltip": {
                "msResolution": false,
                "shared": true,
                "sort": 0,
                "value_type": "individual"
            },
            "type": "graph",
            "xaxis": {
                "buckets": null,
                "mode": "time",
                "name": null,
                "show": true,
                "values": []
            },
            "yaxes": [
                {
                    "decimals": null,
                    "format": "percentunit",
                    "logBase": 1,
                    "max": null,
                    "min": 0,
                    "show": true
                },
                {
                    "format": "short",
                    "logBase": 1,
                    "max": null,
                    "min": 0,
                    "show": false
                }
            ],
            "yaxis": {
                "align": false,
                "alignLevel": null
            }
        },
        {
            "collapsed": false,
            "gridPos": {
                "h": 1,
                "w": 24,
                "x": 0,
                "y": 20
            },
            "id": 78,
            "panels": [],
            "repeat": null,
            "title": "CPU Core Usage",
            "type": "row"
        },
        {
            "aliasColors": {},
            "bars": true,
            "dashLength": 10,
            "dashes": false,
            "datasource": "Prometheus",
            "decimals": 2,
            "fill": 2,
            "gridPos": {
                "h": 7,
                "w": 12,
                "x": 0,
                "y": 21
            },
            "id": 58,
            "legend": {
                "alignAsTable": true,
                "avg": true,
                "current": false,
                "max": true,
                "min": true,
                "rightSide": false,
                "show": true,
                "total": false,
                "values": true
            },
            "lines": false,
            "linewidth": 2,
            "links": [],
            "minSpan": 12,
            "nullPointMode": "null",
            "percentage": false,
            "pointradius": 5,
            "points": false,
            "renderer": "flot",
            "seriesOverrides": [
                {
                    "alias": "/.*/",
                    "color": "#1f78c1"
                }
            ],
            "spaceLength": 10,
            "stack": true,
            "steppedLine": false,
            "targets": [
                {
                    "expr": "(sum(rate(mysql_info_schema_innodb_cmp_compress_time_seconds_total{instance=~\"$host\"}[$interval])) by (instance) or\nsum(irate(mysql_info_schema_innodb_cmp_compress_time_seconds_total{instance=~\"$host\"}[5m])) by (instance)) /\ncount(node_cpu{mode=\"user\", instance=~\"$host\"}) by (instance) *100",
                    "format": "time_series",
                    "hide": false,
                    "interval": "1h",
                    "intervalFactor": 1,
                    "legendFormat": "{{instance}}",
                    "refId": "C"
                }
            ],
            "thresholds": [],
            "timeFrom": "24h",
            "timeShift": null,
            "title": "CPU Core Usage for Compression",
            "tooltip": {
                "shared": true,
                "sort": 0,
                "value_type": "individual"
            },
            "type": "graph",
            "xaxis": {
                "buckets": null,
                "mode": "time",
                "name": null,
                "show": true,
                "values": []
            },
            "yaxes": [
                {
                    "decimals": 0,
                    "format": "percent",
                    "label": null,
                    "logBase": 1,
                    "max": null,
                    "min": null,
                    "show": true
                },
                {
                    "format": "short",
                    "label": null,
                    "logBase": 1,
                    "max": null,
                    "min": null,
                    "show": true
                }
            ],
            "yaxis": {
                "align": false,
                "alignLevel": null
            }
        },
        {
            "aliasColors": {},
            "bars": true,
            "dashLength": 10,
            "dashes": false,
            "datasource": "Prometheus",
            "decimals": 2,
            "fill": 2,
            "gridPos": {
                "h": 7,
                "w": 12,
                "x": 12,
                "y": 21
            },
            "id": 59,
            "legend": {
                "alignAsTable": true,
                "avg": true,
                "current": false,
                "max": true,
                "min": true,
                "rightSide": false,
                "show": true,
                "total": false,
                "values": true
            },
            "lines": false,
            "linewidth": 2,
            "links": [],
            "minSpan": 12,
            "nullPointMode": "null",
            "percentage": false,
            "pointradius": 2,
            "points": false,
            "renderer": "flot",
            "seriesOverrides": [
                {
                    "alias": "/.*/",
                    "color": "#1f78c1"
                }
            ],
            "spaceLength": 10,
            "stack": true,
            "steppedLine": false,
            "targets": [
                {
                    "expr": "(sum(rate(mysql_info_schema_innodb_cmp_uncompress_time_seconds_total{instance=~\"$host\"}[$interval])) by (instance) or\nsum(irate(mysql_info_schema_innodb_cmp_uncompress_time_seconds_total{instance=~\"$host\"}[5m])) by (instance)) /\ncount(node_cpu{mode=\"user\", instance=~\"$host\"}) by (instance) * 100",
                    "format": "time_series",
                    "interval": "1h",
                    "intervalFactor": 1,
                    "legendFormat": "{{instance}}",
                    "refId": "B"
                }
            ],
            "thresholds": [],
            "timeFrom": "24h",
            "timeShift": null,
            "title": "CPU Core Usage for Uncompression",
            "tooltip": {
                "shared": true,
                "sort": 0,
                "value_type": "individual"
            },
            "type": "graph",
            "xaxis": {
                "buckets": null,
                "mode": "time",
                "name": null,
                "show": true,
                "values": []
            },
            "yaxes": [
                {
                    "decimals": 0,
                    "format": "percent",
                    "label": null,
                    "logBase": 1,
                    "max": null,
                    "min": null,
                    "show": true
                },
                {
                    "format": "short",
                    "label": null,
                    "logBase": 1,
                    "max": null,
                    "min": null,
                    "show": false
                }
            ],
            "yaxis": {
                "align": false,
                "alignLevel": null
            }
        },
        {
            "collapsed": false,
            "gridPos": {
                "h": 1,
                "w": 24,
                "x": 0,
                "y": 28
            },
            "id": 79,
            "panels": [],
            "repeat": null,
            "title": "Buffer Pool Total",
            "type": "row"
        },
        {
            "aliasColors": {},
            "bars": false,
            "dashLength": 10,
            "dashes": false,
            "datasource": "Prometheus",
            "decimals": 0,
            "fill": 1,
            "gridPos": {
                "h": 7,
                "w": 12,
                "x": 0,
                "y": 29
            },
            "id": 74,
            "legend": {
                "alignAsTable": true,
                "avg": false,
                "current": true,
                "max": true,
                "min": false,
                "rightSide": false,
                "show": true,
                "total": false,
                "values": true
            },
            "lines": true,
            "linewidth": 1,
            "links": [],
            "nullPointMode": "null",
            "percentage": false,
            "pointradius": 5,
            "points": false,
            "renderer": "flot",
            "seriesOverrides": [],
            "spaceLength": 10,
            "stack": false,
            "steppedLine": false,
            "targets": [
                {
                    "expr": "sum by(page_size) (mysql_info_schema_innodb_cmpmem_pages_used_total{instance=\"$host\"})",
                    "format": "time_series",
                    "interval": "$interval",
                    "intervalFactor": 1,
                    "legendFormat": "{{page_size}}",
                    "refId": "A"
                }
            ],
            "thresholds": [],
            "timeFrom": null,
            "timeShift": null,
            "title": "Total Used Pages",
            "tooltip": {
                "shared": true,
                "sort": 0,
                "value_type": "individual"
            },
            "type": "graph",
            "xaxis": {
                "buckets": null,
                "mode": "time",
                "name": null,
                "show": true,
                "values": []
            },
            "yaxes": [
                {
                    "decimals": null,
                    "format": "short",
                    "label": null,
                    "logBase": 1,
                    "max": null,
                    "min": null,
                    "show": true
                },
                {
                    "format": "short",
                    "label": null,
                    "logBase": 1,
                    "max": null,
                    "min": null,
                    "show": false
                }
            ],
            "yaxis": {
                "align": false,
                "alignLevel": null
            }
        },
        {
            "aliasColors": {},
            "bars": false,
            "dashLength": 10,
            "dashes": false,
            "datasource": "Prometheus",
            "decimals": 0,
            "fill": 1,
            "gridPos": {
                "h": 7,
                "w": 12,
                "x": 12,
                "y": 29
            },
            "id": 75,
            "legend": {
                "alignAsTable": true,
                "avg": true,
                "current": false,
                "max": true,
                "min": true,
                "show": true,
                "total": false,
                "values": true
            },
            "lines": true,
            "linewidth": 1,
            "links": [],
            "minSpan": 12,
            "nullPointMode": "null",
            "percentage": false,
            "pointradius": 5,
            "points": false,
            "renderer": "flot",
            "seriesOverrides": [],
            "spaceLength": 10,
            "stack": false,
            "steppedLine": false,
            "targets": [
                {
                    "expr": "sum by(page_size) (mysql_info_schema_innodb_cmpmem_pages_free_total{instance=\"$host\"})",
                    "format": "time_series",
                    "hide": false,
                    "interval": "$interval",
                    "intervalFactor": 1,
                    "legendFormat": "{{page_size}}",
                    "refId": "A"
                }
            ],
            "thresholds": [],
            "timeFrom": null,
            "timeShift": null,
            "title": "Total Free Pages",
            "tooltip": {
                "shared": true,
                "sort": 0,
                "value_type": "individual"
            },
            "type": "graph",
            "xaxis": {
                "buckets": null,
                "mode": "time",
                "name": null,
                "show": true,
                "values": []
            },
            "yaxes": [
                {
                    "decimals": 0,
                    "format": "short",
                    "label": null,
                    "logBase": 1,
                    "max": null,
                    "min": null,
                    "show": true
                },
                {
                    "format": "short",
                    "label": null,
                    "logBase": 1,
                    "max": null,
                    "min": null,
                    "show": false
                }
            ],
            "yaxis": {
                "align": false,
                "alignLevel": null
            }
        },
        {
            "collapsed": true,
            "gridPos": {
                "h": 1,
                "w": 24,
                "x": 0,
                "y": 36
            },
            "id": 80,
            "panels": [
                {
                    "aliasColors": {},
                    "bars": false,
                    "dashLength": 10,
                    "dashes": false,
                    "datasource": "Prometheus",
                    "decimals": 0,
                    "fill": 2,
                    "gridPos": {
                        "h": 7,
                        "w": 12,
                        "x": 0,
                        "y": 37
                    },
                    "id": 60,
                    "legend": {
                        "alignAsTable": true,
                        "avg": true,
                        "current": false,
                        "max": true,
                        "min": true,
                        "show": true,
                        "total": false,
                        "values": true
                    },
                    "lines": true,
                    "linewidth": 2,
                    "links": [],
                    "minSpan": 12,
                    "nullPointMode": "null",
                    "percentage": false,
                    "pointradius": 5,
                    "points": false,
                    "renderer": "flot",
                    "repeat": null,
                    "scopedVars": {
                        "buffer": {
                            "selected": false,
                            "text": "0",
                            "value": "0"
                        }
                    },
                    "seriesOverrides": [],
                    "spaceLength": 10,
                    "stack": false,
                    "steppedLine": false,
                    "targets": [
                        {
                            "expr": "mysql_info_schema_innodb_cmpmem_pages_used_total{instance=\"$host\",buffer=~\"$buffer\"}",
                            "format": "time_series",
                            "interval": "$interval",
                            "intervalFactor": 1,
                            "legendFormat": "{{page_size}}",
                            "refId": "A"
                        }
                    ],
                    "thresholds": [],
                    "timeFrom": null,
                    "timeShift": null,
                    "title": "Used Pages (Buffer Pull $buffer)",
                    "tooltip": {
                        "shared": true,
                        "sort": 0,
                        "value_type": "individual"
                    },
                    "type": "graph",
                    "xaxis": {
                        "buckets": null,
                        "mode": "time",
                        "name": null,
                        "show": true,
                        "values": []
                    },
                    "yaxes": [
                        {
                            "format": "short",
                            "label": null,
                            "logBase": 1,
                            "max": null,
                            "min": null,
                            "show": true
                        },
                        {
                            "format": "short",
                            "label": null,
                            "logBase": 1,
                            "max": null,
                            "min": null,
                            "show": false
                        }
                    ]
                },
                {
                    "aliasColors": {},
                    "bars": false,
                    "dashLength": 10,
                    "dashes": false,
                    "datasource": "Prometheus",
                    "decimals": 0,
                    "fill": 2,
                    "gridPos": {
                        "h": 7,
                        "w": 12,
                        "x": 12,
                        "y": 37
                    },
                    "id": 62,
                    "legend": {
                        "alignAsTable": true,
                        "avg": true,
                        "current": false,
                        "max": true,
                        "min": true,
                        "show": true,
                        "total": false,
                        "values": true
                    },
                    "lines": true,
                    "linewidth": 2,
                    "links": [],
                    "minSpan": 12,
                    "nullPointMode": "null",
                    "percentage": false,
                    "pointradius": 5,
                    "points": false,
                    "renderer": "flot",
                    "scopedVars": {
                        "buffer": {
                            "selected": false,
                            "text": "0",
                            "value": "0"
                        }
                    },
                    "seriesOverrides": [],
                    "spaceLength": 10,
                    "stack": false,
                    "steppedLine": false,
                    "targets": [
                        {
                            "expr": "mysql_info_schema_innodb_cmpmem_pages_free_total{instance=\"$host\",buffer=\"$buffer\"}",
                            "format": "time_series",
                            "interval": "$interval",
                            "intervalFactor": 1,
                            "legendFormat": "{{page_size}}",
                            "refId": "A"
                        }
                    ],
                    "thresholds": [],
                    "timeFrom": null,
                    "timeShift": null,
                    "title": "Pages Free (Buffer Pull $buffer)",
                    "tooltip": {
                        "shared": true,
                        "sort": 0,
                        "value_type": "individual"
                    },
                    "type": "graph",
                    "xaxis": {
                        "buckets": null,
                        "mode": "time",
                        "name": null,
                        "show": true,
                        "values": []
                    },
                    "yaxes": [
                        {
                            "format": "short",
                            "label": null,
                            "logBase": 1,
                            "max": null,
                            "min": null,
                            "show": true
                        },
                        {
                            "format": "short",
                            "label": null,
                            "logBase": 1,
                            "max": null,
                            "min": null,
                            "show": false
                        }
                    ]
                }
            ],
            "repeat": "buffer",
            "title": "Buffer Pool  $buffer",
            "type": "row"
        }
    ],
    "refresh": "5m",
    "schemaVersion": 16,
    "style": "dark",
    "tags": [
        "MySQL",
        "Percona"
    ],
    "templating": {
        "list": [
            {
                "allFormat": "glob",
                "auto": true,
                "auto_count": 200,
                "auto_min": "1s",
                "current": {
                    "text": "auto",
                    "value": "$__auto_interval_interval"
                },
                "datasource": "Prometheus",
                "hide": 0,
                "includeAll": false,
                "label": "Interval",
                "multi": false,
                "multiFormat": "glob",
                "name": "interval",
                "options": [
                    {
                        "selected": true,
                        "text": "auto",
                        "value": "$__auto_interval_interval"
                    },
                    {
                        "selected": false,
                        "text": "1s",
                        "value": "1s"
                    },
                    {
                        "selected": false,
                        "text": "5s",
                        "value": "5s"
                    },
                    {
                        "selected": false,
                        "text": "1m",
                        "value": "1m"
                    },
                    {
                        "selected": false,
                        "text": "5m",
                        "value": "5m"
                    },
                    {
                        "selected": false,
                        "text": "1h",
                        "value": "1h"
                    },
                    {
                        "selected": false,
                        "text": "6h",
                        "value": "6h"
                    },
                    {
                        "selected": false,
                        "text": "1d",
                        "value": "1d"
                    }
                ],
                "query": "1s,5s,1m,5m,1h,6h,1d",
                "refresh": 2,
                "type": "interval"
            },
            {
                "allFormat": "glob",
                "allValue": null,
                "current": {},
                "datasource": "Prometheus",
                "hide": 0,
                "includeAll": false,
                "label": "Host",
                "multi": false,
                "multiFormat": "regex values",
                "name": "host",
                "options": [],
                "query": "label_values(mysql_up, instance)",
                "refresh": 1,
                "refresh_on_load": false,
                "regex": "",
                "sort": 1,
                "tagValuesQuery": null,
                "tags": [],
                "tagsQuery": null,
                "type": "query",
                "useTags": false
            },
            {
                "allValue": "blank = All",
                "current": {},
                "datasource": "Prometheus",
                "hide": 2,
                "includeAll": true,
                "label": null,
                "multi": true,
                "name": "buffer",
                "options": [],
                "query": "label_values(mysql_info_schema_innodb_cmpmem_pages_used_total,buffer)",
                "refresh": 1,
                "regex": "/./",
                "sort": 1,
                "tagValuesQuery": "",
                "tags": [],
                "tagsQuery": "",
                "type": "query",
                "useTags": false
            }
        ]
    },
    "time": {
        "from": "now-12h",
        "to": "now"
    },
    "timepicker": {
        "collapse": false,
        "enable": true,
        "hidden": false,
        "notice": false,
        "now": true,
        "refresh_intervals": [
            "5s",
            "10s",
            "30s",
            "1m",
            "5m",
            "15m",
            "30m",
            "1h",
            "2h",
            "1d"
        ],
        "status": "Stable",
        "time_options": [
            "5m",
            "15m",
            "1h",
            "6h",
            "12h",
            "24h",
            "2d",
            "7d",
            "30d"
        ],
        "type": "timepicker"
    },
    "timezone": "browser",
    "title": "MySQL InnoDB Compression",
    "uid": "CnOxqWGmz",
    "version": 4
}
