{
    "annotations": {
        "list": []
    },
    "editable": false,
    "gnetId": null,
    "graphTooltip": 0,
    "hideControls": true,
    "id": null,
    "links": [
        {
            "icon": "dashboard",
            "includeVars": true,
            "keepTime": true,
            "tags": [
                "QAN"
            ],
            "targetBlank": false,
            "title": "Query Analytics",
            "type": "link",
            "url": "/graph/dashboard/db/_pmm-query-analytics"
        },
        {
            "asDropdown": true,
            "includeVars": true,
            "keepTime": true,
            "tags": [
                "OS"
            ],
            "targetBlank": false,
            "title": "OS",
            "type": "dashboards"
        },
        {
            "asDropdown": true,
            "includeVars": true,
            "keepTime": true,
            "tags": [
                "MySQL"
            ],
            "targetBlank": false,
            "title": "MySQL",
            "type": "dashboards"
        },
        {
            "asDropdown": true,
            "includeVars": true,
            "keepTime": true,
            "tags": [
                "MongoDB"
            ],
            "targetBlank": false,
            "title": "MongoDB",
            "type": "dashboards"
        },
        {
            "asDropdown": true,
            "includeVars": true,
            "keepTime": true,
            "tags": [
                "HA"
            ],
            "targetBlank": false,
            "title": "HA",
            "type": "dashboards"
        },
        {
            "asDropdown": true,
            "includeVars": true,
            "keepTime": true,
            "tags": [
                "Cloud"
            ],
            "targetBlank": false,
            "title": "Cloud",
            "type": "dashboards"
        },
        {
            "asDropdown": true,
            "includeVars": true,
            "keepTime": true,
            "tags": [
                "Insight"
            ],
            "targetBlank": false,
            "title": "Insight",
            "type": "dashboards"
        },
        {
            "asDropdown": true,
            "includeVars": true,
            "keepTime": true,
            "tags": [
                "PMM"
            ],
            "targetBlank": false,
            "title": "PMM",
            "type": "dashboards"
        }
    ],
    "refresh": false,
    "rows": [
        {
            "collapse": false,
            "height": 412,
            "panels": [
                {
                    "id": 1,
                    "links": [],
                    "span": 12,
                    "targets": [
                        {
                            "expr": "",
                            "format": "time_series",
                            "intervalFactor": 2,
                            "refId": "A"
                        }
                    ],
                    "title": "PMM Query Analytics Settings",
                    "type": "pmm-qan-settings-app-panel"
                }
            ],
            "repeat": null,
            "repeatIteration": null,
            "repeatRowId": null,
            "showTitle": false,
            "title": "Dashboard Row",
            "titleSize": "h6"
        }
    ],
    "schemaVersion": 14,
    "style": "dark",
    "tags": [
        "PMM",
        "Percona"
    ],
    "templating": {
        "list": [
            {
                "allValue": null,
                "current": {},
                "datasource": "QAN-API",
                "hide": 0,
                "includeAll": false,
                "label": "Host",
                "multi": false,
                "name": "host",
                "options": [],
                "query": "SELECT `name` FROM `pmm`.`instances` WHERE `subsystem_id` IN (3, 4) AND (`deleted` IS NULL OR `deleted` = '1970-01-01 00:00:01');",
                "refresh": 1,
                "regex": "",
                "sort": 1,
                "tagValuesQuery": "",
                "tags": [],
                "tagsQuery": "",
                "type": "query",
                "useTags": false
            }
        ]
    },
    "time": {
        "from": "now-12h",
        "to": "now"
    },
    "timepicker": {
        "hidden": true,
        "refresh_intervals": [
            "5s",
            "10s",
            "30s",
            "1m",
            "5m",
            "15m",
            "30m",
            "1h",
            "2h",
            "1d"
        ],
        "time_options": [
            "5m",
            "15m",
            "1h",
            "6h",
            "12h",
            "24h",
            "2d",
            "7d",
            "30d"
        ]
    },
    "timezone": "browser",
    "title": "_PMM Query Analytics Settings",
    "version": 2
}
