{
    "annotations": {
        "list": [
            {
                "builtIn": 1,
                "datasource": "-- Grafana --",
                "enable": true,
                "hide": false,
                "iconColor": "#e0752d",
                "limit": 100,
                "name": "PMM Annotations",
                "showIn": 0,
                "tags": [
                    "pmm_annotation"
                ],
                "type": "tags"
            }
        ]
    },
    "editable": true,
    "gnetId": null,
    "graphTooltip": 1,
    "id": null,
    "iteration": 1529322546825,
    "links": [
        {
            "icon": "dashboard",
            "includeVars": true,
            "keepTime": true,
            "tags": [
                "QAN"
            ],
            "targetBlank": false,
            "title": "Query Analytics",
            "type": "link",
            "url": "/graph/dashboard/db/_pmm-query-analytics"
        },
        {
            "asDropdown": true,
            "includeVars": true,
            "keepTime": true,
            "tags": [
                "OS"
            ],
            "targetBlank": false,
            "title": "OS",
            "type": "dashboards"
        },
        {
            "asDropdown": true,
            "includeVars": true,
            "keepTime": true,
            "tags": [
                "MySQL"
            ],
            "targetBlank": false,
            "title": "MySQL",
            "type": "dashboards"
        },
        {
            "asDropdown": true,
            "includeVars": true,
            "keepTime": true,
            "tags": [
                "MongoDB"
            ],
            "targetBlank": false,
            "title": "MongoDB",
            "type": "dashboards"
        },
        {
            "asDropdown": true,
            "includeVars": true,
            "keepTime": true,
            "tags": [
                "HA"
            ],
            "targetBlank": false,
            "title": "HA",
            "type": "dashboards"
        },
        {
            "asDropdown": true,
            "includeVars": true,
            "keepTime": true,
            "tags": [
                "Cloud"
            ],
            "targetBlank": false,
            "title": "Cloud",
            "type": "dashboards"
        },
        {
            "asDropdown": true,
            "includeVars": true,
            "keepTime": true,
            "tags": [
                "Insight"
            ],
            "targetBlank": false,
            "title": "Insight",
            "type": "dashboards"
        },
        {
            "asDropdown": true,
            "includeVars": true,
            "keepTime": true,
            "tags": [
                "PMM"
            ],
            "targetBlank": false,
            "title": "PMM",
            "type": "dashboards"
        }
    ],
    "panels": [
        {
            "collapsed": false,
            "gridPos": {
                "h": 1,
                "w": 24,
                "x": 0,
                "y": 0
            },
            "id": 2217,
            "panels": [],
            "repeat": null,
            "title": "Prometheus Exporters Summary",
            "type": "row"
        },
        {
            "cacheTimeout": null,
            "colorBackground": false,
            "colorValue": true,
            "colors": [
                "rgba(50, 172, 45, 0.97)",
                "rgba(237, 129, 40, 0.89)",
                "rgba(245, 54, 54, 0.9)"
            ],
            "datasource": "Prometheus",
            "decimals": 1,
            "editable": true,
            "error": false,
            "format": "percent",
            "gauge": {
                "maxValue": 100,
                "minValue": 0,
                "show": false,
                "thresholdLabels": false,
                "thresholdMarkers": true
            },
            "gridPos": {
                "h": 4,
                "w": 6,
                "x": 0,
                "y": 1
            },
            "height": "125px",
            "id": 1019,
            "interval": "$interval",
            "links": [],
            "mappingType": 1,
            "mappingTypes": [
                {
                    "name": "value to text",
                    "value": 1
                },
                {
                    "name": "range to text",
                    "value": 2
                }
            ],
            "maxDataPoints": 100,
            "nullPointMode": "connected",
            "nullText": null,
            "postfix": "",
            "postfixFontSize": "80%",
            "prefix": "",
            "prefixFontSize": "80%",
            "rangeMaps": [
                {
                    "from": "null",
                    "text": "N/A",
                    "to": "null"
                }
            ],
            "sparkline": {
                "fillColor": "rgba(31, 118, 189, 0.18)",
                "full": false,
                "lineColor": "rgb(31, 120, 193)",
                "show": true
            },
            "tableColumn": "",
            "targets": [
                {
                    "calculatedInterval": "10m",
                    "datasourceErrors": {},
                    "errors": {},
                    "expr": "avg((sum(rate(process_cpu_seconds_total{job!=\"prometheus\",job!=\"grafana\",instance=~\"$host\"}[$interval])) by (instance) or sum(irate(process_cpu_seconds_total{job!=\"prometheus\",instance=~\"$host\"}[5m])) by (instance)) / count(node_cpu{mode=\"user\",instance=~\"$host\"}) by (instance)) by ()*100",
                    "format": "time_series",
                    "interval": "$interval",
                    "intervalFactor": 1,
                    "legendFormat": "",
                    "metric": "",
                    "refId": "A",
                    "step": 300
                }
            ],
            "thresholds": "5,10",
            "title": "Avg CPU Usage per Host",
            "transparent": false,
            "type": "singlestat",
            "valueFontSize": "80%",
            "valueMaps": [],
            "valueName": "current"
        },
        {
            "cacheTimeout": null,
            "colorBackground": false,
            "colorValue": true,
            "colors": [
                "rgba(50, 172, 45, 0.97)",
                "rgba(237, 129, 40, 0.89)",
                "rgba(245, 54, 54, 0.9)"
            ],
            "datasource": "Prometheus",
            "decimals": 0,
            "editable": true,
            "error": false,
            "format": "decbytes",
            "gauge": {
                "maxValue": 100,
                "minValue": 0,
                "show": false,
                "thresholdLabels": false,
                "thresholdMarkers": true
            },
            "gridPos": {
                "h": 4,
                "w": 6,
                "x": 6,
                "y": 1
            },
            "height": "125px",
            "id": 1020,
            "interval": "$interval",
            "links": [],
            "mappingType": 1,
            "mappingTypes": [
                {
                    "name": "value to text",
                    "value": 1
                },
                {
                    "name": "range to text",
                    "value": 2
                }
            ],
            "maxDataPoints": 100,
            "nullPointMode": "connected",
            "nullText": null,
            "postfix": "",
            "postfixFontSize": "50%",
            "prefix": "",
            "prefixFontSize": "80%",
            "rangeMaps": [
                {
                    "from": "null",
                    "text": "N/A",
                    "to": "null"
                }
            ],
            "sparkline": {
                "fillColor": "rgba(31, 118, 189, 0.18)",
                "full": false,
                "lineColor": "rgb(31, 120, 193)",
                "show": true
            },
            "tableColumn": "",
            "targets": [
                {
                    "calculatedInterval": "10m",
                    "datasourceErrors": {},
                    "errors": {},
                    "expr": "avg(sum(process_resident_memory_bytes{job!=\"prometheus\",job!=\"grafana\",instance=~\"$host\"}) by (instance))",
                    "format": "time_series",
                    "interval": "$interval",
                    "intervalFactor": 1,
                    "legendFormat": "",
                    "metric": "node_mem",
                    "refId": "A",
                    "step": 300
                }
            ],
            "thresholds": "50000000,100000000",
            "title": "Avg Memory Usage per Host",
            "transparent": false,
            "type": "singlestat",
            "valueFontSize": "80%",
            "valueMaps": [],
            "valueName": "current"
        },
        {
            "cacheTimeout": null,
            "colorBackground": false,
            "colorValue": true,
            "colors": [
                "rgba(50, 172, 45, 0.97)",
                "rgba(237, 129, 40, 0.89)",
                "rgba(245, 54, 54, 0.9)"
            ],
            "datasource": "Prometheus",
            "decimals": 0,
            "editable": true,
            "error": false,
            "format": "short",
            "gauge": {
                "maxValue": 100,
                "minValue": 0,
                "show": false,
                "thresholdLabels": false,
                "thresholdMarkers": true
            },
            "gridPos": {
                "h": 4,
                "w": 6,
                "x": 12,
                "y": 1
            },
            "height": "125px",
            "id": 1611,
            "interval": "$interval",
            "links": [],
            "mappingType": 1,
            "mappingTypes": [
                {
                    "name": "value to text",
                    "value": 1
                },
                {
                    "name": "range to text",
                    "value": 2
                }
            ],
            "maxDataPoints": 100,
            "nullPointMode": "connected",
            "nullText": null,
            "postfix": "",
            "postfixFontSize": "50%",
            "prefix": "",
            "prefixFontSize": "80%",
            "rangeMaps": [
                {
                    "from": "null",
                    "text": "N/A",
                    "to": "null"
                }
            ],
            "sparkline": {
                "fillColor": "rgba(31, 118, 189, 0.18)",
                "full": false,
                "lineColor": "rgb(31, 120, 193)",
                "show": true
            },
            "tableColumn": "",
            "targets": [
                {
                    "calculatedInterval": "10m",
                    "datasourceErrors": {},
                    "errors": {},
                    "expr": "count(count(process_open_fds{job!=\"prometheus\",job!=\"grafana\",instance=~\"$host\"}) by (instance))",
                    "format": "time_series",
                    "interval": "$interval",
                    "intervalFactor": 1,
                    "legendFormat": "",
                    "metric": "node_mem",
                    "refId": "A",
                    "step": 300
                }
            ],
            "thresholds": "512,800",
            "title": "Monitored Hosts",
            "transparent": false,
            "type": "singlestat",
            "valueFontSize": "80%",
            "valueMaps": [],
            "valueName": "current"
        },
        {
            "cacheTimeout": null,
            "colorBackground": false,
            "colorValue": true,
            "colors": [
                "rgba(50, 172, 45, 0.97)",
                "rgba(237, 129, 40, 0.89)",
                "rgba(245, 54, 54, 0.9)"
            ],
            "datasource": "Prometheus",
            "decimals": 0,
            "editable": true,
            "error": false,
            "format": "short",
            "gauge": {
                "maxValue": 100,
                "minValue": 0,
                "show": false,
                "thresholdLabels": false,
                "thresholdMarkers": true
            },
            "gridPos": {
                "h": 4,
                "w": 6,
                "x": 18,
                "y": 1
            },
            "height": "125px",
            "id": 1612,
            "interval": "$interval",
            "links": [],
            "mappingType": 1,
            "mappingTypes": [
                {
                    "name": "value to text",
                    "value": 1
                },
                {
                    "name": "range to text",
                    "value": 2
                }
            ],
            "maxDataPoints": 100,
            "nullPointMode": "connected",
            "nullText": null,
            "postfix": "",
            "postfixFontSize": "50%",
            "prefix": "",
            "prefixFontSize": "80%",
            "rangeMaps": [
                {
                    "from": "null",
                    "text": "N/A",
                    "to": "null"
                }
            ],
            "sparkline": {
                "fillColor": "rgba(31, 118, 189, 0.18)",
                "full": false,
                "lineColor": "rgb(31, 120, 193)",
                "show": true
            },
            "tableColumn": "",
            "targets": [
                {
                    "calculatedInterval": "10m",
                    "datasourceErrors": {},
                    "errors": {},
                    "expr": "count(process_open_fds{job!=\"prometheus\",job!=\"grafana\",instance=~\"$host\"}) ",
                    "format": "time_series",
                    "interval": "$interval",
                    "intervalFactor": 1,
                    "legendFormat": "",
                    "metric": "node_mem",
                    "refId": "A",
                    "step": 300
                }
            ],
            "thresholds": "512,800",
            "title": "Exporters Running",
            "transparent": false,
            "type": "singlestat",
            "valueFontSize": "80%",
            "valueMaps": [],
            "valueName": "current"
        },
        {
            "collapsed": false,
            "gridPos": {
                "h": 1,
                "w": 24,
                "x": 0,
                "y": 5
            },
            "id": 2218,
            "panels": [],
            "repeat": null,
            "title": "Prometheus Exporters Resource Usage by Host",
            "type": "row"
        },
        {
            "aliasColors": {},
            "bars": false,
            "dashLength": 10,
            "dashes": false,
            "datasource": "Prometheus",
            "decimals": 2,
            "fill": 1,
            "gridPos": {
                "h": 8,
                "w": 12,
                "x": 0,
                "y": 6
            },
            "id": 1613,
            "legend": {
                "alignAsTable": true,
                "avg": true,
                "current": false,
                "max": true,
                "min": true,
                "show": true,
                "sort": "avg",
                "sortDesc": true,
                "total": false,
                "values": true
            },
            "lines": true,
            "linewidth": 1,
            "links": [],
            "nullPointMode": "null",
            "percentage": false,
            "pointradius": 5,
            "points": false,
            "renderer": "flot",
            "seriesOverrides": [],
            "spaceLength": 10,
            "stack": false,
            "steppedLine": false,
            "targets": [
                {
                    "expr": "(sum(rate(process_cpu_seconds_total{instance=~\"$host\",job!=\"prometheus\",job!=\"grafana\"}[$interval])) by (instance) or sum(irate(process_cpu_seconds_total{instance=~\"$host\",job!=\"prometheus\",job!=\"grafana\"}[5m])) by (instance)) / count(node_cpu{mode=\"user\", instance=~\"$host\"}) by (instance) *100",
                    "format": "time_series",
                    "interval": "$interval",
                    "intervalFactor": 1,
                    "legendFormat": "{{instance}}",
                    "refId": "A"
                }
            ],
            "thresholds": [],
            "timeFrom": null,
            "timeShift": null,
            "title": "CPU Usage",
            "tooltip": {
                "shared": true,
                "sort": 0,
                "value_type": "individual"
            },
            "type": "graph",
            "xaxis": {
                "buckets": null,
                "mode": "time",
                "name": null,
                "show": true,
                "values": []
            },
            "yaxes": [
                {
                    "decimals": null,
                    "format": "percent",
                    "label": null,
                    "logBase": 1,
                    "max": null,
                    "min": "0",
                    "show": true
                },
                {
                    "format": "short",
                    "label": null,
                    "logBase": 1,
                    "max": null,
                    "min": null,
                    "show": false
                }
            ],
            "yaxis": {
                "align": false,
                "alignLevel": null
            }
        },
        {
            "aliasColors": {},
            "bars": false,
            "dashLength": 10,
            "dashes": false,
            "datasource": "Prometheus",
            "decimals": 2,
            "fill": 1,
            "gridPos": {
                "h": 8,
                "w": 12,
                "x": 12,
                "y": 6
            },
            "id": 1914,
            "legend": {
                "alignAsTable": true,
                "avg": true,
                "current": false,
                "max": true,
                "min": true,
                "show": true,
                "sort": "avg",
                "sortDesc": true,
                "total": false,
                "values": true
            },
            "lines": true,
            "linewidth": 1,
            "links": [],
            "nullPointMode": "null",
            "percentage": false,
            "pointradius": 5,
            "points": false,
            "renderer": "flot",
            "seriesOverrides": [],
            "spaceLength": 10,
            "stack": false,
            "steppedLine": false,
            "targets": [
                {
                    "expr": "sum(process_resident_memory_bytes{instance=~\"$host\",job!=\"prometheus\",job!=\"grafana\"}) by (instance)",
                    "format": "time_series",
                    "interval": "$interval",
                    "intervalFactor": 1,
                    "legendFormat": "{{instance}}",
                    "refId": "A"
                }
            ],
            "thresholds": [],
            "timeFrom": null,
            "timeShift": null,
            "title": "Memory Usage",
            "tooltip": {
                "shared": true,
                "sort": 0,
                "value_type": "individual"
            },
            "type": "graph",
            "xaxis": {
                "buckets": null,
                "mode": "time",
                "name": null,
                "show": true,
                "values": []
            },
            "yaxes": [
                {
                    "decimals": null,
                    "format": "decbytes",
                    "label": null,
                    "logBase": 1,
                    "max": null,
                    "min": "0",
                    "show": true
                },
                {
                    "format": "short",
                    "label": null,
                    "logBase": 1,
                    "max": null,
                    "min": null,
                    "show": false
                }
            ],
            "yaxis": {
                "align": false,
                "alignLevel": null
            }
        },
        {
            "collapsed": false,
            "gridPos": {
                "h": 1,
                "w": 24,
                "x": 0,
                "y": 14
            },
            "id": 2219,
            "panels": [],
            "repeat": null,
            "title": "Prometheus Resource usage by Type",
            "type": "row"
        },
        {
            "aliasColors": {},
            "bars": false,
            "dashLength": 10,
            "dashes": false,
            "datasource": "Prometheus",
            "decimals": 2,
            "fill": 1,
            "gridPos": {
                "h": 9,
                "w": 12,
                "x": 0,
                "y": 15
            },
            "id": 1915,
            "legend": {
                "alignAsTable": true,
                "avg": true,
                "current": false,
                "max": true,
                "min": true,
                "show": true,
                "sort": "avg",
                "sortDesc": true,
                "total": false,
                "values": true
            },
            "lines": true,
            "linewidth": 1,
            "links": [],
            "nullPointMode": "null",
            "percentage": false,
            "pointradius": 5,
            "points": false,
            "renderer": "flot",
            "seriesOverrides": [],
            "spaceLength": 10,
            "stack": false,
            "steppedLine": false,
            "targets": [
                {
                    "expr": "(avg(rate(process_cpu_seconds_total{instance=~\"$host\",job!=\"prometheus\",job!=\"grafana\"}[$interval])) by (job) or avg(irate(process_cpu_seconds_total{instance=~\"$host\",job!=\"prometheus\",job!=\"grafana\"}[5m])) by (job))",
                    "format": "time_series",
                    "interval": "$interval",
                    "intervalFactor": 1,
                    "legendFormat": "{{job}}",
                    "refId": "A"
                }
            ],
            "thresholds": [],
            "timeFrom": null,
            "timeShift": null,
            "title": "CPU Cores Used",
            "tooltip": {
                "shared": true,
                "sort": 0,
                "value_type": "individual"
            },
            "type": "graph",
            "xaxis": {
                "buckets": null,
                "mode": "time",
                "name": null,
                "show": true,
                "values": []
            },
            "yaxes": [
                {
                    "decimals": null,
                    "format": "short",
                    "label": null,
                    "logBase": 1,
                    "max": null,
                    "min": "0",
                    "show": true
                },
                {
                    "format": "short",
                    "label": null,
                    "logBase": 1,
                    "max": null,
                    "min": null,
                    "show": false
                }
            ],
            "yaxis": {
                "align": false,
                "alignLevel": null
            }
        },
        {
            "aliasColors": {},
            "bars": false,
            "dashLength": 10,
            "dashes": false,
            "datasource": "Prometheus",
            "decimals": 2,
            "fill": 1,
            "gridPos": {
                "h": 9,
                "w": 12,
                "x": 12,
                "y": 15
            },
            "id": 2216,
            "legend": {
                "alignAsTable": true,
                "avg": true,
                "current": false,
                "max": true,
                "min": true,
                "show": true,
                "sort": "avg",
                "sortDesc": true,
                "total": false,
                "values": true
            },
            "lines": true,
            "linewidth": 1,
            "links": [],
            "nullPointMode": "null",
            "percentage": false,
            "pointradius": 5,
            "points": false,
            "renderer": "flot",
            "seriesOverrides": [],
            "spaceLength": 10,
            "stack": false,
            "steppedLine": false,
            "targets": [
                {
                    "expr": "avg(process_resident_memory_bytes{instance=~\"$host\",job!=\"prometheus\",job!=\"grafana\"}) by (job)",
                    "format": "time_series",
                    "interval": "$interval",
                    "intervalFactor": 1,
                    "legendFormat": "{{job}}",
                    "refId": "A"
                }
            ],
            "thresholds": [],
            "timeFrom": null,
            "timeShift": null,
            "title": "Memory Usage",
            "tooltip": {
                "shared": true,
                "sort": 0,
                "value_type": "individual"
            },
            "type": "graph",
            "xaxis": {
                "buckets": null,
                "mode": "time",
                "name": null,
                "show": true,
                "values": []
            },
            "yaxes": [
                {
                    "decimals": null,
                    "format": "decbytes",
                    "label": null,
                    "logBase": 1,
                    "max": null,
                    "min": "0",
                    "show": true
                },
                {
                    "format": "short",
                    "label": null,
                    "logBase": 1,
                    "max": null,
                    "min": null,
                    "show": false
                }
            ],
            "yaxis": {
                "align": false,
                "alignLevel": null
            }
        },
        {
            "collapsed": false,
            "gridPos": {
                "h": 1,
                "w": 24,
                "x": 0,
                "y": 24
            },
            "id": 2220,
            "panels": [],
            "repeat": "host",
            "title": "Widgets",
            "type": "row"
        },
        {
            "content": "$host",
            "gridPos": {
                "h": 3,
                "w": 4,
                "x": 0,
                "y": 25
            },
            "height": "95",
            "id": 162,
            "links": [
                {
                    "dashUri": "db/system-overview",
                    "dashboard": "System Overview",
                    "includeVars": true,
                    "keepTime": true,
                    "targetBlank": true,
                    "title": "System Overview",
                    "type": "dashboard"
                }
            ],
            "mode": "markdown",
            "title": "Host",
            "type": "text"
        },
        {
            "cacheTimeout": null,
            "colorBackground": false,
            "colorValue": true,
            "colors": [
                "rgba(50, 172, 45, 0.97)",
                "rgba(237, 129, 40, 0.89)",
                "rgba(245, 54, 54, 0.9)"
            ],
            "datasource": "Prometheus",
            "decimals": null,
            "editable": true,
            "error": false,
            "format": "percent",
            "gauge": {
                "maxValue": 100,
                "minValue": 0,
                "show": false,
                "thresholdLabels": false,
                "thresholdMarkers": true
            },
            "gridPos": {
                "h": 3,
                "w": 4,
                "x": 4,
                "y": 25
            },
            "height": "50",
            "id": 163,
            "interval": "$interval",
            "links": [
                {
                    "dashUri": "db/prometheus-exporter-status",
                    "dashboard": "Prometheus Exporter Status",
                    "includeVars": true,
                    "keepTime": true,
                    "targetBlank": true,
                    "title": "Prometheus Exporter Status",
                    "type": "dashboard"
                }
            ],
            "mappingType": 1,
            "mappingTypes": [
                {
                    "name": "value to text",
                    "value": 1
                },
                {
                    "name": "range to text",
                    "value": 2
                }
            ],
            "maxDataPoints": 100,
            "nullPointMode": "connected",
            "nullText": null,
            "postfix": "",
            "postfixFontSize": "80%",
            "prefix": "",
            "prefixFontSize": "80%",
            "rangeMaps": [
                {
                    "from": "null",
                    "text": "N/A",
                    "to": "null"
                }
            ],
            "sparkline": {
                "fillColor": "rgba(31, 118, 189, 0.18)",
                "full": true,
                "lineColor": "rgb(31, 120, 193)",
                "show": true
            },
            "tableColumn": "",
            "targets": [
                {
                    "calculatedInterval": "10m",
                    "datasourceErrors": {},
                    "errors": {},
                    "expr": "((sum(rate(process_cpu_seconds_total{instance=\"$host\",job!=\"prometheus\",job!=\"grafana\"}[$interval])) by (instance) \nor sum(irate(process_cpu_seconds_total{instance=\"$host\",job!=\"prometheus\",job!=\"grafana\"}[5m])) by (instance)) \n/ count(node_cpu{instance=\"$host\",mode=\"user\"}) by (instance)*100) or \nsum by () ((max_over_time(node_cpu_average{instance=~\"$host\", mode=\"total\"}[$interval]) or max_over_time(node_cpu_average{instance=~\"$host\", mode=\"total\"}[5m])))",
                    "format": "time_series",
                    "interval": "$interval",
                    "intervalFactor": 1,
                    "legendFormat": "",
                    "metric": "node_mem",
                    "refId": "A",
                    "step": 300
                }
            ],
            "thresholds": "5,10",
            "title": "CPU  Used",
            "transparent": false,
            "type": "singlestat",
            "valueFontSize": "80%",
            "valueMaps": [],
            "valueName": "current"
        },
        {
            "cacheTimeout": null,
            "colorBackground": false,
            "colorValue": true,
            "colors": [
                "rgba(50, 172, 45, 0.97)",
                "rgba(237, 129, 40, 0.89)",
                "rgba(245, 54, 54, 0.9)"
            ],
            "datasource": "Prometheus",
            "decimals": 0,
            "editable": true,
            "error": false,
            "format": "decbytes",
            "gauge": {
                "maxValue": 100,
                "minValue": 0,
                "show": false,
                "thresholdLabels": false,
                "thresholdMarkers": true
            },
            "gridPos": {
                "h": 3,
                "w": 4,
                "x": 8,
                "y": 25
            },
            "height": "50",
            "id": 9,
            "interval": "$interval",
            "links": [
                {
                    "dashUri": "db/prometheus-exporter-status",
                    "dashboard": "Prometheus Exporter Status",
                    "includeVars": true,
                    "keepTime": true,
                    "targetBlank": true,
                    "title": "Prometheus Exporter Status",
                    "type": "dashboard"
                }
            ],
            "mappingType": 1,
            "mappingTypes": [
                {
                    "name": "value to text",
                    "value": 1
                },
                {
                    "name": "range to text",
                    "value": 2
                }
            ],
            "maxDataPoints": 100,
            "nullPointMode": "connected",
            "nullText": null,
            "postfix": "",
            "postfixFontSize": "50%",
            "prefix": "",
            "prefixFontSize": "50%",
            "rangeMaps": [
                {
                    "from": "null",
                    "text": "N/A",
                    "to": "null"
                }
            ],
            "sparkline": {
                "fillColor": "rgba(31, 118, 189, 0.18)",
                "full": false,
                "lineColor": "rgb(31, 120, 193)",
                "show": true
            },
            "tableColumn": "",
            "targets": [
                {
                    "calculatedInterval": "10m",
                    "datasourceErrors": {},
                    "errors": {},
                    "expr": "sum(process_resident_memory_bytes{instance=\"$host\",job!=\"prometheus\",job!=\"grafana\"}) by (instance)",
                    "format": "time_series",
                    "interval": "$interval",
                    "intervalFactor": 1,
                    "legendFormat": "",
                    "metric": "node_mem",
                    "refId": "A",
                    "step": 300
                }
            ],
            "thresholds": "50000000,100000000",
            "title": "Mem Used",
            "transparent": false,
            "type": "singlestat",
            "valueFontSize": "50%",
            "valueMaps": [],
            "valueName": "current"
        },
        {
            "cacheTimeout": null,
            "colorBackground": false,
            "colorValue": true,
            "colors": [
                "rgba(50, 172, 45, 0.97)",
                "rgba(237, 129, 40, 0.89)",
                "rgba(245, 54, 54, 0.9)"
            ],
            "datasource": "Prometheus",
            "decimals": 0,
            "editable": true,
            "error": false,
            "format": "short",
            "gauge": {
                "maxValue": 100,
                "minValue": 0,
                "show": false,
                "thresholdLabels": false,
                "thresholdMarkers": true
            },
            "gridPos": {
                "h": 3,
                "w": 4,
                "x": 12,
                "y": 25
            },
            "height": "50",
            "id": 314,
            "interval": "$interval",
            "links": [
                {
                    "dashUri": "db/prometheus-exporter-status",
                    "dashboard": "Prometheus Exporter Status",
                    "includeVars": true,
                    "keepTime": true,
                    "targetBlank": true,
                    "title": "Prometheus Exporter Status",
                    "type": "dashboard"
                }
            ],
            "mappingType": 1,
            "mappingTypes": [
                {
                    "name": "value to text",
                    "value": 1
                },
                {
                    "name": "range to text",
                    "value": 2
                }
            ],
            "maxDataPoints": 100,
            "nullPointMode": "connected",
            "nullText": null,
            "postfix": "",
            "postfixFontSize": "50%",
            "prefix": "",
            "prefixFontSize": "80%",
            "rangeMaps": [
                {
                    "from": "null",
                    "text": "N/A",
                    "to": "null"
                }
            ],
            "sparkline": {
                "fillColor": "rgba(31, 118, 189, 0.18)",
                "full": false,
                "lineColor": "rgb(31, 120, 193)",
                "show": true
            },
            "tableColumn": "",
            "targets": [
                {
                    "calculatedInterval": "10m",
                    "datasourceErrors": {},
                    "errors": {},
                    "expr": "count(process_open_fds{instance=\"$host\",job!=\"prometheus\",job!=\"grafana\"}) ",
                    "format": "time_series",
                    "interval": "$interval",
                    "intervalFactor": 1,
                    "legendFormat": "",
                    "metric": "node_mem",
                    "refId": "A",
                    "step": 300
                }
            ],
            "thresholds": "512,800",
            "title": "Exporters Running",
            "transparent": false,
            "type": "singlestat",
            "valueFontSize": "80%",
            "valueMaps": [],
            "valueName": "current"
        },
        {
            "cacheTimeout": null,
            "colorBackground": false,
            "colorValue": false,
            "colors": [
                "rgba(245, 54, 54, 0.9)",
                "rgba(237, 129, 40, 0.89)",
                "rgba(50, 172, 45, 0.97)"
            ],
            "datasource": "Prometheus",
            "decimals": 2,
            "editable": true,
            "error": false,
            "format": "bytes",
            "gauge": {
                "maxValue": 100,
                "minValue": 0,
                "show": false,
                "thresholdLabels": false,
                "thresholdMarkers": true
            },
            "gridPos": {
                "h": 3,
                "w": 4,
                "x": 16,
                "y": 25
            },
            "height": "50",
            "id": 26,
            "interval": "$interval",
            "links": [],
            "mappingType": 1,
            "mappingTypes": [
                {
                    "name": "value to text",
                    "value": 1
                },
                {
                    "name": "range to text",
                    "value": 2
                }
            ],
            "maxDataPoints": 100,
            "nullPointMode": "connected",
            "nullText": null,
            "postfix": "",
            "postfixFontSize": "20%",
            "prefix": "",
            "prefixFontSize": "20%",
            "rangeMaps": [
                {
                    "from": "null",
                    "text": "N/A",
                    "to": "null"
                }
            ],
            "sparkline": {
                "fillColor": "rgba(31, 118, 189, 0.18)",
                "full": false,
                "lineColor": "rgb(31, 120, 193)",
                "show": false
            },
            "tableColumn": "",
            "targets": [
                {
                    "expr": "node_memory_MemTotal{instance=\"$host\"}",
                    "format": "time_series",
                    "interval": "$interval",
                    "intervalFactor": 1,
                    "refId": "A",
                    "step": 300
                }
            ],
            "thresholds": "",
            "title": "RAM",
            "type": "singlestat",
            "valueFontSize": "30%",
            "valueMaps": [
                {
                    "op": "=",
                    "text": "N/A",
                    "value": "null"
                }
            ],
            "valueName": "current"
        },
        {
            "cacheTimeout": null,
            "colorBackground": false,
            "colorValue": false,
            "colors": [
                "rgba(245, 54, 54, 0.9)",
                "rgba(237, 129, 40, 0.89)",
                "rgba(50, 172, 45, 0.97)"
            ],
            "datasource": "Prometheus",
            "editable": true,
            "error": false,
            "format": "none",
            "gauge": {
                "maxValue": 100,
                "minValue": 0,
                "show": false,
                "thresholdLabels": false,
                "thresholdMarkers": true
            },
            "gridPos": {
                "h": 3,
                "w": 4,
                "x": 20,
                "y": 25
            },
            "height": "50",
            "id": 25,
            "interval": "$interval",
            "links": [],
            "mappingType": 1,
            "mappingTypes": [
                {
                    "name": "value to text",
                    "value": 1
                },
                {
                    "name": "range to text",
                    "value": 2
                }
            ],
            "maxDataPoints": 100,
            "nullPointMode": "connected",
            "nullText": null,
            "postfix": "",
            "postfixFontSize": "50%",
            "prefix": "",
            "prefixFontSize": "50%",
            "rangeMaps": [
                {
                    "from": "null",
                    "text": "N/A",
                    "to": "null"
                }
            ],
            "sparkline": {
                "fillColor": "rgba(31, 118, 189, 0.18)",
                "full": false,
                "lineColor": "rgb(31, 120, 193)",
                "show": false
            },
            "tableColumn": "",
            "targets": [
                {
                    "expr": "count(node_cpu{mode=\"user\", instance=\"$host\"}) or count(rdsosmetrics_General_numVCPUs)",
                    "format": "time_series",
                    "instant": true,
                    "interval": "$interval",
                    "intervalFactor": 1,
                    "refId": "A",
                    "step": 300
                }
            ],
            "thresholds": "",
            "title": "Virtual CPUs",
            "transparent": false,
            "type": "singlestat",
            "valueFontSize": "50%",
            "valueMaps": [
                {
                    "op": "=",
                    "text": "N/A",
                    "value": "null"
                }
            ],
            "valueName": "current"
        }
    ],
    "refresh": "1m",
    "schemaVersion": 16,
    "style": "dark",
    "tags": [
        "Percona",
        "Insight"
    ],
    "templating": {
        "list": [
            {
                "allFormat": "glob",
                "auto": true,
                "auto_count": 200,
                "auto_min": "1s",
                "current": {
                    "text": "auto",
                    "value": "$__auto_interval_interval"
                },
                "datasource": "Prometheus",
                "hide": 0,
                "includeAll": false,
                "label": "Interval",
                "multi": false,
                "multiFormat": "glob",
                "name": "interval",
                "options": [
                    {
                        "selected": true,
                        "text": "auto",
                        "value": "$__auto_interval_interval"
                    },
                    {
                        "selected": false,
                        "text": "1s",
                        "value": "1s"
                    },
                    {
                        "selected": false,
                        "text": "5s",
                        "value": "5s"
                    },
                    {
                        "selected": false,
                        "text": "1m",
                        "value": "1m"
                    },
                    {
                        "selected": false,
                        "text": "5m",
                        "value": "5m"
                    },
                    {
                        "selected": false,
                        "text": "1h",
                        "value": "1h"
                    },
                    {
                        "selected": false,
                        "text": "6h",
                        "value": "6h"
                    },
                    {
                        "selected": false,
                        "text": "1d",
                        "value": "1d"
                    }
                ],
                "query": "1s,5s,1m,5m,1h,6h,1d",
                "refresh": 2,
                "type": "interval"
            },
            {
                "allFormat": "glob",
                "allValue": null,
                "current": {},
                "datasource": "Prometheus",
                "hide": 0,
                "includeAll": true,
                "label": "Host",
                "multi": true,
                "multiFormat": "regex values",
                "name": "host",
                "options": [],
                "query": "label_values({__name__=~\"node_load1|process_start_time_seconds\"}, instance)",
                "refresh": 1,
                "refresh_on_load": false,
                "regex": "",
                "sort": 1,
                "tagValuesQuery": "instance",
                "tags": [],
                "tagsQuery": "up",
                "type": "query",
                "useTags": false
            }
        ]
    },
    "time": {
        "from": "now-12h",
        "to": "now"
    },
    "timepicker": {
        "collapse": false,
        "enable": true,
        "hidden": false,
        "notice": false,
        "now": true,
        "refresh_intervals": [
            "5s",
            "10s",
            "30s",
            "1m",
            "5m",
            "15m",
            "30m",
            "1h",
            "2h",
            "1d"
        ],
        "status": "Stable",
        "time_options": [
            "5m",
            "15m",
            "1h",
            "6h",
            "12h",
            "24h",
            "2d",
            "7d",
            "30d"
        ],
        "type": "timepicker"
    },
    "timezone": "browser",
    "title": "Prometheus Exporters Overview",
    "uid": "gfz9QMHiz",
    "version": 1
}
