{
    "annotations": {
        "list": [
            {
                "builtIn": 1,
                "datasource": "-- Grafana --",
                "enable": true,
                "hide": false,
                "iconColor": "#e0752d",
                "limit": 100,
                "name": "PMM Annotations",
                "showIn": 0,
                "tags": [
                    "pmm_annotation"
                ],
                "type": "tags"
            }
        ]
    },
    "editable": true,
    "gnetId": null,
    "graphTooltip": 1,
    "id": null,
    "iteration": 1529322588637,
    "links": [
        {
            "icon": "dashboard",
            "includeVars": true,
            "keepTime": true,
            "tags": [
                "QAN"
            ],
            "targetBlank": false,
            "title": "Query Analytics",
            "type": "link",
            "url": "/graph/dashboard/db/_pmm-query-analytics"
        },
        {
            "asDropdown": true,
            "includeVars": true,
            "keepTime": true,
            "tags": [
                "OS"
            ],
            "targetBlank": false,
            "title": "OS",
            "type": "dashboards"
        },
        {
            "asDropdown": true,
            "includeVars": true,
            "keepTime": true,
            "tags": [
                "MySQL"
            ],
            "targetBlank": false,
            "title": "MySQL",
            "type": "dashboards"
        },
        {
            "asDropdown": true,
            "includeVars": true,
            "keepTime": true,
            "tags": [
                "MongoDB"
            ],
            "targetBlank": false,
            "title": "MongoDB",
            "type": "dashboards"
        },
        {
            "asDropdown": true,
            "includeVars": true,
            "keepTime": true,
            "tags": [
                "HA"
            ],
            "targetBlank": false,
            "title": "HA",
            "type": "dashboards"
        },
        {
            "asDropdown": true,
            "includeVars": true,
            "keepTime": true,
            "tags": [
                "Cloud"
            ],
            "targetBlank": false,
            "title": "Cloud",
            "type": "dashboards"
        },
        {
            "asDropdown": true,
            "includeVars": true,
            "keepTime": true,
            "tags": [
                "Insight"
            ],
            "targetBlank": false,
            "title": "Insight",
            "type": "dashboards"
        },
        {
            "asDropdown": true,
            "includeVars": true,
            "keepTime": true,
            "tags": [
                "PMM"
            ],
            "targetBlank": false,
            "title": "PMM",
            "type": "dashboards"
        }
    ],
    "panels": [
        {
            "collapsed": false,
            "gridPos": {
                "h": 1,
                "w": 24,
                "x": 0,
                "y": 0
            },
            "id": 37,
            "panels": [],
            "repeat": null,
            "title": "System Stats",
            "type": "row"
        },
        {
            "aliasColors": {
                "Max Core Utilization": "#bf1b00",
                "idle": "#705DA0",
                "iowait": "#E24D42",
                "nice": "#1F78C1",
                "softirq": "#806EB7",
                "system": "#EAB839",
                "user": "#508642"
            },
            "bars": false,
            "dashLength": 10,
            "dashes": false,
            "datasource": "Prometheus",
            "decimals": null,
            "description": "**CPU Usage**\n\nThe CPU Usage graph shows how much of the overall CPU time is used by the server.  It has 4 components: system, user, iowait and softirq.  System is the proportion of time the CPU spent inside the Linux kernel for operations like context switching, memory allocation and queue handling.  User is the time spent in the user space.  Normally, most of the MySQL CPU time is in user space, a too high value may indicate an indexing issue.  Iowait is the time the CPU spent waiting for disk IO requests to complete.  A high value of iowait indicates a disk bound load.  Softirq is the portion of time the CPU spent servicing software interrupts generated by the device drivers.  A high value of softirq may indicates a poorly configured device.  The network is generally the main source of high softirq values.   Be aware the graph presents global values, while there may be a lot of unused CPU, a single core may be saturated.  Look for any quantity saturating at 100/(cpu core count).",
            "editable": true,
            "error": false,
            "fill": 5,
            "grid": {},
            "gridPos": {
                "h": 7,
                "w": 24,
                "x": 0,
                "y": 1
            },
            "height": "",
            "id": 2,
            "legend": {
                "alignAsTable": true,
                "avg": true,
                "current": false,
                "hideEmpty": true,
                "hideZero": true,
                "max": true,
                "min": true,
                "rightSide": true,
                "show": true,
                "sort": "avg",
                "sortDesc": true,
                "total": false,
                "values": true
            },
            "lines": true,
            "linewidth": 1,
            "links": [
                {
                    "title": "Understanding Linux CPU stats",
                    "type": "absolute",
                    "url": "http://blog.scoutapp.com/articles/2015/02/24/understanding-linuxs-cpu-stats"
                }
            ],
            "nullPointMode": "null",
            "percentage": false,
            "pointradius": 5,
            "points": false,
            "renderer": "flot",
            "seriesOverrides": [
                {
                    "alias": "Max Core Utilization",
                    "lines": false,
                    "pointradius": 1,
                    "points": true,
                    "stack": false
                }
            ],
            "spaceLength": 10,
            "stack": true,
            "steppedLine": false,
            "targets": [
                {
                    "expr": "clamp_max(((avg by (mode) ( (clamp_max(rate(node_cpu{instance=\"$host\",mode!=\"idle\"}[$interval]),1)) or (clamp_max(irate(node_cpu{instance=\"$host\",mode!=\"idle\"}[5m]),1)) ))*100 or (avg_over_time(node_cpu_average{instance=~\"$host\", mode!=\"total\", mode!=\"idle\"}[$interval]) or avg_over_time(node_cpu_average{instance=~\"$host\", mode!=\"total\", mode!=\"idle\"}[5m]))),100)",
                    "format": "time_series",
                    "hide": false,
                    "interval": "$interval",
                    "intervalFactor": 1,
                    "legendFormat": "{{mode}}",
                    "refId": "B"
                },
                {
                    "expr": "clamp_max(max by () (sum  by (cpu) ( (clamp_max(rate(node_cpu{instance=\"$host\",mode!=\"idle\",mode!=\"iowait\"}[$interval]),1)) or (clamp_max(irate(node_cpu{instance=\"$host\",mode!=\"idle\",mode!=\"iowait\"}[5m]),1)) )),1)",
                    "format": "time_series",
                    "hide": true,
                    "interval": "$interval",
                    "intervalFactor": 1,
                    "legendFormat": "Max Core Utilization",
                    "refId": "C"
                }
            ],
            "thresholds": [],
            "timeFrom": null,
            "timeShift": null,
            "title": "CPU Usage",
            "tooltip": {
                "msResolution": false,
                "shared": true,
                "sort": 0,
                "value_type": "individual"
            },
            "type": "graph",
            "xaxis": {
                "buckets": null,
                "mode": "time",
                "name": null,
                "show": true,
                "values": []
            },
            "yaxes": [
                {
                    "decimals": 1,
                    "format": "percent",
                    "label": "",
                    "logBase": 1,
                    "max": "100",
                    "min": 0,
                    "show": true
                },
                {
                    "format": "short",
                    "logBase": 1,
                    "max": null,
                    "min": 0,
                    "show": true
                }
            ],
            "yaxis": {
                "align": false,
                "alignLevel": null
            }
        },
        {
            "collapsed": false,
            "gridPos": {
                "h": 1,
                "w": 24,
                "x": 0,
                "y": 8
            },
            "id": 38,
            "panels": [],
            "repeat": null,
            "title": "Processes",
            "type": "row"
        },
        {
            "aliasColors": {},
            "bars": true,
            "dashLength": 10,
            "dashes": false,
            "datasource": "Prometheus",
            "decimals": null,
            "description": "**Processes**\n\nThe Processes graph shows how many processes/threads are either in the kernel run queue (runnable state) or in the blocked queue (waiting for I/O).  When the number of process in the runnable state is constantly higher than the number of CPU cores available, the load is CPU bound.  When the number of process blocked waiting for I/O is large, the load is disk bound.  The running average of the sum of these two quantities is the basis of the loadavg metric.",
            "editable": true,
            "error": false,
            "fill": 2,
            "grid": {},
            "gridPos": {
                "h": 7,
                "w": 12,
                "x": 0,
                "y": 9
            },
            "id": 20,
            "legend": {
                "alignAsTable": true,
                "avg": true,
                "current": false,
                "hideEmpty": false,
                "max": true,
                "min": true,
                "rightSide": false,
                "show": true,
                "sort": "avg",
                "sortDesc": true,
                "total": false,
                "values": true
            },
            "lines": false,
            "linewidth": 2,
            "links": [
                {
                    "includeVars": false,
                    "keepTime": false,
                    "title": "Vmstat Output explained",
                    "type": "absolute",
                    "url": "http://nonfunctionaltestingtools.blogspot.ca/2013/03/vmstat-output-explained.html"
                }
            ],
            "nullPointMode": "null",
            "percentage": false,
            "pointradius": 5,
            "points": false,
            "renderer": "flot",
            "seriesOverrides": [
                {
                    "alias": "Processes blocked waiting for I/O to complete",
                    "color": "#E24D42"
                },
                {
                    "alias": "Processes in runnable state",
                    "color": "#6ED0E0"
                }
            ],
            "spaceLength": 10,
            "stack": true,
            "steppedLine": false,
            "targets": [
                {
                    "calculatedInterval": "2m",
                    "datasourceErrors": {},
                    "errors": {},
                    "expr": "node_procs_running{instance=\"$host\"}",
                    "format": "time_series",
                    "interval": "$interval",
                    "intervalFactor": 1,
                    "legendFormat": "Processes in runnable state",
                    "metric": "",
                    "refId": "A",
                    "step": 300,
                    "target": ""
                },
                {
                    "calculatedInterval": "2m",
                    "datasourceErrors": {},
                    "errors": {},
                    "expr": "node_procs_blocked{instance=\"$host\"}",
                    "format": "time_series",
                    "interval": "$interval",
                    "intervalFactor": 1,
                    "legendFormat": "Processes blocked waiting for I/O to complete",
                    "metric": "",
                    "refId": "B",
                    "step": 300,
                    "target": ""
                }
            ],
            "thresholds": [],
            "timeFrom": null,
            "timeShift": null,
            "title": "Processes",
            "tooltip": {
                "msResolution": false,
                "shared": true,
                "sort": 0,
                "value_type": "individual"
            },
            "transparent": false,
            "type": "graph",
            "xaxis": {
                "buckets": null,
                "mode": "time",
                "name": null,
                "show": true,
                "values": []
            },
            "yaxes": [
                {
                    "format": "none",
                    "label": "",
                    "logBase": 1,
                    "max": null,
                    "min": 0,
                    "show": true
                },
                {
                    "format": "none",
                    "logBase": 1,
                    "max": null,
                    "min": 0,
                    "show": true
                }
            ],
            "yaxis": {
                "align": false,
                "alignLevel": null
            }
        },
        {
            "aliasColors": {},
            "bars": false,
            "dashLength": 10,
            "dashes": false,
            "datasource": "Prometheus",
            "decimals": null,
            "description": "**Network Traffic**\n\nThe Network Traffic graph shows the rate of data transferred over the network.  Outbound is the data sent by the server while Inbound is the data received by the server.  Look for signs of saturation given the capacity of the network devices.  If the outbound rate is constantly high and close to saturation and you have plenty of available CPU, you should consider activating the compression option on the MySQL clients and slaves.",
            "editable": true,
            "error": false,
            "fill": 6,
            "grid": {},
            "gridPos": {
                "h": 7,
                "w": 12,
                "x": 12,
                "y": 9
            },
            "id": 21,
            "legend": {
                "alignAsTable": true,
                "avg": true,
                "current": false,
                "hideEmpty": false,
                "max": true,
                "min": true,
                "rightSide": false,
                "show": true,
                "sort": "avg",
                "sortDesc": true,
                "total": false,
                "values": true
            },
            "lines": true,
            "linewidth": 2,
            "links": [],
            "nullPointMode": "null",
            "percentage": false,
            "pointradius": 5,
            "points": false,
            "renderer": "flot",
            "seriesOverrides": [],
            "spaceLength": 10,
            "stack": true,
            "steppedLine": false,
            "targets": [
                {
                    "calculatedInterval": "2s",
                    "datasourceErrors": {},
                    "errors": {},
                    "expr": "sum(rate(node_network_receive_bytes{instance=\"$host\", device!=\"lo\"}[$interval])) or sum(irate(node_network_receive_bytes{instance=\"$host\", device!=\"lo\"}[5m])) or sum(max_over_time(rdsosmetrics_network_rx{instance=\"$host\"}[$interval])) or sum(max_over_time(rdsosmetrics_network_rx{instance=\"$host\"}[5m])) ",
                    "format": "time_series",
                    "interval": "$interval",
                    "intervalFactor": 1,
                    "legendFormat": "Inbound",
                    "metric": "",
                    "refId": "B",
                    "step": 300,
                    "target": ""
                },
                {
                    "calculatedInterval": "2s",
                    "datasourceErrors": {},
                    "errors": {},
                    "expr": "sum(rate(node_network_transmit_bytes{instance=\"$host\", device!=\"lo\"}[$interval])) or sum(irate(node_network_transmit_bytes{instance=\"$host\", device!=\"lo\"}[5m])) or\nsum(max_over_time(rdsosmetrics_network_tx{instance=\"$host\"}[$interval])) or sum(max_over_time(rdsosmetrics_network_tx{instance=\"$host\"}[5m]))",
                    "format": "time_series",
                    "hide": false,
                    "interval": "$interval",
                    "intervalFactor": 1,
                    "legendFormat": "Outbound",
                    "metric": "",
                    "refId": "A",
                    "step": 300,
                    "target": ""
                }
            ],
            "thresholds": [],
            "timeFrom": null,
            "timeShift": null,
            "title": "Network Traffic",
            "tooltip": {
                "msResolution": false,
                "shared": true,
                "sort": 0,
                "value_type": "individual"
            },
            "transparent": false,
            "type": "graph",
            "xaxis": {
                "buckets": null,
                "mode": "time",
                "name": null,
                "show": true,
                "values": []
            },
            "yaxes": [
                {
                    "format": "Bps",
                    "label": "",
                    "logBase": 1,
                    "max": null,
                    "min": 0,
                    "show": true
                },
                {
                    "format": "bytes",
                    "logBase": 1,
                    "max": null,
                    "min": 0,
                    "show": true
                }
            ],
            "yaxis": {
                "align": false,
                "alignLevel": null
            }
        },
        {
            "collapsed": false,
            "gridPos": {
                "h": 1,
                "w": 24,
                "x": 0,
                "y": 16
            },
            "id": 39,
            "panels": [],
            "repeat": null,
            "title": "I/O",
            "type": "row"
        },
        {
            "aliasColors": {},
            "bars": false,
            "dashLength": 10,
            "dashes": false,
            "datasource": "Prometheus",
            "decimals": null,
            "description": "**I/O Activity**\n\nThe I/O Activity graph shows the rates of data read from (Page In) and written to (Page Out) the all the disks as collected from the vmstat bi and bo columns.",
            "editable": true,
            "error": false,
            "fill": 2,
            "grid": {},
            "gridPos": {
                "h": 7,
                "w": 12,
                "x": 0,
                "y": 17
            },
            "id": 31,
            "legend": {
                "alignAsTable": true,
                "avg": true,
                "current": false,
                "hideEmpty": false,
                "max": true,
                "min": true,
                "rightSide": false,
                "show": true,
                "sort": "avg",
                "sortDesc": true,
                "total": false,
                "values": true
            },
            "lines": true,
            "linewidth": 2,
            "links": [],
            "nullPointMode": "null",
            "percentage": false,
            "pointradius": 5,
            "points": false,
            "renderer": "flot",
            "seriesOverrides": [],
            "spaceLength": 10,
            "stack": false,
            "steppedLine": false,
            "targets": [
                {
                    "calculatedInterval": "2s",
                    "datasourceErrors": {},
                    "errors": {},
                    "expr": "rate(node_vmstat_pgpgin{instance=\"$host\"}[$interval]) * 1024 or irate(node_vmstat_pgpgin{instance=\"$host\"}[5m]) * 1024",
                    "format": "time_series",
                    "interval": "$interval",
                    "intervalFactor": 1,
                    "legendFormat": "Page In",
                    "metric": "",
                    "refId": "A",
                    "step": 300,
                    "target": ""
                },
                {
                    "calculatedInterval": "2s",
                    "datasourceErrors": {},
                    "errors": {},
                    "expr": "rate(node_vmstat_pgpgout{instance=\"$host\"}[$interval]) * 1024 or irate(node_vmstat_pgpgout{instance=\"$host\"}[5m]) * 1024",
                    "format": "time_series",
                    "interval": "$interval",
                    "intervalFactor": 1,
                    "legendFormat": "Page Out",
                    "metric": "",
                    "refId": "B",
                    "step": 300,
                    "target": ""
                }
            ],
            "thresholds": [],
            "timeFrom": null,
            "timeShift": null,
            "title": "I/O Activity",
            "tooltip": {
                "msResolution": false,
                "shared": true,
                "sort": 0,
                "value_type": "individual"
            },
            "transparent": false,
            "type": "graph",
            "xaxis": {
                "buckets": null,
                "mode": "time",
                "name": null,
                "show": true,
                "values": []
            },
            "yaxes": [
                {
                    "format": "Bps",
                    "label": "",
                    "logBase": 1,
                    "max": null,
                    "min": 0,
                    "show": true
                },
                {
                    "format": "bytes",
                    "logBase": 1,
                    "max": null,
                    "min": 0,
                    "show": true
                }
            ],
            "yaxis": {
                "align": false,
                "alignLevel": null
            }
        },
        {
            "aliasColors": {},
            "bars": false,
            "dashLength": 10,
            "dashes": false,
            "datasource": "Prometheus",
            "decimals": 2,
            "description": "**Disk Latency**\n\nThe Disk Latency graph shows the average time to complete read an write operations to the disks.  There is one data series per operation type (Read or Write) per disk mounted to the server.  High latency values, typically more than 15 ms,  are an indication of a disk bound workload saturating the storage subsystem or, a faulty/degraded hardware.",
            "editable": true,
            "error": false,
            "fill": 2,
            "grid": {},
            "gridPos": {
                "h": 7,
                "w": 12,
                "x": 12,
                "y": 17
            },
            "id": 36,
            "legend": {
                "alignAsTable": true,
                "avg": true,
                "current": false,
                "hideEmpty": true,
                "hideZero": true,
                "max": true,
                "min": true,
                "rightSide": false,
                "show": true,
                "total": false,
                "values": true
            },
            "lines": false,
            "linewidth": 2,
            "links": [],
            "nullPointMode": "null",
            "percentage": false,
            "pointradius": 1,
            "points": true,
            "renderer": "flot",
            "seriesOverrides": [],
            "spaceLength": 10,
            "stack": false,
            "steppedLine": false,
            "targets": [
                {
                    "calculatedInterval": "2m",
                    "datasourceErrors": {},
                    "errors": {},
                    "expr": "(rate(node_disk_read_time_ms{device!~\"dm-.+\", instance=\"$host\"}[$interval]) / rate(node_disk_reads_completed{device!~\"dm-.+\", instance=\"$host\"}[$interval])) or (irate(node_disk_read_time_ms{device!~\"dm-.+\", instance=\"$host\"}[5m]) / irate(node_disk_reads_completed{device!~\"dm-.+\", instance=\"$host\"}[5m])) or avg_over_time(aws_rds_read_latency_average{instance=\"$host\"}[$interval]) or avg_over_time(aws_rds_read_latency_average{instance=\"$host\"}[5m])",
                    "format": "time_series",
                    "interval": "$interval",
                    "intervalFactor": 1,
                    "legendFormat": "Read: {{ device }}",
                    "metric": "",
                    "refId": "A",
                    "step": 300,
                    "target": ""
                },
                {
                    "calculatedInterval": "2m",
                    "datasourceErrors": {},
                    "errors": {},
                    "expr": "(rate(node_disk_write_time_ms{device!~\"dm-.+\", instance=\"$host\"}[$interval]) / rate(node_disk_writes_completed{device!~\"dm-.+\", instance=\"$host\"}[$interval])) or (irate(node_disk_write_time_ms{device!~\"dm-.+\", instance=\"$host\"}[5m]) / irate(node_disk_writes_completed{device!~\"dm-.+\", instance=\"$host\"}[5m])) or (avg_over_time(aws_rds_write_latency_average{instance=\"$host\"}[$interval]) or avg_over_time(aws_rds_write_latency_average{instance=\"$host\"}[5m]))",
                    "format": "time_series",
                    "interval": "$interval",
                    "intervalFactor": 1,
                    "legendFormat": "Write: {{ device }}",
                    "metric": "",
                    "refId": "B",
                    "step": 300,
                    "target": ""
                }
            ],
            "thresholds": [],
            "timeFrom": null,
            "timeShift": null,
            "title": "Disk Latency",
            "tooltip": {
                "msResolution": false,
                "shared": true,
                "sort": 0,
                "value_type": "individual"
            },
            "transparent": false,
            "type": "graph",
            "xaxis": {
                "buckets": null,
                "mode": "time",
                "name": null,
                "show": true,
                "values": []
            },
            "yaxes": [
                {
                    "format": "ms",
                    "label": "",
                    "logBase": 2,
                    "max": null,
                    "min": null,
                    "show": true
                },
                {
                    "format": "ms",
                    "label": "",
                    "logBase": 1,
                    "max": null,
                    "min": 0,
                    "show": true
                }
            ],
            "yaxis": {
                "align": false,
                "alignLevel": null
            }
        },
        {
            "collapsed": false,
            "gridPos": {
                "h": 1,
                "w": 24,
                "x": 0,
                "y": 24
            },
            "id": 40,
            "panels": [],
            "repeat": null,
            "title": "MySQL Stats",
            "type": "row"
        },
        {
            "aliasColors": {},
            "bars": false,
            "dashLength": 10,
            "dashes": false,
            "datasource": "Prometheus",
            "decimals": null,
            "description": "**MySQL Queries**\n\nThe MySQL Queries graph shows the rate of queries processed by MySQL.  The rate of queries is a rough indication of the MySQL server load.",
            "editable": true,
            "error": false,
            "fill": 2,
            "grid": {},
            "gridPos": {
                "h": 7,
                "w": 12,
                "x": 0,
                "y": 25
            },
            "id": 35,
            "legend": {
                "alignAsTable": true,
                "avg": true,
                "current": false,
                "max": true,
                "min": true,
                "rightSide": false,
                "show": true,
                "total": false,
                "values": true
            },
            "lines": true,
            "linewidth": 2,
            "links": [],
            "nullPointMode": "null",
            "percentage": false,
            "pointradius": 5,
            "points": false,
            "renderer": "flot",
            "seriesOverrides": [],
            "spaceLength": 10,
            "stack": false,
            "steppedLine": false,
            "targets": [
                {
                    "calculatedInterval": "2m",
                    "datasourceErrors": {},
                    "errors": {},
                    "expr": "rate(mysql_global_status_queries{instance=\"$host\"}[$interval]) or irate(mysql_global_status_queries{instance=\"$host\"}[5m])",
                    "format": "time_series",
                    "interval": "$interval",
                    "intervalFactor": 1,
                    "legendFormat": "Queries",
                    "metric": "",
                    "refId": "A",
                    "step": 300
                }
            ],
            "thresholds": [],
            "timeFrom": null,
            "timeShift": null,
            "title": "MySQL Queries",
            "tooltip": {
                "msResolution": false,
                "shared": true,
                "sort": 0,
                "value_type": "individual"
            },
            "type": "graph",
            "xaxis": {
                "buckets": null,
                "mode": "time",
                "name": null,
                "show": true,
                "values": []
            },
            "yaxes": [
                {
                    "format": "short",
                    "logBase": 1,
                    "max": null,
                    "min": 0,
                    "show": true
                },
                {
                    "format": "short",
                    "logBase": 1,
                    "max": null,
                    "min": 0,
                    "show": true
                }
            ],
            "yaxis": {
                "align": false,
                "alignLevel": null
            }
        },
        {
            "aliasColors": {},
            "bars": false,
            "dashLength": 10,
            "dashes": false,
            "datasource": "Prometheus",
            "decimals": null,
            "description": "**InnoDB Row Operations**\n\nThe InnoDB Row Operations graph shows the rate of rows processed by InnoDB.  It is a good indication of the MySQL server load.  A high value of Rows read, which can easily be above a million, is an indication of poor queries or deficient indexing.  The amounts of rows inserted, updated and deleted help appreciate the server write load.",
            "editable": true,
            "error": false,
            "fill": 2,
            "grid": {},
            "gridPos": {
                "h": 7,
                "w": 12,
                "x": 12,
                "y": 25
            },
            "height": "270px",
            "id": 34,
            "legend": {
                "alignAsTable": true,
                "avg": true,
                "current": false,
                "max": true,
                "min": true,
                "rightSide": false,
                "show": true,
                "sort": "avg",
                "sortDesc": true,
                "total": false,
                "values": true
            },
            "lines": true,
            "linewidth": 2,
            "links": [],
            "nullPointMode": "null",
            "percentage": false,
            "pointradius": 5,
            "points": false,
            "renderer": "flot",
            "seriesOverrides": [],
            "spaceLength": 10,
            "stack": false,
            "steppedLine": false,
            "targets": [
                {
                    "calculatedInterval": "2m",
                    "datasourceErrors": {},
                    "errors": {},
                    "expr": "rate(mysql_global_status_innodb_row_ops_total{instance=\"$host\"}[$interval]) or irate(mysql_global_status_innodb_row_ops_total{instance=\"$host\"}[5m])",
                    "format": "time_series",
                    "interval": "$interval",
                    "intervalFactor": 1,
                    "legendFormat": "Rows {{ operation }}",
                    "metric": "",
                    "refId": "A",
                    "step": 300
                }
            ],
            "thresholds": [],
            "timeFrom": null,
            "timeShift": null,
            "title": "InnoDB Row Operations",
            "tooltip": {
                "msResolution": false,
                "shared": true,
                "sort": 0,
                "value_type": "individual"
            },
            "type": "graph",
            "xaxis": {
                "buckets": null,
                "mode": "time",
                "name": null,
                "show": true,
                "values": []
            },
            "yaxes": [
                {
                    "format": "short",
                    "logBase": 1,
                    "max": null,
                    "min": 0,
                    "show": true
                },
                {
                    "format": "short",
                    "logBase": 1,
                    "max": null,
                    "min": 0,
                    "show": true
                }
            ],
            "yaxis": {
                "align": false,
                "alignLevel": null
            }
        },
        {
            "collapsed": false,
            "gridPos": {
                "h": 1,
                "w": 24,
                "x": 0,
                "y": 32
            },
            "id": 41,
            "panels": [],
            "repeat": null,
            "title": "Top MySQL Commands",
            "type": "row"
        },
        {
            "aliasColors": {},
            "bars": false,
            "dashLength": 10,
            "dashes": false,
            "datasource": "Prometheus",
            "decimals": null,
            "description": "**Top MySQL Commands**\n\nThe Top MySQL Commands graph shows the rate of the various kind of SQL statements executed on the MySQL server.",
            "editable": true,
            "error": false,
            "fill": 2,
            "grid": {},
            "gridPos": {
                "h": 7,
                "w": 24,
                "x": 0,
                "y": 33
            },
            "id": 32,
            "legend": {
                "alignAsTable": true,
                "avg": true,
                "current": false,
                "hideEmpty": false,
                "hideZero": false,
                "max": true,
                "min": true,
                "rightSide": true,
                "show": true,
                "sort": "avg",
                "sortDesc": true,
                "total": false,
                "values": true
            },
            "lines": true,
            "linewidth": 2,
            "links": [],
            "nullPointMode": "null",
            "percentage": false,
            "pointradius": 5,
            "points": false,
            "renderer": "flot",
            "seriesOverrides": [],
            "spaceLength": 10,
            "stack": false,
            "steppedLine": false,
            "targets": [
                {
                    "calculatedInterval": "2m",
                    "datasourceErrors": {},
                    "errors": {},
                    "expr": "topk(5, rate(mysql_global_status_commands_total{instance=\"$host\"}[$interval])>0) or topk(5, irate(mysql_global_status_commands_total{instance=\"$host\"}[5m])>0)",
                    "format": "time_series",
                    "hide": false,
                    "interval": "$interval",
                    "intervalFactor": 1,
                    "legendFormat": "Com_{{ command }}",
                    "metric": "",
                    "refId": "B",
                    "step": 300
                }
            ],
            "thresholds": [],
            "timeFrom": null,
            "timeShift": null,
            "title": "Top MySQL Commands",
            "tooltip": {
                "msResolution": false,
                "shared": true,
                "sort": 0,
                "value_type": "individual"
            },
            "type": "graph",
            "xaxis": {
                "buckets": null,
                "mode": "time",
                "name": null,
                "show": true,
                "values": []
            },
            "yaxes": [
                {
                    "format": "short",
                    "logBase": 1,
                    "max": null,
                    "min": 0,
                    "show": true
                },
                {
                    "format": "short",
                    "logBase": 1,
                    "max": null,
                    "min": 0,
                    "show": true
                }
            ],
            "yaxis": {
                "align": false,
                "alignLevel": null
            }
        },
        {
            "collapsed": false,
            "gridPos": {
                "h": 1,
                "w": 24,
                "x": 0,
                "y": 40
            },
            "id": 42,
            "panels": [],
            "repeat": null,
            "title": "Top MySQL Handlers",
            "type": "row"
        },
        {
            "aliasColors": {},
            "bars": false,
            "dashLength": 10,
            "dashes": false,
            "datasource": "Prometheus",
            "decimals": null,
            "description": "**Top MySQL Handlers**\n\nThe Top MySQL Handlers graph shows the rate of the various low level storage engine handler calls. The most important ones to watch are read_next and read_rnd_next.  A high values for read_rnd_next is an indication there are table scans while a high value of read_next is an indication of index scans.",
            "editable": true,
            "error": false,
            "fill": 2,
            "grid": {},
            "gridPos": {
                "h": 7,
                "w": 24,
                "x": 0,
                "y": 41
            },
            "id": 33,
            "legend": {
                "alignAsTable": true,
                "avg": true,
                "current": false,
                "hideZero": true,
                "max": true,
                "min": true,
                "rightSide": true,
                "show": true,
                "sort": "avg",
                "sortDesc": true,
                "total": false,
                "values": true
            },
            "lines": true,
            "linewidth": 2,
            "links": [],
            "nullPointMode": "null",
            "percentage": false,
            "pointradius": 5,
            "points": false,
            "renderer": "flot",
            "seriesOverrides": [],
            "spaceLength": 10,
            "stack": false,
            "steppedLine": false,
            "targets": [
                {
                    "calculatedInterval": "2m",
                    "datasourceErrors": {},
                    "errors": {},
                    "expr": "topk(5, rate(mysql_global_status_handlers_total{instance=\"$host\"}[$interval])>0) or topk(5, irate(mysql_global_status_handlers_total{instance=\"$host\"}[5m])>0)",
                    "format": "time_series",
                    "interval": "$interval",
                    "intervalFactor": 1,
                    "legendFormat": "{{ handler }}",
                    "metric": "",
                    "refId": "J",
                    "step": 300
                }
            ],
            "thresholds": [],
            "timeFrom": null,
            "timeShift": null,
            "title": "Top MySQL Handlers",
            "tooltip": {
                "msResolution": false,
                "shared": true,
                "sort": 0,
                "value_type": "individual"
            },
            "type": "graph",
            "xaxis": {
                "buckets": null,
                "mode": "time",
                "name": null,
                "show": true,
                "values": []
            },
            "yaxes": [
                {
                    "format": "short",
                    "logBase": 1,
                    "max": null,
                    "min": 0,
                    "show": true
                },
                {
                    "format": "short",
                    "logBase": 1,
                    "max": null,
                    "min": 0,
                    "show": true
                }
            ],
            "yaxis": {
                "align": false,
                "alignLevel": null
            }
        }
    ],
    "refresh": "1m",
    "schemaVersion": 16,
    "style": "dark",
    "tags": [
        "Percona",
        "Insight"
    ],
    "templating": {
        "list": [
            {
                "allFormat": "glob",
                "auto": true,
                "auto_count": 200,
                "auto_min": "1s",
                "current": {
                    "text": "auto",
                    "value": "$__auto_interval_interval"
                },
                "datasource": "Prometheus",
                "hide": 0,
                "includeAll": false,
                "label": "Interval",
                "multi": false,
                "multiFormat": "glob",
                "name": "interval",
                "options": [
                    {
                        "selected": true,
                        "text": "auto",
                        "value": "$__auto_interval_interval"
                    },
                    {
                        "selected": false,
                        "text": "1s",
                        "value": "1s"
                    },
                    {
                        "selected": false,
                        "text": "5s",
                        "value": "5s"
                    },
                    {
                        "selected": false,
                        "text": "1m",
                        "value": "1m"
                    },
                    {
                        "selected": false,
                        "text": "5m",
                        "value": "5m"
                    },
                    {
                        "selected": false,
                        "text": "1h",
                        "value": "1h"
                    },
                    {
                        "selected": false,
                        "text": "6h",
                        "value": "6h"
                    },
                    {
                        "selected": false,
                        "text": "1d",
                        "value": "1d"
                    }
                ],
                "query": "1s,5s,1m,5m,1h,6h,1d",
                "refresh": 2,
                "type": "interval"
            },
            {
                "allFormat": "glob",
                "allValue": null,
                "current": {},
                "datasource": "Prometheus",
                "hide": 0,
                "includeAll": false,
                "label": "Host",
                "multi": false,
                "multiFormat": "regex values",
                "name": "host",
                "options": [],
                "query": "label_values(instance)",
                "refresh": 1,
                "refresh_on_load": false,
                "regex": "",
                "sort": 1,
                "tagValuesQuery": "instance",
                "tags": [],
                "tagsQuery": "up",
                "type": "query",
                "useTags": false
            }
        ]
    },
    "time": {
        "from": "now-12h",
        "to": "now"
    },
    "timepicker": {
        "collapse": false,
        "enable": true,
        "hidden": false,
        "notice": false,
        "now": true,
        "refresh_intervals": [
            "5s",
            "10s",
            "30s",
            "1m",
            "5m",
            "15m",
            "30m",
            "1h",
            "2h",
            "1d"
        ],
        "status": "Stable",
        "time_options": [
            "5m",
            "15m",
            "1h",
            "6h",
            "12h",
            "24h",
            "2d",
            "7d",
            "30d"
        ],
        "type": "timepicker"
    },
    "timezone": "browser",
    "title": "Summary Dashboard",
    "uid": "qBWRrTiik",
    "version": 1
}
