{
    "annotations": {
        "list": [
            {
                "builtIn": 1,
                "datasource": "-- Grafana --",
                "enable": true,
                "hide": false,
                "iconColor": "#e0752d",
                "limit": 100,
                "name": "PMM Annotations",
                "showIn": 0,
                "tags": [
                    "pmm_annotation"
                ],
                "type": "tags"
            }
        ]
    },
    "editable": true,
    "gnetId": null,
    "graphTooltip": 1,
    "id": null,
    "iteration": 1529322598443,
    "links": [
        {
            "icon": "dashboard",
            "includeVars": true,
            "keepTime": true,
            "tags": [
                "QAN"
            ],
            "targetBlank": false,
            "title": "Query Analytics",
            "type": "link",
            "url": "/graph/dashboard/db/_pmm-query-analytics"
        },
        {
            "asDropdown": true,
            "includeVars": true,
            "keepTime": true,
            "tags": [
                "OS"
            ],
            "targetBlank": false,
            "title": "OS",
            "type": "dashboards"
        },
        {
            "asDropdown": true,
            "includeVars": true,
            "keepTime": true,
            "tags": [
                "MySQL"
            ],
            "targetBlank": false,
            "title": "MySQL",
            "type": "dashboards"
        },
        {
            "asDropdown": true,
            "includeVars": true,
            "keepTime": true,
            "tags": [
                "MongoDB"
            ],
            "targetBlank": false,
            "title": "MongoDB",
            "type": "dashboards"
        },
        {
            "asDropdown": true,
            "includeVars": true,
            "keepTime": true,
            "tags": [
                "HA"
            ],
            "targetBlank": false,
            "title": "HA",
            "type": "dashboards"
        },
        {
            "asDropdown": true,
            "includeVars": true,
            "keepTime": true,
            "tags": [
                "Cloud"
            ],
            "targetBlank": false,
            "title": "Cloud",
            "type": "dashboards"
        },
        {
            "asDropdown": true,
            "includeVars": true,
            "keepTime": true,
            "tags": [
                "Insight"
            ],
            "targetBlank": false,
            "title": "Insight",
            "type": "dashboards"
        },
        {
            "asDropdown": true,
            "includeVars": true,
            "keepTime": true,
            "tags": [
                "PMM"
            ],
            "targetBlank": false,
            "title": "PMM",
            "type": "dashboards"
        }
    ],
    "panels": [
        {
            "cacheTimeout": null,
            "colorBackground": false,
            "colorValue": true,
            "colors": [
                "rgba(245, 54, 54, 0.9)",
                "rgba(237, 129, 40, 0.89)",
                "rgba(50, 172, 45, 0.97)"
            ],
            "datasource": "Prometheus",
            "decimals": 1,
            "editable": true,
            "error": false,
            "format": "s",
            "gauge": {
                "maxValue": 100,
                "minValue": 0,
                "show": false,
                "thresholdLabels": false,
                "thresholdMarkers": true
            },
            "gridPos": {
                "h": 4,
                "w": 6,
                "x": 0,
                "y": 0
            },
            "height": "125px",
            "id": 19,
            "interval": "$interval",
            "links": [],
            "mappingType": 1,
            "mappingTypes": [
                {
                    "name": "value to text",
                    "value": 1
                },
                {
                    "name": "range to text",
                    "value": 2
                }
            ],
            "maxDataPoints": 100,
            "nullPointMode": "connected",
            "nullText": null,
            "postfix": "s",
            "postfixFontSize": "80%",
            "prefix": "",
            "prefixFontSize": "80%",
            "rangeMaps": [
                {
                    "from": "null",
                    "text": "N/A",
                    "to": "null"
                }
            ],
            "sparkline": {
                "fillColor": "rgba(31, 118, 189, 0.18)",
                "full": false,
                "lineColor": "rgb(31, 120, 193)",
                "show": false
            },
            "tableColumn": "",
            "targets": [
                {
                    "calculatedInterval": "10m",
                    "datasourceErrors": {},
                    "errors": {},
                    "expr": "(node_time{instance=\"$host\"} - node_boot_time{instance=\"$host\"}) or (time() - node_boot_time{instance=\"$host\"})",
                    "format": "time_series",
                    "hide": false,
                    "interval": "5m",
                    "intervalFactor": 1,
                    "legendFormat": "",
                    "metric": "",
                    "refId": "A",
                    "step": 300
                }
            ],
            "thresholds": "300,3600",
            "title": "System Uptime",
            "transparent": false,
            "type": "singlestat",
            "valueFontSize": "80%",
            "valueMaps": [],
            "valueName": "current"
        },
        {
            "cacheTimeout": null,
            "colorBackground": false,
            "colorValue": false,
            "colors": [
                "rgba(245, 54, 54, 0.9)",
                "rgba(237, 129, 40, 0.89)",
                "rgba(50, 172, 45, 0.97)"
            ],
            "datasource": "Prometheus",
            "editable": true,
            "error": false,
            "format": "none",
            "gauge": {
                "maxValue": 100,
                "minValue": 0,
                "show": false,
                "thresholdLabels": false,
                "thresholdMarkers": true
            },
            "gridPos": {
                "h": 4,
                "w": 6,
                "x": 6,
                "y": 0
            },
            "height": "125px",
            "id": 25,
            "interval": "$interval",
            "links": [],
            "mappingType": 1,
            "mappingTypes": [
                {
                    "name": "value to text",
                    "value": 1
                },
                {
                    "name": "range to text",
                    "value": 2
                }
            ],
            "maxDataPoints": 100,
            "nullPointMode": "connected",
            "nullText": null,
            "postfix": "",
            "postfixFontSize": "50%",
            "prefix": "",
            "prefixFontSize": "80%",
            "rangeMaps": [
                {
                    "from": "null",
                    "text": "N/A",
                    "to": "null"
                }
            ],
            "sparkline": {
                "fillColor": "rgba(31, 118, 189, 0.18)",
                "full": false,
                "lineColor": "rgb(31, 120, 193)",
                "show": false
            },
            "tableColumn": "",
            "targets": [
                {
                    "expr": "count(node_cpu{mode=\"user\", instance=\"$host\"}) or count(rdsosmetrics_General_numVCPUs)",
                    "format": "time_series",
                    "interval": "5m",
                    "intervalFactor": 1,
                    "refId": "A",
                    "step": 300
                }
            ],
            "thresholds": "",
            "title": "Virtual CPUs",
            "type": "singlestat",
            "valueFontSize": "80%",
            "valueMaps": [
                {
                    "op": "=",
                    "text": "N/A",
                    "value": "null"
                }
            ],
            "valueName": "current"
        },
        {
            "cacheTimeout": null,
            "colorBackground": false,
            "colorValue": false,
            "colors": [
                "rgba(245, 54, 54, 0.9)",
                "rgba(237, 129, 40, 0.89)",
                "rgba(50, 172, 45, 0.97)"
            ],
            "datasource": "Prometheus",
            "decimals": 2,
            "editable": true,
            "error": false,
            "format": "bytes",
            "gauge": {
                "maxValue": 100,
                "minValue": 0,
                "show": false,
                "thresholdLabels": false,
                "thresholdMarkers": true
            },
            "gridPos": {
                "h": 4,
                "w": 6,
                "x": 12,
                "y": 0
            },
            "height": "125px",
            "id": 26,
            "interval": "$interval",
            "links": [],
            "mappingType": 1,
            "mappingTypes": [
                {
                    "name": "value to text",
                    "value": 1
                },
                {
                    "name": "range to text",
                    "value": 2
                }
            ],
            "maxDataPoints": 100,
            "nullPointMode": "connected",
            "nullText": null,
            "postfix": "",
            "postfixFontSize": "50%",
            "prefix": "",
            "prefixFontSize": "80%",
            "rangeMaps": [
                {
                    "from": "null",
                    "text": "N/A",
                    "to": "null"
                }
            ],
            "sparkline": {
                "fillColor": "rgba(31, 118, 189, 0.18)",
                "full": false,
                "lineColor": "rgb(31, 120, 193)",
                "show": false
            },
            "tableColumn": "",
            "targets": [
                {
                    "expr": "node_memory_MemTotal{instance=\"$host\"}",
                    "interval": "5m",
                    "intervalFactor": 1,
                    "refId": "A",
                    "step": 300
                }
            ],
            "thresholds": "",
            "title": "RAM",
            "type": "singlestat",
            "valueFontSize": "80%",
            "valueMaps": [
                {
                    "op": "=",
                    "text": "N/A",
                    "value": "null"
                }
            ],
            "valueName": "current"
        },
        {
            "cacheTimeout": null,
            "colorBackground": false,
            "colorValue": true,
            "colors": [
                "rgba(50, 172, 45, 0.97)",
                "rgba(237, 129, 40, 0.89)",
                "rgba(245, 54, 54, 0.9)"
            ],
            "datasource": "Prometheus",
            "decimals": 0,
            "editable": true,
            "error": false,
            "format": "percent",
            "gauge": {
                "maxValue": 100,
                "minValue": 0,
                "show": false,
                "thresholdLabels": false,
                "thresholdMarkers": true
            },
            "gridPos": {
                "h": 4,
                "w": 6,
                "x": 18,
                "y": 0
            },
            "height": "125px",
            "id": 9,
            "interval": "$interval",
            "links": [],
            "mappingType": 1,
            "mappingTypes": [
                {
                    "name": "value to text",
                    "value": 1
                },
                {
                    "name": "range to text",
                    "value": 2
                }
            ],
            "maxDataPoints": 100,
            "nullPointMode": "connected",
            "nullText": null,
            "postfix": "",
            "postfixFontSize": "50%",
            "prefix": "",
            "prefixFontSize": "80%",
            "rangeMaps": [
                {
                    "from": "null",
                    "text": "N/A",
                    "to": "null"
                }
            ],
            "sparkline": {
                "fillColor": "rgba(31, 118, 189, 0.18)",
                "full": true,
                "lineColor": "rgb(31, 120, 193)",
                "show": true
            },
            "tableColumn": "",
            "targets": [
                {
                    "calculatedInterval": "10m",
                    "datasourceErrors": {},
                    "errors": {},
                    "expr": "(node_memory_MemAvailable{instance=\"$host\"} or (node_memory_MemFree{instance=\"$host\"} + node_memory_Buffers{instance=\"$host\"} + node_memory_Cached{instance=\"$host\"})) / node_memory_MemTotal{instance=\"$host\"} * 100",
                    "interval": "5m",
                    "intervalFactor": 1,
                    "legendFormat": "",
                    "metric": "node_mem",
                    "refId": "A",
                    "step": 300
                }
            ],
            "thresholds": "90,95",
            "title": "Memory Available",
            "transparent": false,
            "type": "singlestat",
            "valueFontSize": "80%",
            "valueMaps": [],
            "valueName": "current"
        },
        {
            "aliasColors": {},
            "bars": false,
            "dashLength": 10,
            "dashes": false,
            "datasource": "Prometheus",
            "decimals": null,
            "editable": true,
            "error": false,
            "fill": 2,
            "grid": {},
            "gridPos": {
                "h": 7,
                "w": 12,
                "x": 0,
                "y": 4
            },
            "id": 18,
            "legend": {
                "alignAsTable": true,
                "avg": true,
                "current": false,
                "hideEmpty": false,
                "max": true,
                "min": true,
                "rightSide": false,
                "show": true,
                "sortDesc": true,
                "total": false,
                "values": true
            },
            "lines": true,
            "linewidth": 2,
            "links": [],
            "nullPointMode": "null",
            "percentage": false,
            "pointradius": 5,
            "points": false,
            "renderer": "flot",
            "seriesOverrides": [
                {
                    "alias": "Load 1m",
                    "color": "#E0752D"
                }
            ],
            "spaceLength": 10,
            "stack": false,
            "steppedLine": false,
            "targets": [
                {
                    "calculatedInterval": "10s",
                    "datasourceErrors": {},
                    "errors": {},
                    "expr": "node_load1{instance=\"$host\"}",
                    "interval": "$interval",
                    "intervalFactor": 1,
                    "legendFormat": "Load 1m",
                    "metric": "",
                    "refId": "A",
                    "step": 300,
                    "target": ""
                }
            ],
            "thresholds": [],
            "timeFrom": null,
            "timeShift": null,
            "title": "Load Average",
            "tooltip": {
                "msResolution": false,
                "shared": true,
                "sort": 0,
                "value_type": "individual"
            },
            "transparent": false,
            "type": "graph",
            "xaxis": {
                "buckets": null,
                "mode": "time",
                "name": null,
                "show": true,
                "values": []
            },
            "yaxes": [
                {
                    "format": "none",
                    "label": "",
                    "logBase": 1,
                    "max": null,
                    "min": 0,
                    "show": true
                },
                {
                    "format": "none",
                    "logBase": 1,
                    "max": null,
                    "min": 0,
                    "show": true
                }
            ],
            "yaxis": {
                "align": false,
                "alignLevel": null
            }
        },
        {
            "aliasColors": {},
            "bars": false,
            "dashLength": 10,
            "dashes": false,
            "datasource": "Prometheus",
            "decimals": null,
            "editable": true,
            "error": false,
            "fill": 6,
            "grid": {},
            "gridPos": {
                "h": 7,
                "w": 12,
                "x": 12,
                "y": 4
            },
            "height": "",
            "id": 6,
            "legend": {
                "alignAsTable": true,
                "avg": true,
                "current": false,
                "hideEmpty": false,
                "max": true,
                "min": true,
                "rightSide": false,
                "show": true,
                "total": false,
                "values": true
            },
            "lines": true,
            "linewidth": 2,
            "links": [
                {
                    "dashUri": "db/system-overview",
                    "dashboard": "System Overview",
                    "includeVars": true,
                    "keepTime": true,
                    "params": "panelId=34&fullscreen",
                    "targetBlank": true,
                    "title": "Memory Advanced Details",
                    "type": "dashboard",
                    "url": "Memory Advanced Details"
                }
            ],
            "nullPointMode": "null",
            "percentage": false,
            "pointradius": 5,
            "points": false,
            "renderer": "flot",
            "seriesOverrides": [
                {
                    "alias": "Used",
                    "color": "#0A437C"
                },
                {
                    "alias": "Available",
                    "color": "#5195CE"
                },
                {
                    "alias": "Total",
                    "color": "#052B51",
                    "legend": false,
                    "stack": false
                }
            ],
            "spaceLength": 10,
            "stack": true,
            "steppedLine": false,
            "targets": [
                {
                    "calculatedInterval": "2s",
                    "datasourceErrors": {},
                    "errors": {},
                    "expr": "node_memory_MemTotal{instance=\"$host\"}",
                    "interval": "$interval",
                    "intervalFactor": 1,
                    "legendFormat": "Total",
                    "metric": "",
                    "refId": "C",
                    "step": 300,
                    "target": ""
                },
                {
                    "calculatedInterval": "2s",
                    "datasourceErrors": {},
                    "errors": {},
                    "expr": "node_memory_MemTotal{instance=\"$host\"} - (node_memory_MemAvailable{instance=\"$host\"} or (node_memory_MemFree{instance=\"$host\"} + node_memory_Buffers{instance=\"$host\"} + node_memory_Cached{instance=\"$host\"}))",
                    "interval": "$interval",
                    "intervalFactor": 1,
                    "legendFormat": "Used",
                    "metric": "",
                    "refId": "A",
                    "step": 300,
                    "target": ""
                },
                {
                    "calculatedInterval": "2s",
                    "datasourceErrors": {},
                    "errors": {},
                    "expr": "node_memory_MemAvailable{instance=\"$host\"} or (node_memory_MemFree{instance=\"$host\"} + node_memory_Buffers{instance=\"$host\"} + node_memory_Cached{instance=\"$host\"})",
                    "interval": "$interval",
                    "intervalFactor": 1,
                    "legendFormat": "Available",
                    "metric": "",
                    "refId": "B",
                    "step": 300,
                    "target": ""
                }
            ],
            "thresholds": [],
            "timeFrom": null,
            "timeShift": null,
            "title": "Memory",
            "tooltip": {
                "msResolution": false,
                "shared": true,
                "sort": 0,
                "value_type": "individual"
            },
            "transparent": false,
            "type": "graph",
            "xaxis": {
                "buckets": null,
                "mode": "time",
                "name": null,
                "show": true,
                "values": []
            },
            "yaxes": [
                {
                    "format": "bytes",
                    "label": "",
                    "logBase": 1,
                    "max": null,
                    "min": 0,
                    "show": true
                },
                {
                    "format": "bytes",
                    "logBase": 1,
                    "max": null,
                    "min": 0,
                    "show": true
                }
            ],
            "yaxis": {
                "align": false,
                "alignLevel": null
            }
        },
        {
            "aliasColors": {
                "Max Core Utilization": "#bf1b00",
                "idle": "#806EB7",
                "iowait": "#E24D42",
                "nice": "#1F78C1",
                "softirq": "#806EB7",
                "system": "#EAB839",
                "user": "#508642"
            },
            "bars": false,
            "dashLength": 10,
            "dashes": false,
            "datasource": "Prometheus",
            "decimals": null,
            "editable": true,
            "error": false,
            "fill": 5,
            "grid": {},
            "gridPos": {
                "h": 7,
                "w": 12,
                "x": 0,
                "y": 11
            },
            "height": "",
            "id": 2,
            "legend": {
                "alignAsTable": true,
                "avg": true,
                "current": false,
                "hideEmpty": true,
                "hideZero": true,
                "max": true,
                "min": true,
                "rightSide": false,
                "show": true,
                "sort": "avg",
                "sortDesc": true,
                "total": false,
                "values": true
            },
            "lines": true,
            "linewidth": 1,
            "links": [],
            "nullPointMode": "null",
            "percentage": false,
            "pointradius": 5,
            "points": false,
            "renderer": "flot",
            "seriesOverrides": [
                {
                    "alias": "Max Core Utilization",
                    "lines": false,
                    "pointradius": 1,
                    "points": true,
                    "stack": false
                }
            ],
            "spaceLength": 10,
            "stack": true,
            "steppedLine": false,
            "targets": [
                {
                    "expr": "clamp_max(((avg by (mode) ( (clamp_max(rate(node_cpu{instance=\"$host\",mode!=\"idle\"}[$interval]),1)) or (clamp_max(irate(node_cpu{instance=\"$host\",mode!=\"idle\"}[5m]),1)) ))*100 or (avg_over_time(node_cpu_average{instance=~\"$host\", mode!=\"total\", mode!=\"idle\"}[$interval]) or avg_over_time(node_cpu_average{instance=~\"$host\", mode!=\"total\", mode!=\"idle\"}[5m]))),100)",
                    "format": "time_series",
                    "interval": "$interval",
                    "intervalFactor": 1,
                    "legendFormat": "{{ mode }}",
                    "refId": "B"
                },
                {
                    "expr": "clamp_max(max by () (sum  by (cpu) ( (clamp_max(rate(node_cpu{instance=\"$host\",mode!=\"idle\",mode!=\"iowait\"}[$interval]),1)) or (clamp_max(irate(node_cpu{instance=\"$host\",mode!=\"idle\",mode!=\"iowait\"}[5m]),1)) )),1)",
                    "format": "time_series",
                    "hide": true,
                    "interval": "$interval",
                    "intervalFactor": 1,
                    "legendFormat": "Max Core Utilization",
                    "refId": "C"
                }
            ],
            "thresholds": [],
            "timeFrom": null,
            "timeShift": null,
            "title": "CPU Usage",
            "tooltip": {
                "msResolution": false,
                "shared": true,
                "sort": 0,
                "value_type": "individual"
            },
            "type": "graph",
            "xaxis": {
                "buckets": null,
                "mode": "time",
                "name": null,
                "show": true,
                "values": []
            },
            "yaxes": [
                {
                    "decimals": 1,
                    "format": "percent",
                    "label": "",
                    "logBase": 1,
                    "max": "100",
                    "min": 0,
                    "show": true
                },
                {
                    "decimals": null,
                    "format": "short",
                    "logBase": 1,
                    "max": null,
                    "min": 0,
                    "show": false
                }
            ],
            "yaxis": {
                "align": false,
                "alignLevel": null
            }
        },
        {
            "aliasColors": {},
            "bars": false,
            "dashLength": 10,
            "dashes": false,
            "datasource": "Prometheus",
            "decimals": null,
            "editable": true,
            "error": false,
            "fill": 6,
            "grid": {},
            "gridPos": {
                "h": 7,
                "w": 12,
                "x": 12,
                "y": 11
            },
            "height": "",
            "id": 29,
            "legend": {
                "alignAsTable": true,
                "avg": true,
                "current": false,
                "hideEmpty": false,
                "max": true,
                "min": true,
                "rightSide": false,
                "show": true,
                "sort": "avg",
                "sortDesc": true,
                "total": false,
                "values": true
            },
            "lines": true,
            "linewidth": 2,
            "links": [],
            "nullPointMode": "null",
            "percentage": false,
            "pointradius": 5,
            "points": false,
            "renderer": "flot",
            "seriesOverrides": [],
            "spaceLength": 10,
            "stack": true,
            "steppedLine": false,
            "targets": [
                {
                    "calculatedInterval": "2s",
                    "datasourceErrors": {},
                    "errors": {},
                    "expr": "node_memory_MemTotal{instance=\"$host\"} - (node_memory_MemFree{instance=\"$host\"} + node_memory_Buffers{instance=\"$host\"} + node_memory_Cached{instance=\"$host\"})",
                    "interval": "$interval",
                    "intervalFactor": 1,
                    "legendFormat": "Used",
                    "metric": "",
                    "refId": "A",
                    "step": 300,
                    "target": ""
                },
                {
                    "calculatedInterval": "2s",
                    "datasourceErrors": {},
                    "errors": {},
                    "expr": "node_memory_MemFree{instance=\"$host\"}",
                    "interval": "$interval",
                    "intervalFactor": 1,
                    "legendFormat": "Free",
                    "metric": "",
                    "refId": "B",
                    "step": 300,
                    "target": ""
                },
                {
                    "calculatedInterval": "2s",
                    "datasourceErrors": {},
                    "errors": {},
                    "expr": "node_memory_Buffers{instance=\"$host\"}",
                    "interval": "$interval",
                    "intervalFactor": 1,
                    "legendFormat": "Buffers",
                    "metric": "",
                    "refId": "D",
                    "step": 300,
                    "target": ""
                },
                {
                    "calculatedInterval": "2s",
                    "datasourceErrors": {},
                    "errors": {},
                    "expr": "node_memory_Cached{instance=\"$host\"}",
                    "interval": "$interval",
                    "intervalFactor": 1,
                    "legendFormat": "Cached",
                    "metric": "",
                    "refId": "E",
                    "step": 300,
                    "target": ""
                }
            ],
            "thresholds": [],
            "timeFrom": null,
            "timeShift": null,
            "title": "Memory Distribution",
            "tooltip": {
                "msResolution": false,
                "shared": true,
                "sort": 0,
                "value_type": "individual"
            },
            "transparent": false,
            "type": "graph",
            "xaxis": {
                "buckets": null,
                "mode": "time",
                "name": null,
                "show": true,
                "values": []
            },
            "yaxes": [
                {
                    "format": "bytes",
                    "label": "",
                    "logBase": 1,
                    "max": null,
                    "min": 0,
                    "show": true
                },
                {
                    "format": "bytes",
                    "logBase": 1,
                    "max": null,
                    "min": 0,
                    "show": true
                }
            ],
            "yaxis": {
                "align": false,
                "alignLevel": null
            }
        },
        {
            "aliasColors": {
                "Allocated": "#E0752D",
                "CPU Load": "#64B0C8",
                "IO Load ": "#EA6460",
                "Limit": "#1F78C1",
                "Normalized CPU Load": "#6ED0E0"
            },
            "bars": false,
            "dashLength": 10,
            "dashes": false,
            "datasource": "Prometheus",
            "decimals": 2,
            "editable": true,
            "error": false,
            "fill": 2,
            "grid": {},
            "gridPos": {
                "h": 8,
                "w": 12,
                "x": 0,
                "y": 18
            },
            "id": 33,
            "legend": {
                "alignAsTable": true,
                "avg": true,
                "current": false,
                "hideEmpty": false,
                "max": true,
                "min": true,
                "rightSide": false,
                "show": true,
                "sortDesc": true,
                "total": false,
                "values": true
            },
            "lines": true,
            "linewidth": 2,
            "links": [],
            "nullPointMode": "null",
            "percentage": false,
            "pointradius": 5,
            "points": false,
            "renderer": "flot",
            "seriesOverrides": [],
            "spaceLength": 10,
            "stack": false,
            "steppedLine": false,
            "targets": [
                {
                    "calculatedInterval": "2s",
                    "datasourceErrors": {},
                    "errors": {},
                    "expr": "(avg_over_time(node_procs_running{instance=\"$host\"}[$interval])-1) / scalar(count(node_cpu{mode=\"user\", instance=\"$host\"})) or (avg_over_time(node_procs_running{instance=\"$host\"}[5m])-1) / scalar(count(node_cpu{mode=\"user\", instance=\"$host\"}))",
                    "format": "time_series",
                    "hide": false,
                    "interval": "$interval",
                    "intervalFactor": 1,
                    "legendFormat": "Normalized CPU Load",
                    "metric": "",
                    "refId": "B",
                    "step": 300,
                    "target": ""
                },
                {
                    "calculatedInterval": "2s",
                    "datasourceErrors": {},
                    "errors": {},
                    "expr": "avg_over_time(node_procs_blocked{instance=\"$host\"}[$interval]) or avg_over_time(node_procs_blocked{instance=\"$host\"}[5m])",
                    "format": "time_series",
                    "interval": "$interval",
                    "intervalFactor": 1,
                    "legendFormat": "IO Load ",
                    "metric": "",
                    "refId": "A",
                    "step": 300,
                    "target": ""
                }
            ],
            "thresholds": [],
            "timeFrom": null,
            "timeShift": null,
            "title": "Saturation Metrics",
            "tooltip": {
                "msResolution": false,
                "shared": true,
                "sort": 0,
                "value_type": "individual"
            },
            "transparent": false,
            "type": "graph",
            "xaxis": {
                "buckets": null,
                "mode": "time",
                "name": null,
                "show": true,
                "values": []
            },
            "yaxes": [
                {
                    "format": "short",
                    "label": "",
                    "logBase": 1,
                    "max": null,
                    "min": 0,
                    "show": true
                },
                {
                    "format": "short",
                    "logBase": 1,
                    "max": null,
                    "min": 0,
                    "show": true
                }
            ],
            "yaxis": {
                "align": false,
                "alignLevel": null
            }
        },
        {
            "aliasColors": {},
            "bars": false,
            "dashLength": 10,
            "dashes": false,
            "datasource": "Prometheus",
            "decimals": 2,
            "editable": true,
            "error": false,
            "fill": 0,
            "grid": {},
            "gridPos": {
                "h": 8,
                "w": 12,
                "x": 12,
                "y": 18
            },
            "height": "",
            "id": 34,
            "legend": {
                "alignAsTable": true,
                "avg": true,
                "current": false,
                "hideEmpty": false,
                "hideZero": false,
                "max": true,
                "min": true,
                "rightSide": false,
                "show": true,
                "sort": null,
                "sortDesc": null,
                "total": false,
                "values": true
            },
            "lines": true,
            "linewidth": 2,
            "links": [],
            "nullPointMode": "null",
            "percentage": false,
            "pointradius": 5,
            "points": false,
            "renderer": "flot",
            "seriesOverrides": [],
            "spaceLength": 10,
            "stack": false,
            "steppedLine": false,
            "targets": [
                {
                    "calculatedInterval": "2s",
                    "datasourceErrors": {},
                    "errors": {},
                    "expr": "node_memory_Active{instance=\"$host\"}",
                    "interval": "$interval",
                    "intervalFactor": 1,
                    "legendFormat": "Active ",
                    "metric": "",
                    "refId": "C",
                    "step": 300,
                    "target": ""
                },
                {
                    "calculatedInterval": "2s",
                    "datasourceErrors": {},
                    "errors": {},
                    "expr": "node_memory_Active_anon{instance=\"$host\"}",
                    "interval": "$interval",
                    "intervalFactor": 1,
                    "legendFormat": "Active (anonymous)",
                    "metric": "",
                    "refId": "A",
                    "step": 300,
                    "target": ""
                },
                {
                    "calculatedInterval": "2s",
                    "datasourceErrors": {},
                    "errors": {},
                    "expr": "node_memory_Active_file{instance=\"$host\"}",
                    "interval": "$interval",
                    "intervalFactor": 1,
                    "legendFormat": "Active (file)",
                    "metric": "",
                    "refId": "B",
                    "step": 300,
                    "target": ""
                },
                {
                    "expr": "node_memory_AnonHugePages{instance=\"$host\"}",
                    "hide": false,
                    "interval": "$interval",
                    "intervalFactor": 1,
                    "legendFormat": "Anonymous Huge Pages",
                    "refId": "D",
                    "step": 300
                },
                {
                    "expr": "node_memory_AnonPages{instance=\"$host\"}",
                    "interval": "$interval",
                    "intervalFactor": 1,
                    "legendFormat": "Anonymous Pages",
                    "refId": "E",
                    "step": 300
                },
                {
                    "expr": "node_memory_Buffers{instance=\"$host\"}",
                    "interval": "$interval",
                    "intervalFactor": 1,
                    "legendFormat": "Buffers",
                    "refId": "F",
                    "step": 300
                },
                {
                    "expr": "node_memory_Cached{instance=\"$host\"}",
                    "interval": "$interval",
                    "intervalFactor": 1,
                    "legendFormat": "Cached",
                    "refId": "G",
                    "step": 300
                },
                {
                    "expr": "node_memory_DirectMap1G{instance=\"$host\"}",
                    "interval": "$interval",
                    "intervalFactor": 1,
                    "legendFormat": "Direct Mapped 1G Pages",
                    "refId": "H",
                    "step": 300
                },
                {
                    "expr": "node_memory_DirectMap2M{instance=\"$host\"}",
                    "interval": "$interval",
                    "intervalFactor": 1,
                    "legendFormat": "Direct Mapped 2M Pages",
                    "refId": "I",
                    "step": 300
                },
                {
                    "expr": "node_memory_DirectMap4k{instance=\"$host\"}",
                    "interval": "$interval",
                    "intervalFactor": 1,
                    "legendFormat": "Direct Mapped 4k Pages",
                    "refId": "J",
                    "step": 300
                },
                {
                    "expr": "node_memory_Inactive{instance=\"$host\"}",
                    "interval": "$interval",
                    "intervalFactor": 1,
                    "legendFormat": "Inactive",
                    "refId": "K",
                    "step": 300
                },
                {
                    "expr": "node_memory_Inactive_anon{instance=\"$host\"}",
                    "interval": "$interval",
                    "intervalFactor": 1,
                    "legendFormat": "Inactive (anonymous)",
                    "refId": "L",
                    "step": 300
                },
                {
                    "expr": "node_memory_Inactive_file{instance=\"$host\"}",
                    "interval": "$interval",
                    "intervalFactor": 1,
                    "legendFormat": "Inactive (file)",
                    "refId": "M",
                    "step": 300
                },
                {
                    "expr": "node_memory_KernelStack{instance=\"$host\"}",
                    "interval": "$interval",
                    "intervalFactor": 1,
                    "legendFormat": "Kernel Stack",
                    "refId": "N",
                    "step": 300
                },
                {
                    "expr": "node_memory_Mapped{instance=\"$host\"}",
                    "interval": "$interval",
                    "intervalFactor": 1,
                    "legendFormat": "Memory mmap() files",
                    "refId": "O",
                    "step": 300
                },
                {
                    "expr": "node_memory_MemAvailable{instance=\"$host\"}",
                    "interval": "$interval",
                    "intervalFactor": 1,
                    "legendFormat": "Available Memory",
                    "refId": "P",
                    "step": 300
                },
                {
                    "expr": "node_memory_MemFree{instance=\"$host\"}",
                    "interval": "$interval",
                    "intervalFactor": 1,
                    "legendFormat": "Memory Free",
                    "refId": "Q",
                    "step": 300
                },
                {
                    "expr": "node_memory_MemTotal{instance=\"$host\"}",
                    "interval": "$interval",
                    "intervalFactor": 1,
                    "legendFormat": "Total Memory",
                    "metric": "",
                    "refId": "R",
                    "step": 300
                },
                {
                    "expr": "node_memory_PageTables{instance=\"$host\"}",
                    "interval": "$interval",
                    "intervalFactor": 1,
                    "legendFormat": "Page Tables",
                    "refId": "S",
                    "step": 300
                },
                {
                    "expr": "node_memory_SReclaimable{instance=\"$host\"}",
                    "interval": "$interval",
                    "intervalFactor": 1,
                    "legendFormat": "Slab Reclaimable",
                    "refId": "T",
                    "step": 300
                },
                {
                    "expr": "node_memory_SUnreclaim{instance=\"$host\"}",
                    "interval": "$interval",
                    "intervalFactor": 1,
                    "legendFormat": "Slab Unreclaimable",
                    "refId": "U",
                    "step": 300
                },
                {
                    "expr": "node_memory_Shmem{instance=\"$host\"}",
                    "interval": "$interval",
                    "intervalFactor": 1,
                    "legendFormat": "Shared Memory",
                    "refId": "V",
                    "step": 300
                },
                {
                    "expr": "node_memory_Slab{instance=\"$host\"}",
                    "interval": "$interval",
                    "intervalFactor": 1,
                    "legendFormat": "Slab Total",
                    "metric": "",
                    "refId": "W",
                    "step": 300
                },
                {
                    "expr": "node_memory_SwapCached{instance=\"$host\"}",
                    "interval": "$interval",
                    "intervalFactor": 1,
                    "legendFormat": "Swap Cached",
                    "refId": "X",
                    "step": 300
                }
            ],
            "thresholds": [],
            "timeFrom": null,
            "timeShift": null,
            "title": "Memory Advanced Details",
            "tooltip": {
                "msResolution": false,
                "shared": true,
                "sort": 0,
                "value_type": "individual"
            },
            "transparent": false,
            "type": "graph",
            "xaxis": {
                "buckets": null,
                "mode": "time",
                "name": null,
                "show": true,
                "values": []
            },
            "yaxes": [
                {
                    "format": "bytes",
                    "label": "",
                    "logBase": 1,
                    "max": null,
                    "min": 0,
                    "show": true
                },
                {
                    "format": "bytes",
                    "logBase": 1,
                    "max": null,
                    "min": 0,
                    "show": true
                }
            ],
            "yaxis": {
                "align": false,
                "alignLevel": null
            }
        },
        {
            "aliasColors": {},
            "bars": true,
            "dashLength": 10,
            "dashes": false,
            "datasource": "Prometheus",
            "decimals": null,
            "editable": true,
            "error": false,
            "fill": 2,
            "grid": {},
            "gridPos": {
                "h": 7,
                "w": 12,
                "x": 0,
                "y": 26
            },
            "id": 24,
            "legend": {
                "alignAsTable": true,
                "avg": true,
                "current": false,
                "hideEmpty": false,
                "max": true,
                "min": true,
                "rightSide": false,
                "show": true,
                "total": false,
                "values": true
            },
            "lines": false,
            "linewidth": 2,
            "links": [],
            "nullPointMode": "null",
            "percentage": false,
            "pointradius": 5,
            "points": false,
            "renderer": "flot",
            "seriesOverrides": [
                {
                    "alias": "Forks",
                    "color": "#EF843C"
                }
            ],
            "spaceLength": 10,
            "stack": false,
            "steppedLine": false,
            "targets": [
                {
                    "calculatedInterval": "2m",
                    "datasourceErrors": {},
                    "errors": {},
                    "expr": "rate(node_forks{instance=\"$host\"}[$interval]) or irate(node_forks{instance=\"$host\"}[5m])",
                    "interval": "$interval",
                    "intervalFactor": 1,
                    "legendFormat": "Forks",
                    "metric": "",
                    "refId": "A",
                    "step": 300,
                    "target": ""
                }
            ],
            "thresholds": [],
            "timeFrom": null,
            "timeShift": null,
            "title": "Forks",
            "tooltip": {
                "msResolution": false,
                "shared": true,
                "sort": 0,
                "value_type": "individual"
            },
            "transparent": false,
            "type": "graph",
            "xaxis": {
                "buckets": null,
                "mode": "time",
                "name": null,
                "show": true,
                "values": []
            },
            "yaxes": [
                {
                    "format": "none",
                    "label": "",
                    "logBase": 1,
                    "max": null,
                    "min": 0,
                    "show": true
                },
                {
                    "format": "none",
                    "logBase": 1,
                    "max": null,
                    "min": 0,
                    "show": true
                }
            ],
            "yaxis": {
                "align": false,
                "alignLevel": null
            }
        },
        {
            "aliasColors": {},
            "bars": true,
            "dashLength": 10,
            "dashes": false,
            "datasource": "Prometheus",
            "decimals": null,
            "editable": true,
            "error": false,
            "fill": 2,
            "grid": {},
            "gridPos": {
                "h": 7,
                "w": 12,
                "x": 12,
                "y": 26
            },
            "id": 20,
            "legend": {
                "alignAsTable": true,
                "avg": true,
                "current": false,
                "hideEmpty": false,
                "max": true,
                "min": true,
                "rightSide": false,
                "show": true,
                "sort": "avg",
                "sortDesc": true,
                "total": false,
                "values": true
            },
            "lines": false,
            "linewidth": 2,
            "links": [],
            "nullPointMode": "null",
            "percentage": false,
            "pointradius": 5,
            "points": false,
            "renderer": "flot",
            "seriesOverrides": [
                {
                    "alias": "Processes blocked waiting for I/O to complete",
                    "color": "#E24D42"
                },
                {
                    "alias": "Processes in runnable state",
                    "color": "#6ED0E0"
                }
            ],
            "spaceLength": 10,
            "stack": true,
            "steppedLine": false,
            "targets": [
                {
                    "calculatedInterval": "2m",
                    "datasourceErrors": {},
                    "errors": {},
                    "expr": "node_procs_running{instance=\"$host\"}",
                    "interval": "$interval",
                    "intervalFactor": 1,
                    "legendFormat": "Processes in runnable state",
                    "metric": "",
                    "refId": "A",
                    "step": 300,
                    "target": ""
                },
                {
                    "calculatedInterval": "2m",
                    "datasourceErrors": {},
                    "errors": {},
                    "expr": "node_procs_blocked{instance=\"$host\"}",
                    "interval": "$interval",
                    "intervalFactor": 1,
                    "legendFormat": "Processes blocked waiting for I/O to complete",
                    "metric": "",
                    "refId": "B",
                    "step": 300,
                    "target": ""
                }
            ],
            "thresholds": [],
            "timeFrom": null,
            "timeShift": null,
            "title": "Processes",
            "tooltip": {
                "msResolution": false,
                "shared": true,
                "sort": 0,
                "value_type": "individual"
            },
            "transparent": false,
            "type": "graph",
            "xaxis": {
                "buckets": null,
                "mode": "time",
                "name": null,
                "show": true,
                "values": []
            },
            "yaxes": [
                {
                    "format": "none",
                    "label": "",
                    "logBase": 1,
                    "max": null,
                    "min": 0,
                    "show": true
                },
                {
                    "format": "none",
                    "logBase": 1,
                    "max": null,
                    "min": 0,
                    "show": true
                }
            ],
            "yaxis": {
                "align": false,
                "alignLevel": null
            }
        },
        {
            "aliasColors": {},
            "bars": false,
            "dashLength": 10,
            "dashes": false,
            "datasource": "Prometheus",
            "decimals": null,
            "editable": true,
            "error": false,
            "fill": 2,
            "grid": {},
            "gridPos": {
                "h": 7,
                "w": 12,
                "x": 0,
                "y": 33
            },
            "id": 27,
            "legend": {
                "alignAsTable": true,
                "avg": true,
                "current": false,
                "hideEmpty": false,
                "max": true,
                "min": true,
                "rightSide": false,
                "show": true,
                "total": false,
                "values": true
            },
            "lines": true,
            "linewidth": 2,
            "links": [],
            "nullPointMode": "null",
            "percentage": false,
            "pointradius": 5,
            "points": false,
            "renderer": "flot",
            "seriesOverrides": [],
            "spaceLength": 10,
            "stack": false,
            "steppedLine": false,
            "targets": [
                {
                    "calculatedInterval": "2m",
                    "datasourceErrors": {},
                    "errors": {},
                    "expr": "rate(node_context_switches{instance=\"$host\"}[$interval]) or irate(node_context_switches{instance=\"$host\"}[5m])",
                    "format": "time_series",
                    "interval": "$interval",
                    "intervalFactor": 1,
                    "legendFormat": "Context Switches",
                    "metric": "",
                    "refId": "A",
                    "step": 300,
                    "target": ""
                },
                {
                    "expr": "(rate(node_context_switches{instance=\"$host\"}[$interval]) or irate(node_context_switches{instance=\"$host\"}[5m])) / scalar(count(node_cpu{mode=\"user\", instance=\"$host\"}))",
                    "format": "time_series",
                    "intervalFactor": 1,
                    "legendFormat": "Context Switches per Virtual CPU",
                    "refId": "B",
                    "step": 60
                }
            ],
            "thresholds": [],
            "timeFrom": null,
            "timeShift": null,
            "title": "Context Switches",
            "tooltip": {
                "msResolution": false,
                "shared": true,
                "sort": 0,
                "value_type": "individual"
            },
            "transparent": false,
            "type": "graph",
            "xaxis": {
                "buckets": null,
                "mode": "time",
                "name": null,
                "show": true,
                "values": []
            },
            "yaxes": [
                {
                    "format": "short",
                    "label": "",
                    "logBase": 1,
                    "max": null,
                    "min": 0,
                    "show": true
                },
                {
                    "format": "short",
                    "logBase": 1,
                    "max": null,
                    "min": 0,
                    "show": true
                }
            ],
            "yaxis": {
                "align": false,
                "alignLevel": null
            }
        },
        {
            "aliasColors": {},
            "bars": false,
            "dashLength": 10,
            "dashes": false,
            "datasource": "Prometheus",
            "decimals": null,
            "editable": true,
            "error": false,
            "fill": 2,
            "grid": {},
            "gridPos": {
                "h": 7,
                "w": 12,
                "x": 12,
                "y": 33
            },
            "id": 28,
            "legend": {
                "alignAsTable": true,
                "avg": true,
                "current": false,
                "hideEmpty": false,
                "max": true,
                "min": true,
                "rightSide": false,
                "show": true,
                "total": false,
                "values": true
            },
            "lines": true,
            "linewidth": 2,
            "links": [],
            "nullPointMode": "null",
            "percentage": false,
            "pointradius": 5,
            "points": false,
            "renderer": "flot",
            "seriesOverrides": [
                {
                    "alias": "Interrupts",
                    "color": "#D683CE"
                }
            ],
            "spaceLength": 10,
            "stack": false,
            "steppedLine": false,
            "targets": [
                {
                    "calculatedInterval": "2m",
                    "datasourceErrors": {},
                    "errors": {},
                    "expr": "rate(node_intr{instance=\"$host\"}[$interval]) or irate(node_intr{instance=\"$host\"}[5m])",
                    "interval": "$interval",
                    "intervalFactor": 1,
                    "legendFormat": "Interrupts",
                    "metric": "",
                    "refId": "A",
                    "step": 300,
                    "target": ""
                }
            ],
            "thresholds": [],
            "timeFrom": null,
            "timeShift": null,
            "title": "Interrupts",
            "tooltip": {
                "msResolution": true,
                "shared": true,
                "sort": 0,
                "value_type": "individual"
            },
            "transparent": false,
            "type": "graph",
            "xaxis": {
                "buckets": null,
                "mode": "time",
                "name": null,
                "show": true,
                "values": []
            },
            "yaxes": [
                {
                    "format": "none",
                    "label": "",
                    "logBase": 1,
                    "max": null,
                    "min": 0,
                    "show": true
                },
                {
                    "format": "none",
                    "logBase": 1,
                    "max": null,
                    "min": 0,
                    "show": true
                }
            ],
            "yaxis": {
                "align": false,
                "alignLevel": null
            }
        },
        {
            "aliasColors": {},
            "bars": false,
            "dashLength": 10,
            "dashes": false,
            "datasource": "Prometheus",
            "decimals": null,
            "editable": true,
            "error": false,
            "fill": 2,
            "grid": {},
            "gridPos": {
                "h": 7,
                "w": 12,
                "x": 0,
                "y": 40
            },
            "id": 21,
            "legend": {
                "alignAsTable": true,
                "avg": true,
                "current": false,
                "hideEmpty": false,
                "max": true,
                "min": true,
                "rightSide": false,
                "show": true,
                "sort": null,
                "sortDesc": null,
                "total": false,
                "values": true
            },
            "lines": true,
            "linewidth": 2,
            "links": [],
            "nullPointMode": "null",
            "percentage": false,
            "pointradius": 5,
            "points": false,
            "renderer": "flot",
            "seriesOverrides": [
                {
                    "alias": "Outbound",
                    "transform": "negative-Y"
                }
            ],
            "spaceLength": 10,
            "stack": false,
            "steppedLine": false,
            "targets": [
                {
                    "calculatedInterval": "2s",
                    "datasourceErrors": {},
                    "errors": {},
                    "expr": "sum(rate(node_network_receive_bytes{instance=\"$host\", device!=\"lo\"}[$interval])) or sum(irate(node_network_receive_bytes{instance=\"$host\", device!=\"lo\"}[5m])) or sum(max_over_time(rdsosmetrics_network_rx{instance=\"$host\"}[$interval])) or sum(max_over_time(rdsosmetrics_network_rx{instance=\"$host\"}[5m])) ",
                    "format": "time_series",
                    "interval": "$interval",
                    "intervalFactor": 1,
                    "legendFormat": "Inbound",
                    "metric": "",
                    "refId": "B",
                    "step": 300,
                    "target": ""
                },
                {
                    "calculatedInterval": "2s",
                    "datasourceErrors": {},
                    "errors": {},
                    "expr": "sum(rate(node_network_transmit_bytes{instance=\"$host\", device!=\"lo\"}[$interval])) or sum(irate(node_network_transmit_bytes{instance=\"$host\", device!=\"lo\"}[5m])) or\nsum(max_over_time(rdsosmetrics_network_tx{instance=\"$host\"}[$interval])) or sum(max_over_time(rdsosmetrics_network_tx{instance=\"$host\"}[5m]))",
                    "format": "time_series",
                    "interval": "$interval",
                    "intervalFactor": 1,
                    "legendFormat": "Outbound",
                    "metric": "",
                    "refId": "A",
                    "step": 300,
                    "target": ""
                }
            ],
            "thresholds": [],
            "timeFrom": null,
            "timeShift": null,
            "title": "Network Traffic",
            "tooltip": {
                "msResolution": false,
                "shared": true,
                "sort": 0,
                "value_type": "individual"
            },
            "transparent": false,
            "type": "graph",
            "xaxis": {
                "buckets": null,
                "mode": "time",
                "name": null,
                "show": true,
                "values": []
            },
            "yaxes": [
                {
                    "format": "Bps",
                    "label": "",
                    "logBase": 1,
                    "max": null,
                    "min": null,
                    "show": true
                },
                {
                    "format": "bytes",
                    "logBase": 1,
                    "max": null,
                    "min": 0,
                    "show": true
                }
            ],
            "yaxis": {
                "align": false,
                "alignLevel": null
            }
        },
        {
            "aliasColors": {},
            "bars": true,
            "dashLength": 10,
            "dashes": false,
            "datasource": "Prometheus",
            "decimals": null,
            "editable": true,
            "error": false,
            "fill": 6,
            "grid": {},
            "gridPos": {
                "h": 7,
                "w": 12,
                "x": 12,
                "y": 40
            },
            "id": 22,
            "legend": {
                "alignAsTable": true,
                "avg": true,
                "current": false,
                "hideEmpty": false,
                "max": true,
                "min": true,
                "rightSide": false,
                "show": true,
                "sort": null,
                "sortDesc": null,
                "total": false,
                "values": true
            },
            "lines": false,
            "linewidth": 2,
            "links": [],
            "nullPointMode": "null",
            "percentage": false,
            "pointradius": 5,
            "points": false,
            "renderer": "flot",
            "seriesOverrides": [],
            "spaceLength": 10,
            "stack": true,
            "steppedLine": false,
            "targets": [
                {
                    "calculatedInterval": "2s",
                    "datasourceErrors": {},
                    "errors": {},
                    "expr": "sum(increase(node_network_receive_bytes{instance=\"$host\", device!=\"lo\"}[1h])) or sum(increase(rdsosmetrics_network_rx{instance=\"$host\", device!=\"lo\"}[1h]))",
                    "format": "time_series",
                    "hide": false,
                    "interval": "1h",
                    "intervalFactor": 1,
                    "legendFormat": "Received",
                    "metric": "",
                    "refId": "A",
                    "step": 3600,
                    "target": ""
                },
                {
                    "calculatedInterval": "2s",
                    "datasourceErrors": {},
                    "errors": {},
                    "expr": "sum(increase(node_network_transmit_bytes{instance=\"$host\", device!=\"lo\"}[1h])) or sum(increase(rdsosmetrics_network_tx{instance=\"$host\", device!=\"lo\"}[1h]))",
                    "format": "time_series",
                    "hide": false,
                    "interval": "1h",
                    "intervalFactor": 1,
                    "legendFormat": "Sent",
                    "metric": "",
                    "refId": "B",
                    "step": 3600,
                    "target": ""
                }
            ],
            "thresholds": [],
            "timeFrom": "24h",
            "timeShift": null,
            "title": "Network Utilization Hourly",
            "tooltip": {
                "msResolution": false,
                "shared": true,
                "sort": 0,
                "value_type": "individual"
            },
            "transparent": false,
            "type": "graph",
            "xaxis": {
                "buckets": null,
                "mode": "time",
                "name": null,
                "show": true,
                "values": []
            },
            "yaxes": [
                {
                    "format": "bytes",
                    "label": "",
                    "logBase": 1,
                    "max": null,
                    "min": 0,
                    "show": true
                },
                {
                    "format": "bytes",
                    "logBase": 1,
                    "max": null,
                    "min": 0,
                    "show": true
                }
            ],
            "yaxis": {
                "align": false,
                "alignLevel": null
            }
        },
        {
            "aliasColors": {},
            "bars": false,
            "dashLength": 10,
            "dashes": false,
            "datasource": "Prometheus",
            "decimals": null,
            "editable": true,
            "error": false,
            "fill": 6,
            "grid": {},
            "gridPos": {
                "h": 7,
                "w": 12,
                "x": 0,
                "y": 47
            },
            "id": 23,
            "legend": {
                "alignAsTable": true,
                "avg": true,
                "current": false,
                "hideEmpty": false,
                "max": true,
                "min": true,
                "rightSide": false,
                "show": true,
                "sort": null,
                "sortDesc": null,
                "total": false,
                "values": true
            },
            "lines": true,
            "linewidth": 2,
            "links": [],
            "nullPointMode": "null",
            "percentage": false,
            "pointradius": 5,
            "points": false,
            "renderer": "flot",
            "seriesOverrides": [
                {
                    "alias": "Used",
                    "color": "#584477"
                },
                {
                    "alias": "Free",
                    "color": "#AEA2E0"
                }
            ],
            "spaceLength": 10,
            "stack": true,
            "steppedLine": false,
            "targets": [
                {
                    "calculatedInterval": "2s",
                    "datasourceErrors": {},
                    "errors": {},
                    "expr": "node_memory_SwapTotal{instance=\"$host\"} - node_memory_SwapFree{instance=\"$host\"}",
                    "interval": "$interval",
                    "intervalFactor": 1,
                    "legendFormat": "Used",
                    "metric": "",
                    "refId": "A",
                    "step": 300,
                    "target": ""
                },
                {
                    "calculatedInterval": "2s",
                    "datasourceErrors": {},
                    "errors": {},
                    "expr": "node_memory_SwapFree{instance=\"$host\"}",
                    "interval": "$interval",
                    "intervalFactor": 1,
                    "legendFormat": "Free",
                    "metric": "",
                    "refId": "B",
                    "step": 300,
                    "target": ""
                }
            ],
            "thresholds": [],
            "timeFrom": null,
            "timeShift": null,
            "title": "Swap",
            "tooltip": {
                "msResolution": false,
                "shared": true,
                "sort": 0,
                "value_type": "individual"
            },
            "transparent": false,
            "type": "graph",
            "xaxis": {
                "buckets": null,
                "mode": "time",
                "name": null,
                "show": true,
                "values": []
            },
            "yaxes": [
                {
                    "format": "bytes",
                    "label": "",
                    "logBase": 1,
                    "max": null,
                    "min": 0,
                    "show": true
                },
                {
                    "format": "bytes",
                    "logBase": 1,
                    "max": null,
                    "min": 0,
                    "show": true
                }
            ],
            "yaxis": {
                "align": false,
                "alignLevel": null
            }
        },
        {
            "aliasColors": {},
            "bars": false,
            "dashLength": 10,
            "dashes": false,
            "datasource": "Prometheus",
            "decimals": null,
            "editable": true,
            "error": false,
            "fill": 2,
            "grid": {},
            "gridPos": {
                "h": 7,
                "w": 12,
                "x": 12,
                "y": 47
            },
            "id": 30,
            "legend": {
                "alignAsTable": true,
                "avg": true,
                "current": false,
                "hideEmpty": false,
                "max": true,
                "min": true,
                "rightSide": false,
                "show": true,
                "sort": "avg",
                "sortDesc": true,
                "total": false,
                "values": true
            },
            "lines": true,
            "linewidth": 2,
            "links": [],
            "nullPointMode": "null",
            "percentage": false,
            "pointradius": 5,
            "points": false,
            "renderer": "flot",
            "seriesOverrides": [],
            "spaceLength": 10,
            "stack": false,
            "steppedLine": false,
            "targets": [
                {
                    "calculatedInterval": "2s",
                    "datasourceErrors": {},
                    "errors": {},
                    "expr": "rate(node_vmstat_pswpin{instance=\"$host\"}[$interval]) * 4096 or irate(node_vmstat_pswpin{instance=\"$host\"}[5m]) * 4096",
                    "interval": "$interval",
                    "intervalFactor": 1,
                    "legendFormat": "Swap In (Reads)",
                    "metric": "",
                    "refId": "A",
                    "step": 300,
                    "target": ""
                },
                {
                    "calculatedInterval": "2s",
                    "datasourceErrors": {},
                    "errors": {},
                    "expr": "rate(node_vmstat_pswpout{instance=\"$host\"}[$interval]) * 4096 or irate(node_vmstat_pswpout{instance=\"$host\"}[5m]) * 4096",
                    "interval": "$interval",
                    "intervalFactor": 1,
                    "legendFormat": "Swap Out (Writes)",
                    "metric": "",
                    "refId": "B",
                    "step": 300,
                    "target": ""
                }
            ],
            "thresholds": [],
            "timeFrom": null,
            "timeShift": null,
            "title": "Swap Activity",
            "tooltip": {
                "msResolution": false,
                "shared": true,
                "sort": 0,
                "value_type": "individual"
            },
            "transparent": false,
            "type": "graph",
            "xaxis": {
                "buckets": null,
                "mode": "time",
                "name": null,
                "show": true,
                "values": []
            },
            "yaxes": [
                {
                    "format": "Bps",
                    "label": "",
                    "logBase": 1,
                    "max": null,
                    "min": 0,
                    "show": true
                },
                {
                    "format": "bytes",
                    "logBase": 1,
                    "max": null,
                    "min": 0,
                    "show": true
                }
            ],
            "yaxis": {
                "align": false,
                "alignLevel": null
            }
        },
        {
            "aliasColors": {},
            "bars": false,
            "dashLength": 10,
            "dashes": false,
            "datasource": "Prometheus",
            "decimals": null,
            "editable": true,
            "error": false,
            "fill": 2,
            "grid": {},
            "gridPos": {
                "h": 7,
                "w": 12,
                "x": 0,
                "y": 54
            },
            "id": 31,
            "legend": {
                "alignAsTable": true,
                "avg": true,
                "current": false,
                "hideEmpty": false,
                "max": true,
                "min": true,
                "rightSide": false,
                "show": true,
                "sort": "avg",
                "sortDesc": true,
                "total": false,
                "values": true
            },
            "lines": true,
            "linewidth": 2,
            "links": [],
            "nullPointMode": "null",
            "percentage": false,
            "pointradius": 5,
            "points": false,
            "renderer": "flot",
            "seriesOverrides": [],
            "spaceLength": 10,
            "stack": false,
            "steppedLine": false,
            "targets": [
                {
                    "calculatedInterval": "2s",
                    "datasourceErrors": {},
                    "errors": {},
                    "expr": "rate(node_vmstat_pgpgin{instance=\"$host\"}[$interval]) * 1024 or irate(node_vmstat_pgpgin{instance=\"$host\"}[5m]) * 1024",
                    "format": "time_series",
                    "interval": "$interval",
                    "intervalFactor": 1,
                    "legendFormat": "Page In",
                    "metric": "",
                    "refId": "A",
                    "step": 300,
                    "target": ""
                },
                {
                    "calculatedInterval": "2s",
                    "datasourceErrors": {},
                    "errors": {},
                    "expr": "rate(node_vmstat_pgpgout{instance=\"$host\"}[$interval]) * 1024 or irate(node_vmstat_pgpgout{instance=\"$host\"}[5m]) * 1024",
                    "format": "time_series",
                    "interval": "$interval",
                    "intervalFactor": 1,
                    "legendFormat": "Page Out",
                    "metric": "",
                    "refId": "B",
                    "step": 300,
                    "target": ""
                }
            ],
            "thresholds": [],
            "timeFrom": null,
            "timeShift": null,
            "title": "I/O Activity",
            "tooltip": {
                "msResolution": false,
                "shared": true,
                "sort": 0,
                "value_type": "individual"
            },
            "transparent": false,
            "type": "graph",
            "xaxis": {
                "buckets": null,
                "mode": "time",
                "name": null,
                "show": true,
                "values": []
            },
            "yaxes": [
                {
                    "format": "Bps",
                    "label": "",
                    "logBase": 1,
                    "max": null,
                    "min": 0,
                    "show": true
                },
                {
                    "format": "bytes",
                    "logBase": 1,
                    "max": null,
                    "min": 0,
                    "show": true
                }
            ],
            "yaxis": {
                "align": false,
                "alignLevel": null
            }
        },
        {
            "aliasColors": {
                "Allocated": "#E0752D",
                "Limit": "#1F78C1"
            },
            "bars": false,
            "dashLength": 10,
            "dashes": false,
            "datasource": "Prometheus",
            "decimals": null,
            "editable": true,
            "error": false,
            "fill": 2,
            "grid": {},
            "gridPos": {
                "h": 7,
                "w": 12,
                "x": 12,
                "y": 54
            },
            "id": 32,
            "legend": {
                "alignAsTable": true,
                "avg": true,
                "current": false,
                "hideEmpty": false,
                "max": true,
                "min": true,
                "rightSide": false,
                "show": true,
                "sort": "avg",
                "sortDesc": true,
                "total": false,
                "values": true
            },
            "lines": true,
            "linewidth": 2,
            "links": [],
            "nullPointMode": "null",
            "percentage": false,
            "pointradius": 5,
            "points": false,
            "renderer": "flot",
            "seriesOverrides": [],
            "spaceLength": 10,
            "stack": false,
            "steppedLine": false,
            "targets": [
                {
                    "calculatedInterval": "2s",
                    "datasourceErrors": {},
                    "errors": {},
                    "expr": "node_filefd_maximum{instance=\"$host\"}",
                    "format": "time_series",
                    "interval": "$interval",
                    "intervalFactor": 1,
                    "legendFormat": "Limit",
                    "metric": "",
                    "refId": "B",
                    "step": 300,
                    "target": ""
                },
                {
                    "calculatedInterval": "2s",
                    "datasourceErrors": {},
                    "errors": {},
                    "expr": "node_filefd_allocated{instance=\"$host\"}",
                    "format": "time_series",
                    "interval": "$interval",
                    "intervalFactor": 1,
                    "legendFormat": "Allocated",
                    "metric": "",
                    "refId": "A",
                    "step": 300,
                    "target": ""
                }
            ],
            "thresholds": [],
            "timeFrom": null,
            "timeShift": null,
            "title": "File Descriptors",
            "tooltip": {
                "msResolution": false,
                "shared": true,
                "sort": 0,
                "value_type": "individual"
            },
            "transparent": false,
            "type": "graph",
            "xaxis": {
                "buckets": null,
                "mode": "time",
                "name": null,
                "show": true,
                "values": []
            },
            "yaxes": [
                {
                    "format": "short",
                    "label": "",
                    "logBase": 1,
                    "max": null,
                    "min": 0,
                    "show": true
                },
                {
                    "format": "short",
                    "logBase": 1,
                    "max": null,
                    "min": 0,
                    "show": true
                }
            ],
            "yaxis": {
                "align": false,
                "alignLevel": null
            }
        }
    ],
    "refresh": "1m",
    "schemaVersion": 16,
    "style": "dark",
    "tags": [
        "OS",
        "Percona"
    ],
    "templating": {
        "list": [
            {
                "allFormat": "glob",
                "auto": true,
                "auto_count": 200,
                "auto_min": "1s",
                "current": {
                    "text": "auto",
                    "value": "$__auto_interval_interval"
                },
                "datasource": "Prometheus",
                "hide": 0,
                "includeAll": false,
                "label": "Interval",
                "multi": false,
                "multiFormat": "glob",
                "name": "interval",
                "options": [
                    {
                        "selected": true,
                        "text": "auto",
                        "value": "$__auto_interval_interval"
                    },
                    {
                        "selected": false,
                        "text": "1s",
                        "value": "1s"
                    },
                    {
                        "selected": false,
                        "text": "5s",
                        "value": "5s"
                    },
                    {
                        "selected": false,
                        "text": "1m",
                        "value": "1m"
                    },
                    {
                        "selected": false,
                        "text": "5m",
                        "value": "5m"
                    },
                    {
                        "selected": false,
                        "text": "1h",
                        "value": "1h"
                    },
                    {
                        "selected": false,
                        "text": "6h",
                        "value": "6h"
                    },
                    {
                        "selected": false,
                        "text": "1d",
                        "value": "1d"
                    }
                ],
                "query": "1s,5s,1m,5m,1h,6h,1d",
                "refresh": 2,
                "type": "interval"
            },
            {
                "allFormat": "glob",
                "allValue": null,
                "current": {},
                "datasource": "Prometheus",
                "hide": 0,
                "includeAll": false,
                "label": "Host",
                "multi": false,
                "multiFormat": "regex values",
                "name": "host",
                "options": [],
                "query": "label_values(node_load1, instance)",
                "refresh": 1,
                "refresh_on_load": false,
                "regex": "",
                "sort": 1,
                "tagValuesQuery": "instance",
                "tags": [],
                "tagsQuery": "up",
                "type": "query",
                "useTags": false
            }
        ]
    },
    "time": {
        "from": "now-12h",
        "to": "now"
    },
    "timepicker": {
        "collapse": false,
        "enable": true,
        "hidden": false,
        "notice": false,
        "now": true,
        "refresh_intervals": [
            "5s",
            "10s",
            "30s",
            "1m",
            "5m",
            "15m",
            "30m",
            "1h",
            "2h",
            "1d"
        ],
        "status": "Stable",
        "time_options": [
            "5m",
            "15m",
            "1h",
            "6h",
            "12h",
            "24h",
            "2d",
            "7d",
            "30d"
        ],
        "type": "timepicker"
    },
    "timezone": "browser",
    "title": "System Overview",
    "uid": "qyzrQGHmk",
    "version": 1
}
