{
    "annotations": {
        "list": [
            {
                "builtIn": 1,
                "datasource": "-- Grafana --",
                "enable": true,
                "hide": false,
                "iconColor": "#e0752d",
                "limit": 100,
                "name": "PMM Annotations",
                "showIn": 0,
                "tags": [
                    "pmm_annotation"
                ],
                "type": "tags"
            }
        ]
    },
    "editable": true,
    "gnetId": null,
    "graphTooltip": 1,
    "id": null,
    "iteration": 1529322610412,
    "links": [
        {
            "icon": "dashboard",
            "includeVars": true,
            "keepTime": true,
            "tags": [
                "QAN"
            ],
            "targetBlank": false,
            "title": "Query Analytics",
            "type": "link",
            "url": "/graph/dashboard/db/_pmm-query-analytics"
        },
        {
            "asDropdown": true,
            "includeVars": true,
            "keepTime": true,
            "tags": [
                "OS"
            ],
            "targetBlank": false,
            "title": "OS",
            "type": "dashboards"
        },
        {
            "asDropdown": true,
            "includeVars": true,
            "keepTime": true,
            "tags": [
                "MySQL"
            ],
            "targetBlank": false,
            "title": "MySQL",
            "type": "dashboards"
        },
        {
            "asDropdown": true,
            "includeVars": true,
            "keepTime": true,
            "tags": [
                "MongoDB"
            ],
            "targetBlank": false,
            "title": "MongoDB",
            "type": "dashboards"
        },
        {
            "asDropdown": true,
            "includeVars": true,
            "keepTime": true,
            "tags": [
                "HA"
            ],
            "targetBlank": false,
            "title": "HA",
            "type": "dashboards"
        },
        {
            "asDropdown": true,
            "includeVars": true,
            "keepTime": true,
            "tags": [
                "Cloud"
            ],
            "targetBlank": false,
            "title": "Cloud",
            "type": "dashboards"
        },
        {
            "asDropdown": true,
            "includeVars": true,
            "keepTime": true,
            "tags": [
                "Insight"
            ],
            "targetBlank": false,
            "title": "Insight",
            "type": "dashboards"
        },
        {
            "asDropdown": true,
            "includeVars": true,
            "keepTime": true,
            "tags": [
                "PMM"
            ],
            "targetBlank": false,
            "title": "PMM",
            "type": "dashboards"
        }
    ],
    "panels": [
        {
            "collapsed": false,
            "gridPos": {
                "h": 1,
                "w": 24,
                "x": 0,
                "y": 0
            },
            "id": 39,
            "panels": [],
            "repeat": null,
            "title": "System Stats",
            "type": "row"
        },
        {
            "aliasColors": {},
            "bars": false,
            "dashLength": 10,
            "dashes": false,
            "datasource": "Prometheus",
            "decimals": null,
            "editable": true,
            "error": false,
            "fill": 2,
            "grid": {},
            "gridPos": {
                "h": 7,
                "w": 24,
                "x": 0,
                "y": 1
            },
            "height": "",
            "id": 2,
            "legend": {
                "alignAsTable": true,
                "avg": true,
                "current": false,
                "hideEmpty": false,
                "hideZero": true,
                "max": true,
                "min": true,
                "rightSide": true,
                "show": true,
                "total": false,
                "values": true
            },
            "lines": true,
            "linewidth": 2,
            "links": [],
            "nullPointMode": "null",
            "percentage": false,
            "pointradius": 5,
            "points": false,
            "renderer": "flot",
            "seriesOverrides": [],
            "spaceLength": 10,
            "stack": false,
            "steppedLine": false,
            "targets": [
                {
                    "calculatedInterval": "2s",
                    "datasourceErrors": {},
                    "errors": {},
                    "expr": "avg by (instance) ((sum by (mode) (\n(clamp_max(rate(node_cpu{instance=\"$host\",mode!=\"idle\"}[$interval]),1)) or \n(clamp_max(irate(node_cpu{instance=\"$host\",mode!=\"idle\"}[5m]),1)) ))*100 \nor (sum by (mode) (\nclamp_max(((max_over_time(node_cpu_average{instance=\"$host\", mode!=\"idle\"}[$interval]) or \nmax_over_time(node_cpu_average{instance=\"$host\", mode!=\"idle\"}[5m]))),100))))",
                    "format": "time_series",
                    "hide": false,
                    "interval": "$interval",
                    "intervalFactor": 1,
                    "legendFormat": "Busy State",
                    "metric": "",
                    "refId": "A",
                    "step": 300
                },
                {
                    "calculatedInterval": "2s",
                    "datasourceErrors": {},
                    "errors": {},
                    "expr": "avg by (instance) ((sum by (mode) (\n(clamp_max(rate(node_cpu{instance=\"$host\",mode!=\"idle\"}[$interval] offset 1d),1)) or \n(clamp_max(irate(node_cpu{instance=\"$host\",mode!=\"idle\"}[5m] offset 1d),1)) ))*100 \nor (sum by (mode) (\nclamp_max(((max_over_time(node_cpu_average{instance=\"$host\", mode!=\"idle\"}[$interval] offset 1d) or \nmax_over_time(node_cpu_average{instance=\"$host\", mode!=\"idle\"}[5m] offset 1d))),100))))",
                    "format": "time_series",
                    "hide": false,
                    "interval": "$interval",
                    "intervalFactor": 1,
                    "legendFormat": "Busy State 1d ago",
                    "metric": "",
                    "refId": "B",
                    "step": 300
                },
                {
                    "calculatedInterval": "2s",
                    "datasourceErrors": {},
                    "errors": {},
                    "expr": "avg by (instance) ((sum by (mode) (\n(clamp_max(rate(node_cpu{instance=\"$host\",mode!=\"idle\"}[$interval] offset 1w),1)) or \n(clamp_max(irate(node_cpu{instance=\"$host\",mode!=\"idle\"}[5m] offset 1w),1)) ))*100 \nor (sum by (mode) (\nclamp_max(((max_over_time(node_cpu_average{instance=\"$host\", mode!=\"idle\"}[$interval] offset 1w) or \nmax_over_time(node_cpu_average{instance=\"$host\", mode!=\"idle\"}[5m] offset 1w))),100))))",
                    "format": "time_series",
                    "hide": false,
                    "interval": "$interval",
                    "intervalFactor": 1,
                    "legendFormat": "Busy State 1w ago",
                    "metric": "",
                    "refId": "C",
                    "step": 300
                }
            ],
            "thresholds": [],
            "timeFrom": null,
            "timeShift": null,
            "title": "CPU Usage",
            "tooltip": {
                "msResolution": false,
                "shared": true,
                "sort": 0,
                "value_type": "individual"
            },
            "type": "graph",
            "xaxis": {
                "buckets": null,
                "mode": "time",
                "name": null,
                "show": true,
                "values": []
            },
            "yaxes": [
                {
                    "format": "percent",
                    "label": "",
                    "logBase": 1,
                    "max": null,
                    "min": 0,
                    "show": true
                },
                {
                    "format": "short",
                    "logBase": 1,
                    "max": null,
                    "min": 0,
                    "show": true
                }
            ],
            "yaxis": {
                "align": false,
                "alignLevel": null
            }
        },
        {
            "aliasColors": {},
            "bars": false,
            "dashLength": 10,
            "dashes": false,
            "datasource": "Prometheus",
            "decimals": null,
            "editable": true,
            "error": false,
            "fill": 2,
            "grid": {},
            "gridPos": {
                "h": 7,
                "w": 12,
                "x": 0,
                "y": 8
            },
            "id": 37,
            "legend": {
                "alignAsTable": true,
                "avg": true,
                "current": false,
                "hideEmpty": false,
                "max": true,
                "min": true,
                "rightSide": false,
                "show": true,
                "total": false,
                "values": true
            },
            "lines": true,
            "linewidth": 2,
            "links": [],
            "nullPointMode": "null",
            "percentage": false,
            "pointradius": 5,
            "points": false,
            "renderer": "flot",
            "seriesOverrides": [],
            "spaceLength": 10,
            "stack": false,
            "steppedLine": false,
            "targets": [
                {
                    "calculatedInterval": "2s",
                    "datasourceErrors": {},
                    "errors": {},
                    "expr": "rate(node_vmstat_pgpgin{instance=\"$host\"}[$interval]) * 1024 or irate(node_vmstat_pgpgin{instance=\"$host\"}[5m]) * 1024",
                    "format": "time_series",
                    "interval": "$interval",
                    "intervalFactor": 1,
                    "legendFormat": "Page In",
                    "metric": "",
                    "refId": "A",
                    "step": 300,
                    "target": ""
                },
                {
                    "calculatedInterval": "2s",
                    "datasourceErrors": {},
                    "errors": {},
                    "expr": "rate(node_vmstat_pgpgin{instance=\"$host\"}[$interval] offset 1d) * 1024 or irate(node_vmstat_pgpgin{instance=\"$host\"}[5m] offset 1d) * 1024",
                    "format": "time_series",
                    "interval": "$interval",
                    "intervalFactor": 1,
                    "legendFormat": "Page In 1d ago",
                    "metric": "",
                    "refId": "B",
                    "step": 300,
                    "target": ""
                },
                {
                    "calculatedInterval": "2s",
                    "datasourceErrors": {},
                    "errors": {},
                    "expr": "rate(node_vmstat_pgpgin{instance=\"$host\"}[$interval] offset 1w) * 1024 or irate(node_vmstat_pgpgin{instance=\"$host\"}[5m] offset 1w) * 1024",
                    "format": "time_series",
                    "interval": "$interval",
                    "intervalFactor": 1,
                    "legendFormat": "Page In 1w ago",
                    "metric": "",
                    "refId": "C",
                    "step": 300,
                    "target": ""
                }
            ],
            "thresholds": [],
            "timeFrom": null,
            "timeShift": null,
            "title": "I/O Read Activity",
            "tooltip": {
                "msResolution": false,
                "shared": true,
                "sort": 0,
                "value_type": "individual"
            },
            "transparent": false,
            "type": "graph",
            "xaxis": {
                "buckets": null,
                "mode": "time",
                "name": null,
                "show": true,
                "values": []
            },
            "yaxes": [
                {
                    "format": "Bps",
                    "label": "",
                    "logBase": 1,
                    "max": null,
                    "min": 0,
                    "show": true
                },
                {
                    "format": "bytes",
                    "logBase": 1,
                    "max": null,
                    "min": 0,
                    "show": true
                }
            ],
            "yaxis": {
                "align": false,
                "alignLevel": null
            }
        },
        {
            "aliasColors": {},
            "bars": false,
            "dashLength": 10,
            "dashes": false,
            "datasource": "Prometheus",
            "decimals": null,
            "editable": true,
            "error": false,
            "fill": 2,
            "grid": {},
            "gridPos": {
                "h": 7,
                "w": 12,
                "x": 12,
                "y": 8
            },
            "id": 38,
            "legend": {
                "alignAsTable": true,
                "avg": true,
                "current": false,
                "hideEmpty": false,
                "max": true,
                "min": true,
                "rightSide": false,
                "show": true,
                "total": false,
                "values": true
            },
            "lines": true,
            "linewidth": 2,
            "links": [],
            "nullPointMode": "null",
            "percentage": false,
            "pointradius": 5,
            "points": false,
            "renderer": "flot",
            "seriesOverrides": [],
            "spaceLength": 10,
            "stack": false,
            "steppedLine": false,
            "targets": [
                {
                    "calculatedInterval": "2s",
                    "datasourceErrors": {},
                    "errors": {},
                    "expr": "rate(node_vmstat_pgpgout{instance=\"$host\"}[$interval]) * 1024 or irate(node_vmstat_pgpgout{instance=\"$host\"}[5m]) * 1024",
                    "format": "time_series",
                    "interval": "$interval",
                    "intervalFactor": 1,
                    "legendFormat": "Page Out",
                    "metric": "",
                    "refId": "B",
                    "step": 300,
                    "target": ""
                },
                {
                    "calculatedInterval": "2s",
                    "datasourceErrors": {},
                    "errors": {},
                    "expr": "rate(node_vmstat_pgpgout{instance=\"$host\"}[$interval] offset 1d) * 1024 or irate(node_vmstat_pgpgout{instance=\"$host\"}[5m] offset 1d) * 1024",
                    "format": "time_series",
                    "interval": "$interval",
                    "intervalFactor": 1,
                    "legendFormat": "Page Out 1d ago",
                    "metric": "",
                    "refId": "A",
                    "step": 300,
                    "target": ""
                },
                {
                    "calculatedInterval": "2s",
                    "datasourceErrors": {},
                    "errors": {},
                    "expr": "rate(node_vmstat_pgpgout{instance=\"$host\"}[$interval] offset 1w) * 1024 or irate(node_vmstat_pgpgout{instance=\"$host\"}[5m] offset 1w) * 1024",
                    "format": "time_series",
                    "interval": "$interval",
                    "intervalFactor": 1,
                    "legendFormat": "Page Out 1w ago",
                    "metric": "",
                    "refId": "C",
                    "step": 300,
                    "target": ""
                }
            ],
            "thresholds": [],
            "timeFrom": null,
            "timeShift": null,
            "title": "I/O Write Activity",
            "tooltip": {
                "msResolution": false,
                "shared": true,
                "sort": 0,
                "value_type": "individual"
            },
            "transparent": false,
            "type": "graph",
            "xaxis": {
                "buckets": null,
                "mode": "time",
                "name": null,
                "show": true,
                "values": []
            },
            "yaxes": [
                {
                    "format": "Bps",
                    "label": "",
                    "logBase": 1,
                    "max": null,
                    "min": 0,
                    "show": true
                },
                {
                    "format": "bytes",
                    "logBase": 1,
                    "max": null,
                    "min": 0,
                    "show": true
                }
            ],
            "yaxis": {
                "align": false,
                "alignLevel": null
            }
        },
        {
            "collapsed": false,
            "gridPos": {
                "h": 1,
                "w": 24,
                "x": 0,
                "y": 15
            },
            "id": 40,
            "panels": [],
            "repeat": null,
            "title": "MySQL Stats",
            "type": "row"
        },
        {
            "aliasColors": {},
            "bars": false,
            "dashLength": 10,
            "dashes": false,
            "datasource": "Prometheus",
            "decimals": null,
            "editable": true,
            "error": false,
            "fill": 2,
            "grid": {},
            "gridPos": {
                "h": 7,
                "w": 24,
                "x": 0,
                "y": 16
            },
            "id": 35,
            "legend": {
                "alignAsTable": true,
                "avg": true,
                "current": false,
                "max": true,
                "min": true,
                "rightSide": false,
                "show": true,
                "total": false,
                "values": true
            },
            "lines": true,
            "linewidth": 2,
            "links": [],
            "nullPointMode": "null",
            "percentage": false,
            "pointradius": 5,
            "points": false,
            "renderer": "flot",
            "seriesOverrides": [],
            "spaceLength": 10,
            "stack": false,
            "steppedLine": false,
            "targets": [
                {
                    "calculatedInterval": "2m",
                    "datasourceErrors": {},
                    "errors": {},
                    "expr": "rate(mysql_global_status_questions{instance=\"$host\"}[$interval]) or irate(mysql_global_status_questions{instance=\"$host\"}[5m])",
                    "interval": "$interval",
                    "intervalFactor": 1,
                    "legendFormat": "Questions",
                    "metric": "",
                    "refId": "A",
                    "step": 300
                },
                {
                    "calculatedInterval": "2m",
                    "datasourceErrors": {},
                    "errors": {},
                    "expr": "rate(mysql_global_status_questions{instance=\"$host\"}[$interval] offset 1d) or irate(mysql_global_status_questions{instance=\"$host\"}[5m] offset 1d)",
                    "interval": "$interval",
                    "intervalFactor": 1,
                    "legendFormat": "Questions 1d ago",
                    "metric": "",
                    "refId": "B",
                    "step": 300
                },
                {
                    "calculatedInterval": "2m",
                    "datasourceErrors": {},
                    "errors": {},
                    "expr": "rate(mysql_global_status_questions{instance=\"$host\"}[$interval] offset 1w) or irate(mysql_global_status_questions{instance=\"$host\"}[5m] offset 1w)",
                    "interval": "$interval",
                    "intervalFactor": 1,
                    "legendFormat": "Questions 1w ago",
                    "metric": "",
                    "refId": "C",
                    "step": 300
                }
            ],
            "thresholds": [],
            "timeFrom": null,
            "timeShift": null,
            "title": "MySQL Questions",
            "tooltip": {
                "msResolution": false,
                "shared": true,
                "sort": 0,
                "value_type": "individual"
            },
            "type": "graph",
            "xaxis": {
                "buckets": null,
                "mode": "time",
                "name": null,
                "show": true,
                "values": []
            },
            "yaxes": [
                {
                    "format": "short",
                    "logBase": 1,
                    "max": null,
                    "min": 0,
                    "show": true
                },
                {
                    "format": "short",
                    "logBase": 1,
                    "max": null,
                    "min": 0,
                    "show": true
                }
            ],
            "yaxis": {
                "align": false,
                "alignLevel": null
            }
        },
        {
            "aliasColors": {},
            "bars": false,
            "dashLength": 10,
            "dashes": false,
            "datasource": "Prometheus",
            "decimals": null,
            "editable": true,
            "error": false,
            "fill": 2,
            "grid": {},
            "gridPos": {
                "h": 7,
                "w": 12,
                "x": 0,
                "y": 23
            },
            "id": 34,
            "legend": {
                "alignAsTable": true,
                "avg": true,
                "current": false,
                "max": true,
                "min": true,
                "rightSide": false,
                "show": true,
                "total": false,
                "values": true
            },
            "lines": true,
            "linewidth": 2,
            "links": [],
            "nullPointMode": "null",
            "percentage": false,
            "pointradius": 5,
            "points": false,
            "renderer": "flot",
            "seriesOverrides": [],
            "spaceLength": 10,
            "stack": false,
            "steppedLine": false,
            "targets": [
                {
                    "calculatedInterval": "2m",
                    "datasourceErrors": {},
                    "errors": {},
                    "expr": "rate(mysql_global_status_innodb_row_ops_total{instance=\"$host\", operation=\"read\"}[$interval]) or irate(mysql_global_status_innodb_row_ops_total{instance=\"$host\", operation=\"read\"}[5m])",
                    "interval": "$interval",
                    "intervalFactor": 1,
                    "legendFormat": "Rows {{ operation }}",
                    "metric": "",
                    "refId": "A",
                    "step": 300
                },
                {
                    "calculatedInterval": "2m",
                    "datasourceErrors": {},
                    "errors": {},
                    "expr": "rate(mysql_global_status_innodb_row_ops_total{instance=\"$host\", operation=\"read\"}[$interval] offset 1d) or irate(mysql_global_status_innodb_row_ops_total{instance=\"$host\", operation=\"read\"}[5m] offset 1d)",
                    "interval": "$interval",
                    "intervalFactor": 1,
                    "legendFormat": "Rows {{ operation }} 1d ago",
                    "metric": "",
                    "refId": "B",
                    "step": 300
                },
                {
                    "calculatedInterval": "2m",
                    "datasourceErrors": {},
                    "errors": {},
                    "expr": "rate(mysql_global_status_innodb_row_ops_total{instance=\"$host\", operation=\"read\"}[$interval] offset 1w) or irate(mysql_global_status_innodb_row_ops_total{instance=\"$host\", operation=\"read\"}[5m] offset 1w)",
                    "interval": "$interval",
                    "intervalFactor": 1,
                    "legendFormat": "Rows {{ operation }} 1w ago",
                    "metric": "",
                    "refId": "C",
                    "step": 300
                }
            ],
            "thresholds": [],
            "timeFrom": null,
            "timeShift": null,
            "title": "InnoDB Rows Read",
            "tooltip": {
                "msResolution": false,
                "shared": true,
                "sort": 0,
                "value_type": "individual"
            },
            "type": "graph",
            "xaxis": {
                "buckets": null,
                "mode": "time",
                "name": null,
                "show": true,
                "values": []
            },
            "yaxes": [
                {
                    "format": "short",
                    "logBase": 1,
                    "max": null,
                    "min": 0,
                    "show": true
                },
                {
                    "format": "short",
                    "logBase": 1,
                    "max": null,
                    "min": 0,
                    "show": true
                }
            ],
            "yaxis": {
                "align": false,
                "alignLevel": null
            }
        },
        {
            "aliasColors": {},
            "bars": false,
            "dashLength": 10,
            "dashes": false,
            "datasource": "Prometheus",
            "decimals": null,
            "editable": true,
            "error": false,
            "fill": 2,
            "grid": {},
            "gridPos": {
                "h": 7,
                "w": 12,
                "x": 12,
                "y": 23
            },
            "id": 36,
            "legend": {
                "alignAsTable": true,
                "avg": true,
                "current": false,
                "max": true,
                "min": true,
                "rightSide": false,
                "show": true,
                "total": false,
                "values": true
            },
            "lines": true,
            "linewidth": 2,
            "links": [],
            "nullPointMode": "null",
            "percentage": false,
            "pointradius": 5,
            "points": false,
            "renderer": "flot",
            "seriesOverrides": [],
            "spaceLength": 10,
            "stack": false,
            "steppedLine": false,
            "targets": [
                {
                    "calculatedInterval": "2m",
                    "datasourceErrors": {},
                    "errors": {},
                    "expr": "sum(rate(mysql_global_status_innodb_row_ops_total{instance=\"$host\", operation!=\"read\"}[$interval])) or sum(irate(mysql_global_status_innodb_row_ops_total{instance=\"$host\", operation!=\"read\"}[5m]))",
                    "interval": "$interval",
                    "intervalFactor": 1,
                    "legendFormat": "Rows inserted+updated+deleted",
                    "metric": "",
                    "refId": "A",
                    "step": 300
                },
                {
                    "calculatedInterval": "2m",
                    "datasourceErrors": {},
                    "errors": {},
                    "expr": "sum(rate(mysql_global_status_innodb_row_ops_total{instance=\"$host\", operation!=\"read\"}[$interval] offset 1d)) or sum(irate(mysql_global_status_innodb_row_ops_total{instance=\"$host\", operation!=\"read\"}[5m] offset 1d))",
                    "interval": "$interval",
                    "intervalFactor": 1,
                    "legendFormat": "Rows inserted+updated+deleted 1d ago",
                    "metric": "",
                    "refId": "B",
                    "step": 300
                },
                {
                    "calculatedInterval": "2m",
                    "datasourceErrors": {},
                    "errors": {},
                    "expr": "sum(rate(mysql_global_status_innodb_row_ops_total{instance=\"$host\", operation!=\"read\"}[$interval] offset 1w)) or sum(irate(mysql_global_status_innodb_row_ops_total{instance=\"$host\", operation!=\"read\"}[5m] offset 1w))",
                    "interval": "$interval",
                    "intervalFactor": 1,
                    "legendFormat": "Rows inserted+updated+deleted 1w ago",
                    "metric": "",
                    "refId": "C",
                    "step": 300
                }
            ],
            "thresholds": [],
            "timeFrom": null,
            "timeShift": null,
            "title": "InnoDB Rows Changed",
            "tooltip": {
                "msResolution": false,
                "shared": true,
                "sort": 0,
                "value_type": "individual"
            },
            "type": "graph",
            "xaxis": {
                "buckets": null,
                "mode": "time",
                "name": null,
                "show": true,
                "values": []
            },
            "yaxes": [
                {
                    "format": "short",
                    "logBase": 1,
                    "max": null,
                    "min": 0,
                    "show": true
                },
                {
                    "format": "short",
                    "logBase": 1,
                    "max": null,
                    "min": 0,
                    "show": true
                }
            ],
            "yaxis": {
                "align": false,
                "alignLevel": null
            }
        }
    ],
    "refresh": "1m",
    "schemaVersion": 16,
    "style": "dark",
    "tags": [
        "Percona",
        "Insight"
    ],
    "templating": {
        "list": [
            {
                "allFormat": "glob",
                "auto": true,
                "auto_count": 200,
                "auto_min": "1s",
                "current": {
                    "text": "auto",
                    "value": "$__auto_interval_interval"
                },
                "datasource": "Prometheus",
                "hide": 0,
                "includeAll": false,
                "label": "Interval",
                "multi": false,
                "multiFormat": "glob",
                "name": "interval",
                "options": [
                    {
                        "selected": true,
                        "text": "auto",
                        "value": "$__auto_interval_interval"
                    },
                    {
                        "selected": false,
                        "text": "1s",
                        "value": "1s"
                    },
                    {
                        "selected": false,
                        "text": "5s",
                        "value": "5s"
                    },
                    {
                        "selected": false,
                        "text": "1m",
                        "value": "1m"
                    },
                    {
                        "selected": false,
                        "text": "5m",
                        "value": "5m"
                    },
                    {
                        "selected": false,
                        "text": "1h",
                        "value": "1h"
                    },
                    {
                        "selected": false,
                        "text": "6h",
                        "value": "6h"
                    },
                    {
                        "selected": false,
                        "text": "1d",
                        "value": "1d"
                    }
                ],
                "query": "1s,5s,1m,5m,1h,6h,1d",
                "refresh": 2,
                "type": "interval"
            },
            {
                "allFormat": "glob",
                "allValue": null,
                "current": {},
                "datasource": "Prometheus",
                "hide": 0,
                "includeAll": false,
                "label": "Host",
                "multi": false,
                "multiFormat": "regex values",
                "name": "host",
                "options": [],
                "query": "label_values(node_load1, instance)",
                "refresh": 1,
                "refresh_on_load": false,
                "regex": "",
                "sort": 1,
                "tagValuesQuery": "instance",
                "tags": [],
                "tagsQuery": "up",
                "type": "query",
                "useTags": false
            }
        ]
    },
    "time": {
        "from": "now-12h",
        "to": "now"
    },
    "timepicker": {
        "collapse": false,
        "enable": true,
        "hidden": false,
        "notice": false,
        "now": true,
        "refresh_intervals": [
            "5s",
            "10s",
            "30s",
            "1m",
            "5m",
            "15m",
            "30m",
            "1h",
            "2h",
            "1d"
        ],
        "status": "Stable",
        "time_options": [
            "5m",
            "15m",
            "1h",
            "6h",
            "12h",
            "24h",
            "2d",
            "7d",
            "30d"
        ],
        "type": "timepicker"
    },
    "timezone": "browser",
    "title": "Trends Dashboard",
    "uid": "wjZRrTiiz",
    "version": 1
}
