{
  "type": "app",
  "name": "PMM",
  "id": "pmm-app",

  "info": {
    "description": "Percona Management and Monitoring dashboards",
    "author": {
      "name": "Percona"
    },
    "keywords": ["percona", "query analytics", "pmm", "qan"],
    "links": [
      {"name": "Project site", "url": "https://github.com/percona/qan-app"},
      {"name": "AGPL-3 License",  "url": "https://github.com/percona/qan-app/blob/master/LICENSE"}
    ],
    "logos": {
      "small": "img/pmm-logo.png",
      "large": "img/pmm-logo.png"
    },
    "version": "1.0.3",
    "updated": "2018-02-02"
  },
  "includes": [
    {"type": "dashboard", "name": "pmm-qan", "path": "dashboards/pmm-qan.json"},
    {"type": "panel", "name": "pmm-qan-app-panel"},
    {"type": "dashboard", "name": "pmm-qan", "path": "dashboards/pmm-settings.json"},
    {"type": "panel", "name": "pmm-qan-settings-app-panel"},
    {"type": "dashboard", "name": "pmm-summary", "path": "dashboards/pmm-summary.json"},
    {"type": "panel", "name": "pmm-system-summary-app-panel"},
    {"type": "dashboard", "name": "pmm-add-instance", "path": "dashboards/pmm-add-instance.json"},
    {"type": "panel", "name": "pmm-add-instance-app-panel"},
    {"type": "dashboard", "name": "Home Dashboard", "path": "dashboards/Home_Dashboard.json"},
    {"type": "dashboard", "name": "MySQL_InnoDB_Compression", "path": "dashboards/MySQL_InnoDB_Compression.json"},
    {"type": "dashboard", "name": "MySQL_Command_Handler_Counters_Compare", "path": "dashboards/MySQL_Command_Handler_Counters_Compare.json"},
    {"type": "dashboard", "name": "Prometheus_Exporter_Status", "path": "dashboards/Prometheus_Exporter_Status.json"},
    {"type": "dashboard", "name": "Summary_Dashboard", "path": "dashboards/Summary_Dashboard.json"},
    {"type": "dashboard", "name": "MySQL_Amazon_Aurora_Metrics", "path": "dashboards/MySQL_Amazon_Aurora_Metrics.json"},
    {"type": "dashboard", "name": "Advanced_Data_Exploration", "path": "dashboards/Advanced_Data_Exploration.json"},
    {"type": "dashboard", "name": "MongoDB_MMAPv1", "path": "dashboards/MongoDB_MMAPv1.json"},
    {"type": "dashboard", "name": "PXC_Galera_Graphs", "path": "dashboards/PXC_Galera_Graphs.json"},
    {"type": "dashboard", "name": "Disk_Space", "path": "dashboards/Disk_Space.json"},
    {"type": "dashboard", "name": "MySQL_MyRocks_Metrics", "path": "dashboards/MySQL_MyRocks_Metrics.json"},
    {"type": "dashboard", "name": "MySQL_Query_Response_Time", "path": "dashboards/MySQL_Query_Response_Time.json"},
    {"type": "dashboard", "name": "MySQL_InnoDB_Metrics_Advanced", "path": "dashboards/MySQL_InnoDB_Metrics_Advanced.json"},
    {"type": "dashboard", "name": "Disk_Performance", "path": "dashboards/Disk_Performance.json"},
    {"type": "dashboard", "name": "MySQL_Overview", "path": "dashboards/MySQL_Overview.json"},
    {"type": "dashboard", "name": "ProxySQL_Overview", "path": "dashboards/ProxySQL_Overview.json"},
    {"type": "dashboard", "name": "Prometheus_Exporters_Overview", "path": "dashboards/Prometheus_Exporters_Overview.json"},
    {"type": "dashboard", "name": "MongoDB_WiredTiger", "path": "dashboards/MongoDB_WiredTiger.json"},
    {"type": "dashboard", "name": "Prometheus", "path": "dashboards/Prometheus.json"},
    {"type": "dashboard", "name": "MySQL_Performance_Schema", "path": "dashboards/MySQL_Performance_Schema.json"},
    {"type": "dashboard", "name": "MongoDB_Overview", "path": "dashboards/MongoDB_Overview.json"},
    {"type": "dashboard", "name": "MongoDB_InMemory", "path": "dashboards/MongoDB_InMemory.json"},
    {"type": "dashboard", "name": "MySQL_User_Statistics", "path": "dashboards/MySQL_User_Statistics.json"},
    {"type": "dashboard", "name": "CPU_Utilization_Details_Cores", "path": "dashboards/CPU_Utilization_Details_Cores.json"},
    {"type": "dashboard", "name": "Trends_Dashboard", "path": "dashboards/Trends_Dashboard.json"},
    {"type": "dashboard", "name": "System_Overview", "path": "dashboards/System_Overview.json"},
    {"type": "dashboard", "name": "Amazon_RDS___Aurora_MySQL__Metrics", "path": "dashboards/Amazon_RDS___Aurora_MySQL__Metrics.json"},
    {"type": "dashboard", "name": "MySQL_MyISAM_Aria_Metrics", "path": "dashboards/MySQL_MyISAM_Aria_Metrics.json"},
    {"type": "dashboard", "name": "Cross_Server_Graphs", "path": "dashboards/Cross_Server_Graphs.json"},
    {"type": "dashboard", "name": "MongoDB_RocksDB", "path": "dashboards/MongoDB_RocksDB.json"},
    {"type": "dashboard", "name": "MongoDB_ReplSet", "path": "dashboards/MongoDB_ReplSet.json"},
    {"type": "dashboard", "name": "PXC_Galera_Cluster_Overview", "path": "dashboards/PXC_Galera_Cluster_Overview.json"},
    {"type": "dashboard", "name": "MySQL_TokuDB_Metrics", "path": "dashboards/MySQL_TokuDB_Metrics.json"},
    {"type": "dashboard", "name": "MySQL_InnoDB_Metrics", "path": "dashboards/MySQL_InnoDB_Metrics.json"},
    {"type": "dashboard", "name": "MongoDB_Cluster_Summary", "path": "dashboards/MongoDB_Cluster_Summary.json"},
    {"type": "dashboard", "name": "MySQL_Table_Statistics", "path": "dashboards/MySQL_Table_Statistics.json"},
    {"type": "dashboard", "name": "MySQL_Replication", "path": "dashboards/MySQL_Replication.json"}
  ],

  "dependencies": {
    "grafanaVersion": "4.x.x",
    "plugins": [ ]
  }
}
